2026-03-26T16:01:33.400+04:00  INFO 3392 --- [main] .d.g.GameRecommendationSystemApplication : Starting GameRecommendationSystemApplication using Java 17.0.12 with PID 3392 (D:\diplome\code\game-recommendation\target\classes started by User in D:\diplome\code\game-recommendation)
2026-03-26T16:01:33.474+04:00 DEBUG 3392 --- [main] .d.g.GameRecommendationSystemApplication : Running with Spring Boot v4.0.2, Spring v7.0.3
2026-03-26T16:01:33.594+04:00  INFO 3392 --- [main] .d.g.GameRecommendationSystemApplication : No active profile set, falling back to 1 default profile: "default"
2026-03-26T16:01:36.574+04:00  INFO 3392 --- [main] .s.d.r.c.RepositoryConfigurationDelegate : Bootstrapping Spring Data JPA repositories in DEFAULT mode.
2026-03-26T16:01:37.014+04:00  INFO 3392 --- [main] .s.d.r.c.RepositoryConfigurationDelegate : Finished Spring Data repository scanning in 413 ms. Found 8 JPA repository interfaces.
2026-03-26T16:01:38.476+04:00  INFO 3392 --- [main] o.s.boot.tomcat.TomcatWebServer          : Tomcat initialized with port 8080 (http)
2026-03-26T16:01:38.504+04:00  INFO 3392 --- [main] o.apache.catalina.core.StandardService   : Starting service [Tomcat]
2026-03-26T16:01:38.505+04:00  INFO 3392 --- [main] o.apache.catalina.core.StandardEngine    : Starting Servlet engine: [Apache Tomcat/11.0.15]
2026-03-26T16:01:38.666+04:00  INFO 3392 --- [main] b.w.c.s.WebApplicationContextInitializer : Root WebApplicationContext: initialization completed in 4735 ms
2026-03-26T16:01:39.113+04:00  INFO 3392 --- [main] org.hibernate.orm.jpa                    : HHH008540: Processing PersistenceUnitInfo [name: default]
2026-03-26T16:01:39.246+04:00  INFO 3392 --- [main] org.hibernate.orm.core                   : HHH000001: Hibernate ORM core version 7.2.1.Final
2026-03-26T16:01:40.373+04:00  INFO 3392 --- [main] o.s.o.j.p.SpringPersistenceUnitInfo      : No LoadTimeWeaver setup: ignoring JPA class transformer
2026-03-26T16:01:40.456+04:00  INFO 3392 --- [main] com.zaxxer.hikari.HikariDataSource       : HikariPool-1 - Starting...
2026-03-26T16:01:41.128+04:00  INFO 3392 --- [main] com.zaxxer.hikari.pool.HikariPool        : HikariPool-1 - Added connection org.postgresql.jdbc.PgConnection@4d0b276e
2026-03-26T16:01:41.134+04:00  INFO 3392 --- [main] com.zaxxer.hikari.HikariDataSource       : HikariPool-1 - Start completed.
2026-03-26T16:01:41.547+04:00  INFO 3392 --- [main] org.hibernate.orm.connections.pooling    : HHH10001005: Database info:
	Database JDBC URL [jdbc:postgresql://127.0.0.1:5432/game_recommendation]
	Database driver: PostgreSQL JDBC Driver
	Database dialect: PostgreSQLDialect
	Database version: 16.4
	Default catalog/schema: game_recommendation/public
	Autocommit mode: undefined/unknown
	Isolation level: READ_COMMITTED [default READ_COMMITTED]
	JDBC fetch size: none
	Pool: DataSourceConnectionProvider
	Minimum pool size: undefined/unknown
	Maximum pool size: undefined/unknown
2026-03-26T16:01:42.933+04:00  WARN 3392 --- [main] org.hibernate.orm.core                   : HHH000038: Composite id class does not override equals(): com.diplome.game_recommendation.models.GameTagId
2026-03-26T16:01:43.967+04:00  INFO 3392 --- [main] org.hibernate.orm.core                   : HHH000182: No default (no-argument) constructor for class [com.diplome.game_recommendation.models.RecommendationSession] (class must be instantiated by Interceptor)
2026-03-26T16:01:43.993+04:00  INFO 3392 --- [main] org.hibernate.orm.core                   : HHH000182: No default (no-argument) constructor for class [com.diplome.game_recommendation.models.RecommendationItems] (class must be instantiated by Interceptor)
2026-03-26T16:01:44.435+04:00  INFO 3392 --- [main] org.hibernate.orm.core                   : HHH000489: No JTA platform available (set 'hibernate.transaction.jta.platform' to enable JTA platform integration)
2026-03-26T16:01:44.692+04:00  INFO 3392 --- [main] j.LocalContainerEntityManagerFactoryBean : Initialized JPA EntityManagerFactory for persistence unit 'default'
2026-03-26T16:01:44.841+04:00  INFO 3392 --- [main] o.s.d.j.r.query.QueryEnhancerFactories   : Hibernate is in classpath; If applicable, HQL parser will be used.
2026-03-26T16:01:50.056+04:00  WARN 3392 --- [main] JpaBaseConfiguration$JpaWebConfiguration : spring.jpa.open-in-view is enabled by default. Therefore, database queries may be performed during view rendering. Explicitly configure spring.jpa.open-in-view to disable this warning
2026-03-26T16:01:50.112+04:00  WARN 3392 --- [main] .s.a.UserDetailsServiceAutoConfiguration : 

Using generated security password: 9765dd2b-b36d-40cb-99a9-23b0f25eef2c

This generated password is for development use only. Your security configuration must be updated before running your application in production.

2026-03-26T16:01:50.132+04:00  INFO 3392 --- [main] r$InitializeUserDetailsManagerConfigurer : Global AuthenticationManager configured with UserDetailsService bean with name inMemoryUserDetailsManager
2026-03-26T16:01:50.956+04:00  INFO 3392 --- [main] hedulerFactoryBean$LocalSchedulerFactory : Using default implementation for ThreadExecutor
2026-03-26T16:01:50.995+04:00  INFO 3392 --- [main] org.quartz.core.SchedulerSignalerImpl    : Initialized Scheduler Signaller of type: class org.quartz.core.SchedulerSignalerImpl
2026-03-26T16:01:50.996+04:00  INFO 3392 --- [main] org.quartz.core.QuartzScheduler          : Quartz Scheduler v2.5.2 created.
2026-03-26T16:01:51.000+04:00  INFO 3392 --- [main] org.quartz.simpl.RAMJobStore             : RAMJobStore initialized.
2026-03-26T16:01:51.005+04:00  INFO 3392 --- [main] org.quartz.core.QuartzScheduler          : Scheduler meta-data: Quartz Scheduler (v2.5.2) 'quartzScheduler' with instanceId 'NON_CLUSTERED'
  Scheduler class: 'org.quartz.core.QuartzScheduler' - running locally.
  NOT STARTED.
  Currently in standby mode.
  Number of jobs executed: 0
  Using thread pool 'org.quartz.simpl.SimpleThreadPool' - with 10 threads.
  Using job-store 'org.quartz.simpl.RAMJobStore' - which does not support persistence. and is not clustered.

2026-03-26T16:01:51.008+04:00  INFO 3392 --- [main] hedulerFactoryBean$LocalSchedulerFactory : Quartz scheduler 'quartzScheduler' initialized from an externally provided properties instance.
2026-03-26T16:01:51.010+04:00  INFO 3392 --- [main] hedulerFactoryBean$LocalSchedulerFactory : Quartz scheduler version: 2.5.2
2026-03-26T16:01:51.012+04:00  INFO 3392 --- [main] org.quartz.core.QuartzScheduler          : JobFactory set to: org.springframework.scheduling.quartz.SpringBeanJobFactory@2ebff011
2026-03-26T16:01:51.153+04:00  INFO 3392 --- [main] o.s.boot.tomcat.TomcatWebServer          : Tomcat started on port 8080 (http) with context path '/'
2026-03-26T16:01:51.159+04:00  INFO 3392 --- [main] o.s.s.quartz.SchedulerFactoryBean        : Starting Quartz Scheduler now
2026-03-26T16:01:51.161+04:00  INFO 3392 --- [main] org.quartz.core.QuartzScheduler          : Scheduler quartzScheduler_$_NON_CLUSTERED started.
2026-03-26T16:01:51.187+04:00  INFO 3392 --- [main] .d.g.GameRecommendationSystemApplication : Started GameRecommendationSystemApplication in 20.201 seconds (process running for 21.705)
2026-03-26T17:57:59.702+04:00  INFO 856 --- [main] .d.g.GameRecommendationSystemApplication : Starting GameRecommendationSystemApplication using Java 17.0.12 with PID 856 (D:\diplome\code\game-recommendation\target\classes started by User in D:\diplome\code\game-recommendation)
2026-03-26T17:57:59.707+04:00 DEBUG 856 --- [main] .d.g.GameRecommendationSystemApplication : Running with Spring Boot v4.0.2, Spring v7.0.3
2026-03-26T17:57:59.707+04:00  INFO 856 --- [main] .d.g.GameRecommendationSystemApplication : No active profile set, falling back to 1 default profile: "default"
2026-03-26T17:58:01.681+04:00  INFO 856 --- [main] .s.d.r.c.RepositoryConfigurationDelegate : Bootstrapping Spring Data JPA repositories in DEFAULT mode.
2026-03-26T17:58:01.995+04:00  INFO 856 --- [main] .s.d.r.c.RepositoryConfigurationDelegate : Finished Spring Data repository scanning in 296 ms. Found 8 JPA repository interfaces.
2026-03-26T17:58:03.368+04:00  INFO 856 --- [main] o.s.boot.tomcat.TomcatWebServer          : Tomcat initialized with port 8080 (http)
2026-03-26T17:58:03.404+04:00  INFO 856 --- [main] o.apache.catalina.core.StandardService   : Starting service [Tomcat]
2026-03-26T17:58:03.405+04:00  INFO 856 --- [main] o.apache.catalina.core.StandardEngine    : Starting Servlet engine: [Apache Tomcat/11.0.15]
2026-03-26T17:58:03.579+04:00  INFO 856 --- [main] b.w.c.s.WebApplicationContextInitializer : Root WebApplicationContext: initialization completed in 3754 ms
2026-03-26T17:58:03.952+04:00  INFO 856 --- [main] org.hibernate.orm.jpa                    : HHH008540: Processing PersistenceUnitInfo [name: default]
2026-03-26T17:58:04.083+04:00  INFO 856 --- [main] org.hibernate.orm.core                   : HHH000001: Hibernate ORM core version 7.2.1.Final
2026-03-26T17:58:05.063+04:00  INFO 856 --- [main] o.s.o.j.p.SpringPersistenceUnitInfo      : No LoadTimeWeaver setup: ignoring JPA class transformer
2026-03-26T17:58:05.130+04:00  INFO 856 --- [main] com.zaxxer.hikari.HikariDataSource       : HikariPool-1 - Starting...
2026-03-26T17:58:05.640+04:00  INFO 856 --- [main] com.zaxxer.hikari.pool.HikariPool        : HikariPool-1 - Added connection org.postgresql.jdbc.PgConnection@1c79d093
2026-03-26T17:58:05.643+04:00  INFO 856 --- [main] com.zaxxer.hikari.HikariDataSource       : HikariPool-1 - Start completed.
2026-03-26T17:58:05.795+04:00  INFO 856 --- [main] org.hibernate.orm.connections.pooling    : HHH10001005: Database info:
	Database JDBC URL [jdbc:postgresql://127.0.0.1:5432/game_recommendation]
	Database driver: PostgreSQL JDBC Driver
	Database dialect: PostgreSQLDialect
	Database version: 16.4
	Default catalog/schema: game_recommendation/public
	Autocommit mode: undefined/unknown
	Isolation level: READ_COMMITTED [default READ_COMMITTED]
	JDBC fetch size: none
	Pool: DataSourceConnectionProvider
	Minimum pool size: undefined/unknown
	Maximum pool size: undefined/unknown
2026-03-26T17:58:06.995+04:00  WARN 856 --- [main] org.hibernate.orm.core                   : HHH000038: Composite id class does not override equals(): com.diplome.game_recommendation.models.GameTagId
2026-03-26T17:58:07.811+04:00  INFO 856 --- [main] org.hibernate.orm.core                   : HHH000182: No default (no-argument) constructor for class [com.diplome.game_recommendation.models.RecommendationSession] (class must be instantiated by Interceptor)
2026-03-26T17:58:07.833+04:00  INFO 856 --- [main] org.hibernate.orm.core                   : HHH000182: No default (no-argument) constructor for class [com.diplome.game_recommendation.models.RecommendationItems] (class must be instantiated by Interceptor)
2026-03-26T17:58:08.363+04:00  INFO 856 --- [main] org.hibernate.orm.core                   : HHH000489: No JTA platform available (set 'hibernate.transaction.jta.platform' to enable JTA platform integration)
2026-03-26T17:58:08.537+04:00  INFO 856 --- [main] j.LocalContainerEntityManagerFactoryBean : Initialized JPA EntityManagerFactory for persistence unit 'default'
2026-03-26T17:58:08.677+04:00  INFO 856 --- [main] o.s.d.j.r.query.QueryEnhancerFactories   : Hibernate is in classpath; If applicable, HQL parser will be used.
2026-03-26T17:58:12.719+04:00  WARN 856 --- [main] JpaBaseConfiguration$JpaWebConfiguration : spring.jpa.open-in-view is enabled by default. Therefore, database queries may be performed during view rendering. Explicitly configure spring.jpa.open-in-view to disable this warning
2026-03-26T17:58:12.756+04:00  WARN 856 --- [main] .s.a.UserDetailsServiceAutoConfiguration : 

Using generated security password: fe0d2152-ae6b-4a71-a0a7-3986f78ae7f0

This generated password is for development use only. Your security configuration must be updated before running your application in production.

2026-03-26T17:58:12.807+04:00  INFO 856 --- [main] r$InitializeUserDetailsManagerConfigurer : Global AuthenticationManager configured with UserDetailsService bean with name inMemoryUserDetailsManager
2026-03-26T17:58:13.715+04:00  INFO 856 --- [main] hedulerFactoryBean$LocalSchedulerFactory : Using default implementation for ThreadExecutor
2026-03-26T17:58:13.741+04:00  INFO 856 --- [main] org.quartz.core.SchedulerSignalerImpl    : Initialized Scheduler Signaller of type: class org.quartz.core.SchedulerSignalerImpl
2026-03-26T17:58:13.743+04:00  INFO 856 --- [main] org.quartz.core.QuartzScheduler          : Quartz Scheduler v2.5.2 created.
2026-03-26T17:58:13.745+04:00  INFO 856 --- [main] org.quartz.simpl.RAMJobStore             : RAMJobStore initialized.
2026-03-26T17:58:13.747+04:00  INFO 856 --- [main] org.quartz.core.QuartzScheduler          : Scheduler meta-data: Quartz Scheduler (v2.5.2) 'quartzScheduler' with instanceId 'NON_CLUSTERED'
  Scheduler class: 'org.quartz.core.QuartzScheduler' - running locally.
  NOT STARTED.
  Currently in standby mode.
  Number of jobs executed: 0
  Using thread pool 'org.quartz.simpl.SimpleThreadPool' - with 10 threads.
  Using job-store 'org.quartz.simpl.RAMJobStore' - which does not support persistence. and is not clustered.

2026-03-26T17:58:13.748+04:00  INFO 856 --- [main] hedulerFactoryBean$LocalSchedulerFactory : Quartz scheduler 'quartzScheduler' initialized from an externally provided properties instance.
2026-03-26T17:58:13.749+04:00  INFO 856 --- [main] hedulerFactoryBean$LocalSchedulerFactory : Quartz scheduler version: 2.5.2
2026-03-26T17:58:13.751+04:00  INFO 856 --- [main] org.quartz.core.QuartzScheduler          : JobFactory set to: org.springframework.scheduling.quartz.SpringBeanJobFactory@5b30b332
2026-03-26T17:58:13.832+04:00  INFO 856 --- [main] o.s.boot.tomcat.TomcatWebServer          : Tomcat started on port 8080 (http) with context path '/'
2026-03-26T17:58:13.834+04:00  INFO 856 --- [main] o.s.s.quartz.SchedulerFactoryBean        : Starting Quartz Scheduler now
2026-03-26T17:58:13.835+04:00  INFO 856 --- [main] org.quartz.core.QuartzScheduler          : Scheduler quartzScheduler_$_NON_CLUSTERED started.
2026-03-26T17:58:13.849+04:00  INFO 856 --- [main] .d.g.GameRecommendationSystemApplication : Started GameRecommendationSystemApplication in 14.973 seconds (process running for 16.033)
2026-03-26T17:58:31.178+04:00  INFO 856 --- [http-nio-8080-exec-1] o.a.c.c.C.[Tomcat].[localhost].[/]       : Initializing Spring DispatcherServlet 'dispatcherServlet'
2026-03-26T17:58:31.179+04:00  INFO 856 --- [http-nio-8080-exec-1] o.s.web.servlet.DispatcherServlet        : Initializing Servlet 'dispatcherServlet'
2026-03-26T17:58:31.182+04:00  INFO 856 --- [http-nio-8080-exec-1] o.s.web.servlet.DispatcherServlet        : Completed initialization in 2 ms
2026-03-26T18:03:37.037+04:00  INFO 15388 --- [main] .d.g.GameRecommendationSystemApplication : Starting GameRecommendationSystemApplication using Java 17.0.12 with PID 15388 (D:\diplome\code\game-recommendation\target\classes started by User in D:\diplome\code\game-recommendation)
2026-03-26T18:03:37.049+04:00 DEBUG 15388 --- [main] .d.g.GameRecommendationSystemApplication : Running with Spring Boot v4.0.2, Spring v7.0.3
2026-03-26T18:03:37.052+04:00  INFO 15388 --- [main] .d.g.GameRecommendationSystemApplication : No active profile set, falling back to 1 default profile: "default"
2026-03-26T18:03:38.927+04:00  INFO 15388 --- [main] .s.d.r.c.RepositoryConfigurationDelegate : Bootstrapping Spring Data JPA repositories in DEFAULT mode.
2026-03-26T18:03:39.363+04:00  INFO 15388 --- [main] .s.d.r.c.RepositoryConfigurationDelegate : Finished Spring Data repository scanning in 414 ms. Found 8 JPA repository interfaces.
2026-03-26T18:03:40.778+04:00  INFO 15388 --- [main] o.s.boot.tomcat.TomcatWebServer          : Tomcat initialized with port 8080 (http)
2026-03-26T18:03:40.820+04:00  INFO 15388 --- [main] o.apache.catalina.core.StandardService   : Starting service [Tomcat]
2026-03-26T18:03:40.820+04:00  INFO 15388 --- [main] o.apache.catalina.core.StandardEngine    : Starting Servlet engine: [Apache Tomcat/11.0.15]
2026-03-26T18:03:40.996+04:00  INFO 15388 --- [main] b.w.c.s.WebApplicationContextInitializer : Root WebApplicationContext: initialization completed in 3797 ms
2026-03-26T18:03:41.392+04:00  INFO 15388 --- [main] org.hibernate.orm.jpa                    : HHH008540: Processing PersistenceUnitInfo [name: default]
2026-03-26T18:03:41.549+04:00  INFO 15388 --- [main] org.hibernate.orm.core                   : HHH000001: Hibernate ORM core version 7.2.1.Final
2026-03-26T18:03:42.535+04:00  INFO 15388 --- [main] o.s.o.j.p.SpringPersistenceUnitInfo      : No LoadTimeWeaver setup: ignoring JPA class transformer
2026-03-26T18:03:42.630+04:00  INFO 15388 --- [main] com.zaxxer.hikari.HikariDataSource       : HikariPool-1 - Starting...
2026-03-26T18:03:43.009+04:00  INFO 15388 --- [main] com.zaxxer.hikari.pool.HikariPool        : HikariPool-1 - Added connection org.postgresql.jdbc.PgConnection@1c79d093
2026-03-26T18:03:43.029+04:00  INFO 15388 --- [main] com.zaxxer.hikari.HikariDataSource       : HikariPool-1 - Start completed.
2026-03-26T18:03:43.224+04:00  INFO 15388 --- [main] org.hibernate.orm.connections.pooling    : HHH10001005: Database info:
	Database JDBC URL [jdbc:postgresql://127.0.0.1:5432/game_recommendation]
	Database driver: PostgreSQL JDBC Driver
	Database dialect: PostgreSQLDialect
	Database version: 16.4
	Default catalog/schema: game_recommendation/public
	Autocommit mode: undefined/unknown
	Isolation level: READ_COMMITTED [default READ_COMMITTED]
	JDBC fetch size: none
	Pool: DataSourceConnectionProvider
	Minimum pool size: undefined/unknown
	Maximum pool size: undefined/unknown
2026-03-26T18:03:44.459+04:00  WARN 15388 --- [main] org.hibernate.orm.core                   : HHH000038: Composite id class does not override equals(): com.diplome.game_recommendation.models.GameTagId
2026-03-26T18:03:45.475+04:00  INFO 15388 --- [main] org.hibernate.orm.core                   : HHH000182: No default (no-argument) constructor for class [com.diplome.game_recommendation.models.RecommendationSession] (class must be instantiated by Interceptor)
2026-03-26T18:03:45.491+04:00  INFO 15388 --- [main] org.hibernate.orm.core                   : HHH000182: No default (no-argument) constructor for class [com.diplome.game_recommendation.models.RecommendationItems] (class must be instantiated by Interceptor)
2026-03-26T18:03:45.945+04:00  INFO 15388 --- [main] org.hibernate.orm.core                   : HHH000489: No JTA platform available (set 'hibernate.transaction.jta.platform' to enable JTA platform integration)
2026-03-26T18:03:46.128+04:00  INFO 15388 --- [main] j.LocalContainerEntityManagerFactoryBean : Initialized JPA EntityManagerFactory for persistence unit 'default'
2026-03-26T18:03:46.277+04:00  INFO 15388 --- [main] o.s.d.j.r.query.QueryEnhancerFactories   : Hibernate is in classpath; If applicable, HQL parser will be used.
2026-03-26T18:03:50.838+04:00  WARN 15388 --- [main] JpaBaseConfiguration$JpaWebConfiguration : spring.jpa.open-in-view is enabled by default. Therefore, database queries may be performed during view rendering. Explicitly configure spring.jpa.open-in-view to disable this warning
2026-03-26T18:03:50.892+04:00  WARN 15388 --- [main] .s.a.UserDetailsServiceAutoConfiguration : 

Using generated security password: 8224adb3-c9c7-488d-9417-32cbad0669c3

This generated password is for development use only. Your security configuration must be updated before running your application in production.

2026-03-26T18:03:50.908+04:00  INFO 15388 --- [main] r$InitializeUserDetailsManagerConfigurer : Global AuthenticationManager configured with UserDetailsService bean with name inMemoryUserDetailsManager
2026-03-26T18:03:51.836+04:00  INFO 15388 --- [main] hedulerFactoryBean$LocalSchedulerFactory : Using default implementation for ThreadExecutor
2026-03-26T18:03:51.865+04:00  INFO 15388 --- [main] org.quartz.core.SchedulerSignalerImpl    : Initialized Scheduler Signaller of type: class org.quartz.core.SchedulerSignalerImpl
2026-03-26T18:03:51.866+04:00  INFO 15388 --- [main] org.quartz.core.QuartzScheduler          : Quartz Scheduler v2.5.2 created.
2026-03-26T18:03:51.869+04:00  INFO 15388 --- [main] org.quartz.simpl.RAMJobStore             : RAMJobStore initialized.
2026-03-26T18:03:51.872+04:00  INFO 15388 --- [main] org.quartz.core.QuartzScheduler          : Scheduler meta-data: Quartz Scheduler (v2.5.2) 'quartzScheduler' with instanceId 'NON_CLUSTERED'
  Scheduler class: 'org.quartz.core.QuartzScheduler' - running locally.
  NOT STARTED.
  Currently in standby mode.
  Number of jobs executed: 0
  Using thread pool 'org.quartz.simpl.SimpleThreadPool' - with 10 threads.
  Using job-store 'org.quartz.simpl.RAMJobStore' - which does not support persistence. and is not clustered.

2026-03-26T18:03:51.874+04:00  INFO 15388 --- [main] hedulerFactoryBean$LocalSchedulerFactory : Quartz scheduler 'quartzScheduler' initialized from an externally provided properties instance.
2026-03-26T18:03:51.876+04:00  INFO 15388 --- [main] hedulerFactoryBean$LocalSchedulerFactory : Quartz scheduler version: 2.5.2
2026-03-26T18:03:51.877+04:00  INFO 15388 --- [main] org.quartz.core.QuartzScheduler          : JobFactory set to: org.springframework.scheduling.quartz.SpringBeanJobFactory@626542d3
2026-03-26T18:03:52.023+04:00  INFO 15388 --- [main] o.s.boot.tomcat.TomcatWebServer          : Tomcat started on port 8080 (http) with context path '/'
2026-03-26T18:03:52.057+04:00  INFO 15388 --- [main] o.s.s.quartz.SchedulerFactoryBean        : Starting Quartz Scheduler now
2026-03-26T18:03:52.060+04:00  INFO 15388 --- [main] org.quartz.core.QuartzScheduler          : Scheduler quartzScheduler_$_NON_CLUSTERED started.
2026-03-26T18:03:52.082+04:00  INFO 15388 --- [main] .d.g.GameRecommendationSystemApplication : Started GameRecommendationSystemApplication in 16.155 seconds (process running for 17.412)
2026-03-26T18:04:27.211+04:00  INFO 15388 --- [http-nio-8080-exec-2] o.a.c.c.C.[Tomcat].[localhost].[/]       : Initializing Spring DispatcherServlet 'dispatcherServlet'
2026-03-26T18:04:27.212+04:00  INFO 15388 --- [http-nio-8080-exec-2] o.s.web.servlet.DispatcherServlet        : Initializing Servlet 'dispatcherServlet'
2026-03-26T18:04:27.217+04:00  INFO 15388 --- [http-nio-8080-exec-2] o.s.web.servlet.DispatcherServlet        : Completed initialization in 4 ms
2026-03-26T18:04:27.363+04:00  INFO 15388 --- [http-nio-8080-exec-2] c.d.g.controllers.TagController          : Получение тегов
2026-03-26T18:04:27.367+04:00  INFO 15388 --- [http-nio-8080-exec-2] c.d.g.services.TagService                : Получение тегов: 0, 5
2026-03-26T18:04:27.470+04:00  INFO 15388 --- [http-nio-8080-exec-2] c.d.g.services.TagService                : Ответ: Page 1 of 131 containing com.diplome.game_recommendation.models.TagEntity instances
2026-03-26T18:04:34.616+04:00  INFO 15388 --- [http-nio-8080-exec-5] c.d.g.controllers.TagController          : Получение тегов
2026-03-26T18:04:34.619+04:00  INFO 15388 --- [http-nio-8080-exec-5] c.d.g.services.TagService                : Получение тегов: 0, 5
2026-03-26T18:04:34.632+04:00  INFO 15388 --- [http-nio-8080-exec-5] c.d.g.services.TagService                : Ответ: Page 1 of 131 containing com.diplome.game_recommendation.models.TagEntity instances
2026-03-26T18:04:34.670+04:00  INFO 15388 --- [http-nio-8080-exec-4] c.d.g.controllers.GameController         : Игры по тегу tagId=27
2026-03-26T18:04:34.678+04:00  INFO 15388 --- [http-nio-8080-exec-4] c.d.g.services.TagService                : Получение игр по тегу: 0, 5
2026-03-26T18:04:34.670+04:00  INFO 15388 --- [http-nio-8080-exec-6] c.d.g.controllers.GameController         : Игры по тегу tagId=3
2026-03-26T18:04:34.671+04:00  INFO 15388 --- [http-nio-8080-exec-8] c.d.g.controllers.GameController         : Игры по тегу tagId=46
2026-03-26T18:04:34.673+04:00  INFO 15388 --- [http-nio-8080-exec-7] c.d.g.controllers.GameController         : Игры по тегу tagId=44
2026-03-26T18:04:34.683+04:00  INFO 15388 --- [http-nio-8080-exec-10] c.d.g.controllers.GameController         : Игры по тегу tagId=5
2026-03-26T18:04:34.692+04:00  INFO 15388 --- [http-nio-8080-exec-7] c.d.g.services.TagService                : Получение игр по тегу: 0, 5
2026-03-26T18:04:34.688+04:00  INFO 15388 --- [http-nio-8080-exec-6] c.d.g.services.TagService                : Получение игр по тегу: 0, 5
2026-03-26T18:04:34.691+04:00  INFO 15388 --- [http-nio-8080-exec-8] c.d.g.services.TagService                : Получение игр по тегу: 0, 5
2026-03-26T18:04:34.692+04:00  INFO 15388 --- [http-nio-8080-exec-10] c.d.g.services.TagService                : Получение игр по тегу: 0, 5
2026-03-26T18:04:34.889+04:00  INFO 15388 --- [http-nio-8080-exec-10] c.d.g.services.TagService                : Ответ: Page 1 of 0 containing UNKNOWN instances
2026-03-26T18:04:34.889+04:00  INFO 15388 --- [http-nio-8080-exec-4] c.d.g.services.TagService                : Ответ: Page 1 of 0 containing UNKNOWN instances
2026-03-26T18:04:34.889+04:00  INFO 15388 --- [http-nio-8080-exec-6] c.d.g.services.TagService                : Ответ: Page 1 of 40 containing com.diplome.game_recommendation.models.GameEntity instances
2026-03-26T18:04:34.889+04:00  INFO 15388 --- [http-nio-8080-exec-7] c.d.g.services.TagService                : Ответ: Page 1 of 40 containing com.diplome.game_recommendation.models.GameEntity instances
2026-03-26T18:04:34.890+04:00  INFO 15388 --- [http-nio-8080-exec-8] c.d.g.services.TagService                : Ответ: Page 1 of 0 containing UNKNOWN instances
2026-03-26T18:05:25.097+04:00  INFO 15388 --- [http-nio-8080-exec-2] c.d.g.controllers.TagController          : Получение тегов
2026-03-26T18:05:25.099+04:00  INFO 15388 --- [http-nio-8080-exec-2] c.d.g.services.TagService                : Получение тегов: 0, 5
2026-03-26T18:05:25.109+04:00  INFO 15388 --- [http-nio-8080-exec-2] c.d.g.services.TagService                : Ответ: Page 1 of 131 containing com.diplome.game_recommendation.models.TagEntity instances
2026-03-26T18:05:25.131+04:00  INFO 15388 --- [http-nio-8080-exec-5] c.d.g.controllers.GameController         : Игры по тегу tagId=27
2026-03-26T18:05:25.140+04:00  INFO 15388 --- [http-nio-8080-exec-5] c.d.g.services.TagService                : Получение игр по тегу: 0, 5
2026-03-26T18:05:25.135+04:00  INFO 15388 --- [http-nio-8080-exec-10] c.d.g.controllers.GameController         : Игры по тегу tagId=3
2026-03-26T18:05:25.139+04:00  INFO 15388 --- [http-nio-8080-exec-4] c.d.g.controllers.GameController         : Игры по тегу tagId=46
2026-03-26T18:05:25.143+04:00  INFO 15388 --- [http-nio-8080-exec-8] c.d.g.controllers.GameController         : Игры по тегу tagId=44
2026-03-26T18:05:25.145+04:00  INFO 15388 --- [http-nio-8080-exec-10] c.d.g.services.TagService                : Получение игр по тегу: 0, 5
2026-03-26T18:05:25.148+04:00  INFO 15388 --- [http-nio-8080-exec-4] c.d.g.services.TagService                : Получение игр по тегу: 0, 5
2026-03-26T18:05:25.149+04:00  INFO 15388 --- [http-nio-8080-exec-8] c.d.g.services.TagService                : Получение игр по тегу: 0, 5
2026-03-26T18:05:25.157+04:00  INFO 15388 --- [http-nio-8080-exec-5] c.d.g.services.TagService                : Ответ: Page 1 of 0 containing UNKNOWN instances
2026-03-26T18:05:25.169+04:00  INFO 15388 --- [http-nio-8080-exec-4] c.d.g.services.TagService                : Ответ: Page 1 of 0 containing UNKNOWN instances
2026-03-26T18:05:25.176+04:00  INFO 15388 --- [http-nio-8080-exec-6] c.d.g.controllers.GameController         : Игры по тегу tagId=5
2026-03-26T18:05:25.186+04:00  INFO 15388 --- [http-nio-8080-exec-6] c.d.g.services.TagService                : Получение игр по тегу: 0, 5
2026-03-26T18:05:25.192+04:00  INFO 15388 --- [http-nio-8080-exec-10] c.d.g.services.TagService                : Ответ: Page 1 of 40 containing com.diplome.game_recommendation.models.GameEntity instances
2026-03-26T18:05:25.195+04:00  INFO 15388 --- [http-nio-8080-exec-8] c.d.g.services.TagService                : Ответ: Page 1 of 40 containing com.diplome.game_recommendation.models.GameEntity instances
2026-03-26T18:05:25.204+04:00  INFO 15388 --- [http-nio-8080-exec-6] c.d.g.services.TagService                : Ответ: Page 1 of 0 containing UNKNOWN instances
2026-03-26T18:05:31.601+04:00  INFO 15388 --- [http-nio-8080-exec-2] c.d.g.controllers.TagController          : Получение тегов
2026-03-26T18:05:31.603+04:00  INFO 15388 --- [http-nio-8080-exec-2] c.d.g.services.TagService                : Получение тегов: 0, 5
2026-03-26T18:05:31.617+04:00  INFO 15388 --- [http-nio-8080-exec-2] c.d.g.services.TagService                : Ответ: Page 1 of 131 containing com.diplome.game_recommendation.models.TagEntity instances
2026-03-26T18:05:31.635+04:00  INFO 15388 --- [http-nio-8080-exec-5] c.d.g.controllers.GameController         : Игры по тегу tagId=27
2026-03-26T18:05:31.639+04:00  INFO 15388 --- [http-nio-8080-exec-4] c.d.g.controllers.GameController         : Игры по тегу tagId=3
2026-03-26T18:05:31.646+04:00  INFO 15388 --- [http-nio-8080-exec-5] c.d.g.services.TagService                : Получение игр по тегу: 0, 5
2026-03-26T18:05:31.642+04:00  INFO 15388 --- [http-nio-8080-exec-10] c.d.g.controllers.GameController         : Игры по тегу tagId=46
2026-03-26T18:05:31.646+04:00  INFO 15388 --- [http-nio-8080-exec-4] c.d.g.services.TagService                : Получение игр по тегу: 0, 5
2026-03-26T18:05:31.649+04:00  INFO 15388 --- [http-nio-8080-exec-8] c.d.g.controllers.GameController         : Игры по тегу tagId=5
2026-03-26T18:05:31.654+04:00  INFO 15388 --- [http-nio-8080-exec-10] c.d.g.services.TagService                : Получение игр по тегу: 0, 5
2026-03-26T18:05:31.656+04:00  INFO 15388 --- [http-nio-8080-exec-6] c.d.g.controllers.GameController         : Игры по тегу tagId=44
2026-03-26T18:05:31.668+04:00  INFO 15388 --- [http-nio-8080-exec-6] c.d.g.services.TagService                : Получение игр по тегу: 0, 5
2026-03-26T18:05:31.665+04:00  INFO 15388 --- [http-nio-8080-exec-8] c.d.g.services.TagService                : Получение игр по тегу: 0, 5
2026-03-26T18:05:31.669+04:00  INFO 15388 --- [http-nio-8080-exec-5] c.d.g.services.TagService                : Ответ: Page 1 of 0 containing UNKNOWN instances
2026-03-26T18:05:31.682+04:00  INFO 15388 --- [http-nio-8080-exec-10] c.d.g.services.TagService                : Ответ: Page 1 of 0 containing UNKNOWN instances
2026-03-26T18:05:31.685+04:00  INFO 15388 --- [http-nio-8080-exec-4] c.d.g.services.TagService                : Ответ: Page 1 of 40 containing com.diplome.game_recommendation.models.GameEntity instances
2026-03-26T18:05:31.702+04:00  INFO 15388 --- [http-nio-8080-exec-6] c.d.g.services.TagService                : Ответ: Page 1 of 40 containing com.diplome.game_recommendation.models.GameEntity instances
2026-03-26T18:05:31.710+04:00  INFO 15388 --- [http-nio-8080-exec-8] c.d.g.services.TagService                : Ответ: Page 1 of 0 containing UNKNOWN instances
2026-03-26T18:06:33.650+04:00  INFO 15388 --- [http-nio-8080-exec-7] c.d.g.controllers.GameController         : Популярные игры
2026-03-26T18:09:46.189+04:00  INFO 14012 --- [main] .d.g.GameRecommendationSystemApplication : Starting GameRecommendationSystemApplication using Java 17.0.12 with PID 14012 (D:\diplome\code\game-recommendation\target\classes started by User in D:\diplome\code\game-recommendation)
2026-03-26T18:09:46.198+04:00 DEBUG 14012 --- [main] .d.g.GameRecommendationSystemApplication : Running with Spring Boot v4.0.2, Spring v7.0.3
2026-03-26T18:09:46.202+04:00  INFO 14012 --- [main] .d.g.GameRecommendationSystemApplication : No active profile set, falling back to 1 default profile: "default"
2026-03-26T18:09:48.058+04:00  INFO 14012 --- [main] .s.d.r.c.RepositoryConfigurationDelegate : Bootstrapping Spring Data JPA repositories in DEFAULT mode.
2026-03-26T18:09:48.511+04:00  INFO 14012 --- [main] .s.d.r.c.RepositoryConfigurationDelegate : Finished Spring Data repository scanning in 434 ms. Found 8 JPA repository interfaces.
2026-03-26T18:09:49.865+04:00  INFO 14012 --- [main] o.s.boot.tomcat.TomcatWebServer          : Tomcat initialized with port 8080 (http)
2026-03-26T18:09:49.899+04:00  INFO 14012 --- [main] o.apache.catalina.core.StandardService   : Starting service [Tomcat]
2026-03-26T18:09:49.899+04:00  INFO 14012 --- [main] o.apache.catalina.core.StandardEngine    : Starting Servlet engine: [Apache Tomcat/11.0.15]
2026-03-26T18:09:50.063+04:00  INFO 14012 --- [main] b.w.c.s.WebApplicationContextInitializer : Root WebApplicationContext: initialization completed in 3721 ms
2026-03-26T18:09:50.464+04:00  INFO 14012 --- [main] org.hibernate.orm.jpa                    : HHH008540: Processing PersistenceUnitInfo [name: default]
2026-03-26T18:09:50.627+04:00  INFO 14012 --- [main] org.hibernate.orm.core                   : HHH000001: Hibernate ORM core version 7.2.1.Final
2026-03-26T18:09:51.646+04:00  INFO 14012 --- [main] o.s.o.j.p.SpringPersistenceUnitInfo      : No LoadTimeWeaver setup: ignoring JPA class transformer
2026-03-26T18:09:51.728+04:00  INFO 14012 --- [main] com.zaxxer.hikari.HikariDataSource       : HikariPool-1 - Starting...
2026-03-26T18:09:52.143+04:00  INFO 14012 --- [main] com.zaxxer.hikari.pool.HikariPool        : HikariPool-1 - Added connection org.postgresql.jdbc.PgConnection@7f64bd7
2026-03-26T18:09:52.150+04:00  INFO 14012 --- [main] com.zaxxer.hikari.HikariDataSource       : HikariPool-1 - Start completed.
2026-03-26T18:09:52.371+04:00  INFO 14012 --- [main] org.hibernate.orm.connections.pooling    : HHH10001005: Database info:
	Database JDBC URL [jdbc:postgresql://127.0.0.1:5432/game_recommendation]
	Database driver: PostgreSQL JDBC Driver
	Database dialect: PostgreSQLDialect
	Database version: 16.4
	Default catalog/schema: game_recommendation/public
	Autocommit mode: undefined/unknown
	Isolation level: READ_COMMITTED [default READ_COMMITTED]
	JDBC fetch size: none
	Pool: DataSourceConnectionProvider
	Minimum pool size: undefined/unknown
	Maximum pool size: undefined/unknown
2026-03-26T18:09:53.586+04:00  WARN 14012 --- [main] org.hibernate.orm.core                   : HHH000038: Composite id class does not override equals(): com.diplome.game_recommendation.models.GameTagId
2026-03-26T18:09:54.394+04:00  INFO 14012 --- [main] org.hibernate.orm.core                   : HHH000182: No default (no-argument) constructor for class [com.diplome.game_recommendation.models.RecommendationSession] (class must be instantiated by Interceptor)
2026-03-26T18:09:54.417+04:00  INFO 14012 --- [main] org.hibernate.orm.core                   : HHH000182: No default (no-argument) constructor for class [com.diplome.game_recommendation.models.RecommendationItems] (class must be instantiated by Interceptor)
2026-03-26T18:09:54.871+04:00  INFO 14012 --- [main] org.hibernate.orm.core                   : HHH000489: No JTA platform available (set 'hibernate.transaction.jta.platform' to enable JTA platform integration)
2026-03-26T18:09:55.011+04:00  INFO 14012 --- [main] j.LocalContainerEntityManagerFactoryBean : Initialized JPA EntityManagerFactory for persistence unit 'default'
2026-03-26T18:09:55.172+04:00  INFO 14012 --- [main] o.s.d.j.r.query.QueryEnhancerFactories   : Hibernate is in classpath; If applicable, HQL parser will be used.
2026-03-26T18:10:00.198+04:00  WARN 14012 --- [main] JpaBaseConfiguration$JpaWebConfiguration : spring.jpa.open-in-view is enabled by default. Therefore, database queries may be performed during view rendering. Explicitly configure spring.jpa.open-in-view to disable this warning
2026-03-26T18:10:00.240+04:00  WARN 14012 --- [main] .s.a.UserDetailsServiceAutoConfiguration : 

Using generated security password: a5f9ffa6-329a-435a-abcb-9a6a7f8f5f42

This generated password is for development use only. Your security configuration must be updated before running your application in production.

2026-03-26T18:10:00.276+04:00  INFO 14012 --- [main] r$InitializeUserDetailsManagerConfigurer : Global AuthenticationManager configured with UserDetailsService bean with name inMemoryUserDetailsManager
2026-03-26T18:10:01.087+04:00  INFO 14012 --- [main] hedulerFactoryBean$LocalSchedulerFactory : Using default implementation for ThreadExecutor
2026-03-26T18:10:01.127+04:00  INFO 14012 --- [main] org.quartz.core.SchedulerSignalerImpl    : Initialized Scheduler Signaller of type: class org.quartz.core.SchedulerSignalerImpl
2026-03-26T18:10:01.127+04:00  INFO 14012 --- [main] org.quartz.core.QuartzScheduler          : Quartz Scheduler v2.5.2 created.
2026-03-26T18:10:01.127+04:00  INFO 14012 --- [main] org.quartz.simpl.RAMJobStore             : RAMJobStore initialized.
2026-03-26T18:10:01.127+04:00  INFO 14012 --- [main] org.quartz.core.QuartzScheduler          : Scheduler meta-data: Quartz Scheduler (v2.5.2) 'quartzScheduler' with instanceId 'NON_CLUSTERED'
  Scheduler class: 'org.quartz.core.QuartzScheduler' - running locally.
  NOT STARTED.
  Currently in standby mode.
  Number of jobs executed: 0
  Using thread pool 'org.quartz.simpl.SimpleThreadPool' - with 10 threads.
  Using job-store 'org.quartz.simpl.RAMJobStore' - which does not support persistence. and is not clustered.

2026-03-26T18:10:01.138+04:00  INFO 14012 --- [main] hedulerFactoryBean$LocalSchedulerFactory : Quartz scheduler 'quartzScheduler' initialized from an externally provided properties instance.
2026-03-26T18:10:01.138+04:00  INFO 14012 --- [main] hedulerFactoryBean$LocalSchedulerFactory : Quartz scheduler version: 2.5.2
2026-03-26T18:10:01.138+04:00  INFO 14012 --- [main] org.quartz.core.QuartzScheduler          : JobFactory set to: org.springframework.scheduling.quartz.SpringBeanJobFactory@41743ff4
2026-03-26T18:10:01.221+04:00  INFO 14012 --- [main] o.s.boot.tomcat.TomcatWebServer          : Tomcat started on port 8080 (http) with context path '/'
2026-03-26T18:10:01.225+04:00  INFO 14012 --- [main] o.s.s.quartz.SchedulerFactoryBean        : Starting Quartz Scheduler now
2026-03-26T18:10:01.226+04:00  INFO 14012 --- [main] org.quartz.core.QuartzScheduler          : Scheduler quartzScheduler_$_NON_CLUSTERED started.
2026-03-26T18:10:01.244+04:00  INFO 14012 --- [main] .d.g.GameRecommendationSystemApplication : Started GameRecommendationSystemApplication in 16.062 seconds (process running for 17.314)
2026-03-26T18:10:23.623+04:00  INFO 14012 --- [http-nio-8080-exec-1] o.a.c.c.C.[Tomcat].[localhost].[/]       : Initializing Spring DispatcherServlet 'dispatcherServlet'
2026-03-26T18:10:23.624+04:00  INFO 14012 --- [http-nio-8080-exec-1] o.s.web.servlet.DispatcherServlet        : Initializing Servlet 'dispatcherServlet'
2026-03-26T18:10:23.628+04:00  INFO 14012 --- [http-nio-8080-exec-1] o.s.web.servlet.DispatcherServlet        : Completed initialization in 3 ms
2026-03-26T18:10:23.810+04:00  INFO 14012 --- [http-nio-8080-exec-2] c.d.g.controllers.TagController          : Получение тегов
2026-03-26T18:10:23.810+04:00  INFO 14012 --- [http-nio-8080-exec-1] c.d.g.controllers.GameController         : Популярные игры
2026-03-26T18:10:23.814+04:00  INFO 14012 --- [http-nio-8080-exec-2] c.d.g.services.TagService                : Получение тегов: 0, 5
2026-03-26T18:10:23.971+04:00  INFO 14012 --- [http-nio-8080-exec-2] c.d.g.services.TagService                : Ответ: Page 1 of 68 containing com.diplome.game_recommendation.models.TagEntity instances
2026-03-26T18:10:24.207+04:00  INFO 14012 --- [http-nio-8080-exec-3] c.d.g.controllers.GameController         : Игры по тегу tagId=3
2026-03-26T18:10:24.215+04:00  INFO 14012 --- [http-nio-8080-exec-4] c.d.g.controllers.GameController         : Игры по тегу tagId=9
2026-03-26T18:10:24.217+04:00  INFO 14012 --- [http-nio-8080-exec-5] c.d.g.controllers.GameController         : Игры по тегу tagId=10
2026-03-26T18:10:24.205+04:00  INFO 14012 --- [http-nio-8080-exec-6] c.d.g.controllers.GameController         : Игры по тегу tagId=44
2026-03-26T18:10:24.307+04:00  INFO 14012 --- [http-nio-8080-exec-5] c.d.g.services.TagService                : Получение игр по тегу: 0, 5
2026-03-26T18:10:24.219+04:00  INFO 14012 --- [http-nio-8080-exec-7] c.d.g.controllers.GameController         : Игры по тегу tagId=7
2026-03-26T18:10:24.306+04:00  INFO 14012 --- [http-nio-8080-exec-4] c.d.g.services.TagService                : Получение игр по тегу: 0, 5
2026-03-26T18:10:24.375+04:00  INFO 14012 --- [http-nio-8080-exec-7] c.d.g.services.TagService                : Получение игр по тегу: 0, 5
2026-03-26T18:10:24.305+04:00  INFO 14012 --- [http-nio-8080-exec-3] c.d.g.services.TagService                : Получение игр по тегу: 0, 5
2026-03-26T18:10:24.313+04:00  INFO 14012 --- [http-nio-8080-exec-6] c.d.g.services.TagService                : Получение игр по тегу: 0, 5
2026-03-26T18:10:24.475+04:00  INFO 14012 --- [http-nio-8080-exec-5] c.d.g.services.TagService                : Ответ: Page 1 of 40 containing com.diplome.game_recommendation.models.GameEntity instances
2026-03-26T18:10:24.475+04:00  INFO 14012 --- [http-nio-8080-exec-4] c.d.g.services.TagService                : Ответ: Page 1 of 40 containing com.diplome.game_recommendation.models.GameEntity instances
2026-03-26T18:10:24.475+04:00  INFO 14012 --- [http-nio-8080-exec-7] c.d.g.services.TagService                : Ответ: Page 1 of 40 containing com.diplome.game_recommendation.models.GameEntity instances
2026-03-26T18:10:24.498+04:00  INFO 14012 --- [http-nio-8080-exec-3] c.d.g.services.TagService                : Ответ: Page 1 of 40 containing com.diplome.game_recommendation.models.GameEntity instances
2026-03-26T18:10:24.616+04:00  INFO 14012 --- [http-nio-8080-exec-6] c.d.g.services.TagService                : Ответ: Page 1 of 40 containing com.diplome.game_recommendation.models.GameEntity instances
2026-03-26T18:12:28.615+04:00  INFO 14012 --- [http-nio-8080-exec-5] c.d.g.controllers.GameController         : Популярные игры
2026-03-26T18:12:28.615+04:00  INFO 14012 --- [http-nio-8080-exec-4] c.d.g.controllers.TagController          : Получение тегов
2026-03-26T18:12:28.626+04:00  INFO 14012 --- [http-nio-8080-exec-4] c.d.g.services.TagService                : Получение тегов: 0, 5
2026-03-26T18:12:28.658+04:00  INFO 14012 --- [http-nio-8080-exec-4] c.d.g.services.TagService                : Ответ: Page 1 of 68 containing com.diplome.game_recommendation.models.TagEntity instances
2026-03-26T18:12:28.701+04:00  INFO 14012 --- [http-nio-8080-exec-6] c.d.g.controllers.GameController         : Игры по тегу tagId=44
2026-03-26T18:12:28.705+04:00  INFO 14012 --- [http-nio-8080-exec-7] c.d.g.controllers.GameController         : Игры по тегу tagId=3
2026-03-26T18:12:28.704+04:00  INFO 14012 --- [http-nio-8080-exec-3] c.d.g.controllers.GameController         : Игры по тегу tagId=7
2026-03-26T18:12:28.704+04:00  INFO 14012 --- [http-nio-8080-exec-6] c.d.g.services.TagService                : Получение игр по тегу: 0, 5
2026-03-26T18:12:28.712+04:00  INFO 14012 --- [http-nio-8080-exec-2] c.d.g.controllers.GameController         : Игры по тегу tagId=10
2026-03-26T18:12:28.707+04:00  INFO 14012 --- [http-nio-8080-exec-9] c.d.g.controllers.GameController         : Игры по тегу tagId=9
2026-03-26T18:12:28.709+04:00  INFO 14012 --- [http-nio-8080-exec-7] c.d.g.services.TagService                : Получение игр по тегу: 0, 5
2026-03-26T18:12:28.711+04:00  INFO 14012 --- [http-nio-8080-exec-3] c.d.g.services.TagService                : Получение игр по тегу: 0, 5
2026-03-26T18:12:28.717+04:00  INFO 14012 --- [http-nio-8080-exec-2] c.d.g.services.TagService                : Получение игр по тегу: 0, 5
2026-03-26T18:12:28.720+04:00  INFO 14012 --- [http-nio-8080-exec-9] c.d.g.services.TagService                : Получение игр по тегу: 0, 5
2026-03-26T18:12:28.753+04:00  INFO 14012 --- [http-nio-8080-exec-6] c.d.g.services.TagService                : Ответ: Page 1 of 40 containing com.diplome.game_recommendation.models.GameEntity instances
2026-03-26T18:12:28.756+04:00  INFO 14012 --- [http-nio-8080-exec-3] c.d.g.services.TagService                : Ответ: Page 1 of 40 containing com.diplome.game_recommendation.models.GameEntity instances
2026-03-26T18:12:28.760+04:00  INFO 14012 --- [http-nio-8080-exec-7] c.d.g.services.TagService                : Ответ: Page 1 of 40 containing com.diplome.game_recommendation.models.GameEntity instances
2026-03-26T18:12:28.768+04:00  INFO 14012 --- [http-nio-8080-exec-2] c.d.g.services.TagService                : Ответ: Page 1 of 40 containing com.diplome.game_recommendation.models.GameEntity instances
2026-03-26T18:12:28.783+04:00  INFO 14012 --- [http-nio-8080-exec-9] c.d.g.services.TagService                : Ответ: Page 1 of 40 containing com.diplome.game_recommendation.models.GameEntity instances
2026-03-26T18:13:24.894+04:00  INFO 14012 --- [http-nio-8080-exec-8] c.d.g.controllers.GameController         : Игры по тегу tagId=3
2026-03-26T18:13:24.895+04:00  INFO 14012 --- [http-nio-8080-exec-8] c.d.g.services.TagService                : Получение игр по тегу: 0, 10
2026-03-26T18:13:24.910+04:00  INFO 14012 --- [http-nio-8080-exec-8] c.d.g.services.TagService                : Ответ: Page 1 of 20 containing com.diplome.game_recommendation.models.GameEntity instances
2026-03-26T18:13:26.382+04:00  INFO 14012 --- [http-nio-8080-exec-10] c.d.g.controllers.GameController         : Игры по тегу tagId=3
2026-03-26T18:13:26.383+04:00  INFO 14012 --- [http-nio-8080-exec-10] c.d.g.services.TagService                : Получение игр по тегу: 0, 15
2026-03-26T18:13:26.402+04:00  INFO 14012 --- [http-nio-8080-exec-10] c.d.g.services.TagService                : Ответ: Page 1 of 14 containing com.diplome.game_recommendation.models.GameEntity instances
2026-03-26T18:13:27.080+04:00  INFO 14012 --- [http-nio-8080-exec-1] c.d.g.controllers.GameController         : Игры по тегу tagId=3
2026-03-26T18:13:27.082+04:00  INFO 14012 --- [http-nio-8080-exec-1] c.d.g.services.TagService                : Получение игр по тегу: 0, 20
2026-03-26T18:13:27.100+04:00  INFO 14012 --- [http-nio-8080-exec-1] c.d.g.services.TagService                : Ответ: Page 1 of 10 containing com.diplome.game_recommendation.models.GameEntity instances
2026-03-26T18:13:27.817+04:00  INFO 14012 --- [http-nio-8080-exec-4] c.d.g.controllers.GameController         : Игры по тегу tagId=3
2026-03-26T18:13:27.818+04:00  INFO 14012 --- [http-nio-8080-exec-4] c.d.g.services.TagService                : Получение игр по тегу: 0, 25
2026-03-26T18:13:27.840+04:00  INFO 14012 --- [http-nio-8080-exec-4] c.d.g.services.TagService                : Ответ: Page 1 of 8 containing com.diplome.game_recommendation.models.GameEntity instances
2026-03-26T18:13:28.048+04:00  INFO 14012 --- [http-nio-8080-exec-5] c.d.g.controllers.GameController         : Игры по тегу tagId=3
2026-03-26T18:13:28.049+04:00  INFO 14012 --- [http-nio-8080-exec-5] c.d.g.services.TagService                : Получение игр по тегу: 0, 30
2026-03-26T18:13:28.068+04:00  INFO 14012 --- [http-nio-8080-exec-5] c.d.g.services.TagService                : Ответ: Page 1 of 7 containing com.diplome.game_recommendation.models.GameEntity instances
2026-03-26T18:15:12.990+04:00  INFO 14012 --- [http-nio-8080-exec-10] c.d.g.controllers.TagController          : Получение тегов
2026-03-26T18:15:12.992+04:00  INFO 14012 --- [http-nio-8080-exec-10] c.d.g.services.TagService                : Получение тегов: 0, 5
2026-03-26T18:15:13.007+04:00  INFO 14012 --- [http-nio-8080-exec-10] c.d.g.services.TagService                : Ответ: Page 1 of 68 containing com.diplome.game_recommendation.models.TagEntity instances
2026-03-26T18:15:13.048+04:00  INFO 14012 --- [http-nio-8080-exec-1] c.d.g.controllers.GameController         : Игры по тегу tagId=3
2026-03-26T18:15:13.056+04:00  INFO 14012 --- [http-nio-8080-exec-4] c.d.g.controllers.GameController         : Игры по тегу tagId=44
2026-03-26T18:15:13.056+04:00  INFO 14012 --- [http-nio-8080-exec-3] c.d.g.controllers.GameController         : Игры по тегу tagId=9
2026-03-26T18:15:13.057+04:00  INFO 14012 --- [http-nio-8080-exec-5] c.d.g.controllers.GameController         : Игры по тегу tagId=7
2026-03-26T18:15:13.058+04:00  INFO 14012 --- [http-nio-8080-exec-6] c.d.g.controllers.GameController         : Игры по тегу tagId=10
2026-03-26T18:15:13.058+04:00  INFO 14012 --- [http-nio-8080-exec-1] c.d.g.services.TagService                : Получение игр по тегу: 0, 5
2026-03-26T18:15:13.059+04:00  INFO 14012 --- [http-nio-8080-exec-4] c.d.g.services.TagService                : Получение игр по тегу: 0, 5
2026-03-26T18:15:13.063+04:00  INFO 14012 --- [http-nio-8080-exec-3] c.d.g.services.TagService                : Получение игр по тегу: 0, 5
2026-03-26T18:15:13.065+04:00  INFO 14012 --- [http-nio-8080-exec-5] c.d.g.services.TagService                : Получение игр по тегу: 0, 5
2026-03-26T18:15:13.067+04:00  INFO 14012 --- [http-nio-8080-exec-6] c.d.g.services.TagService                : Получение игр по тегу: 0, 5
2026-03-26T18:15:13.090+04:00  INFO 14012 --- [http-nio-8080-exec-1] c.d.g.services.TagService                : Ответ: Page 1 of 40 containing com.diplome.game_recommendation.models.GameEntity instances
2026-03-26T18:15:13.095+04:00  INFO 14012 --- [http-nio-8080-exec-5] c.d.g.services.TagService                : Ответ: Page 1 of 40 containing com.diplome.game_recommendation.models.GameEntity instances
2026-03-26T18:15:13.095+04:00  INFO 14012 --- [http-nio-8080-exec-3] c.d.g.services.TagService                : Ответ: Page 1 of 40 containing com.diplome.game_recommendation.models.GameEntity instances
2026-03-26T18:15:13.097+04:00  INFO 14012 --- [http-nio-8080-exec-6] c.d.g.services.TagService                : Ответ: Page 1 of 40 containing com.diplome.game_recommendation.models.GameEntity instances
2026-03-26T18:15:13.113+04:00  INFO 14012 --- [http-nio-8080-exec-4] c.d.g.services.TagService                : Ответ: Page 1 of 40 containing com.diplome.game_recommendation.models.GameEntity instances
2026-03-26T18:15:20.984+04:00  INFO 14012 --- [http-nio-8080-exec-7] c.d.g.controllers.GameController         : Игры по тегу tagId=44
2026-03-26T18:15:20.986+04:00  INFO 14012 --- [http-nio-8080-exec-7] c.d.g.services.TagService                : Получение игр по тегу: 0, 10
2026-03-26T18:15:21.001+04:00  INFO 14012 --- [http-nio-8080-exec-7] c.d.g.services.TagService                : Ответ: Page 1 of 20 containing com.diplome.game_recommendation.models.GameEntity instances
2026-03-26T18:15:27.177+04:00  INFO 14012 --- [http-nio-8080-exec-2] c.d.g.controllers.GameController         : Игры по тегу tagId=3
2026-03-26T18:15:27.178+04:00  INFO 14012 --- [http-nio-8080-exec-2] c.d.g.services.TagService                : Получение игр по тегу: 0, 10
2026-03-26T18:15:27.195+04:00  INFO 14012 --- [http-nio-8080-exec-2] c.d.g.services.TagService                : Ответ: Page 1 of 20 containing com.diplome.game_recommendation.models.GameEntity instances
2026-03-26T18:16:03.180+04:00  INFO 14012 --- [http-nio-8080-exec-9] c.d.g.controllers.TagController          : Получение тегов
2026-03-26T18:16:03.185+04:00  INFO 14012 --- [http-nio-8080-exec-9] c.d.g.services.TagService                : Получение тегов: 0, 5
2026-03-26T18:16:03.204+04:00  INFO 14012 --- [http-nio-8080-exec-9] c.d.g.services.TagService                : Ответ: Page 1 of 68 containing com.diplome.game_recommendation.models.TagEntity instances
2026-03-26T18:16:03.229+04:00  INFO 14012 --- [http-nio-8080-exec-8] c.d.g.controllers.GameController         : Игры по тегу tagId=3
2026-03-26T18:16:03.236+04:00  INFO 14012 --- [http-nio-8080-exec-10] c.d.g.controllers.GameController         : Игры по тегу tagId=44
2026-03-26T18:16:03.241+04:00  INFO 14012 --- [http-nio-8080-exec-5] c.d.g.controllers.GameController         : Игры по тегу tagId=9
2026-03-26T18:16:03.241+04:00  INFO 14012 --- [http-nio-8080-exec-1] c.d.g.controllers.GameController         : Игры по тегу tagId=7
2026-03-26T18:16:03.242+04:00  INFO 14012 --- [http-nio-8080-exec-8] c.d.g.services.TagService                : Получение игр по тегу: 0, 5
2026-03-26T18:16:03.243+04:00  INFO 14012 --- [http-nio-8080-exec-3] c.d.g.controllers.GameController         : Игры по тегу tagId=10
2026-03-26T18:16:03.244+04:00  INFO 14012 --- [http-nio-8080-exec-10] c.d.g.services.TagService                : Получение игр по тегу: 0, 5
2026-03-26T18:16:03.246+04:00  INFO 14012 --- [http-nio-8080-exec-5] c.d.g.services.TagService                : Получение игр по тегу: 0, 5
2026-03-26T18:16:03.249+04:00  INFO 14012 --- [http-nio-8080-exec-1] c.d.g.services.TagService                : Получение игр по тегу: 0, 5
2026-03-26T18:16:03.251+04:00  INFO 14012 --- [http-nio-8080-exec-3] c.d.g.services.TagService                : Получение игр по тегу: 0, 5
2026-03-26T18:16:03.283+04:00  INFO 14012 --- [http-nio-8080-exec-10] c.d.g.services.TagService                : Ответ: Page 1 of 40 containing com.diplome.game_recommendation.models.GameEntity instances
2026-03-26T18:16:03.284+04:00  INFO 14012 --- [http-nio-8080-exec-8] c.d.g.services.TagService                : Ответ: Page 1 of 40 containing com.diplome.game_recommendation.models.GameEntity instances
2026-03-26T18:16:03.290+04:00  INFO 14012 --- [http-nio-8080-exec-5] c.d.g.services.TagService                : Ответ: Page 1 of 40 containing com.diplome.game_recommendation.models.GameEntity instances
2026-03-26T18:16:03.288+04:00  INFO 14012 --- [http-nio-8080-exec-1] c.d.g.services.TagService                : Ответ: Page 1 of 40 containing com.diplome.game_recommendation.models.GameEntity instances
2026-03-26T18:16:03.293+04:00  INFO 14012 --- [http-nio-8080-exec-3] c.d.g.services.TagService                : Ответ: Page 1 of 40 containing com.diplome.game_recommendation.models.GameEntity instances
2026-03-26T18:16:05.369+04:00  INFO 14012 --- [http-nio-8080-exec-6] c.d.g.controllers.GameController         : Игры по тегу tagId=3
2026-03-26T18:16:05.370+04:00  INFO 14012 --- [http-nio-8080-exec-6] c.d.g.services.TagService                : Получение игр по тегу: 0, 10
2026-03-26T18:16:05.387+04:00  INFO 14012 --- [http-nio-8080-exec-6] c.d.g.services.TagService                : Ответ: Page 1 of 20 containing com.diplome.game_recommendation.models.GameEntity instances
2026-03-26T18:16:06.358+04:00  INFO 14012 --- [http-nio-8080-exec-4] c.d.g.controllers.GameController         : Игры по тегу tagId=3
2026-03-26T18:16:06.359+04:00  INFO 14012 --- [http-nio-8080-exec-4] c.d.g.services.TagService                : Получение игр по тегу: 0, 15
2026-03-26T18:16:06.375+04:00  INFO 14012 --- [http-nio-8080-exec-4] c.d.g.services.TagService                : Ответ: Page 1 of 14 containing com.diplome.game_recommendation.models.GameEntity instances
2026-03-26T18:16:37.278+04:00  INFO 14012 --- [http-nio-8080-exec-7] c.d.g.controllers.TagController          : Получение тегов
2026-03-26T18:16:37.283+04:00  INFO 14012 --- [http-nio-8080-exec-7] c.d.g.services.TagService                : Получение тегов: 0, 5
2026-03-26T18:16:37.319+04:00  INFO 14012 --- [http-nio-8080-exec-7] c.d.g.services.TagService                : Ответ: Page 1 of 68 containing com.diplome.game_recommendation.models.TagEntity instances
2026-03-26T18:16:37.342+04:00  INFO 14012 --- [http-nio-8080-exec-2] c.d.g.controllers.GameController         : Игры по тегу tagId=3
2026-03-26T18:16:37.351+04:00  INFO 14012 --- [http-nio-8080-exec-8] c.d.g.controllers.GameController         : Игры по тегу tagId=9
2026-03-26T18:16:37.344+04:00  INFO 14012 --- [http-nio-8080-exec-9] c.d.g.controllers.GameController         : Игры по тегу tagId=44
2026-03-26T18:16:37.351+04:00  INFO 14012 --- [http-nio-8080-exec-10] c.d.g.controllers.GameController         : Игры по тегу tagId=7
2026-03-26T18:16:37.352+04:00  INFO 14012 --- [http-nio-8080-exec-2] c.d.g.services.TagService                : Получение игр по тегу: 0, 5
2026-03-26T18:16:37.353+04:00  INFO 14012 --- [http-nio-8080-exec-8] c.d.g.services.TagService                : Получение игр по тегу: 0, 5
2026-03-26T18:16:37.355+04:00  INFO 14012 --- [http-nio-8080-exec-9] c.d.g.services.TagService                : Получение игр по тегу: 0, 5
2026-03-26T18:16:37.356+04:00  INFO 14012 --- [http-nio-8080-exec-10] c.d.g.services.TagService                : Получение игр по тегу: 0, 5
2026-03-26T18:16:37.357+04:00  INFO 14012 --- [http-nio-8080-exec-5] c.d.g.controllers.GameController         : Игры по тегу tagId=10
2026-03-26T18:16:37.361+04:00  INFO 14012 --- [http-nio-8080-exec-5] c.d.g.services.TagService                : Получение игр по тегу: 0, 5
2026-03-26T18:16:37.405+04:00  INFO 14012 --- [http-nio-8080-exec-5] c.d.g.services.TagService                : Ответ: Page 1 of 40 containing com.diplome.game_recommendation.models.GameEntity instances
2026-03-26T18:16:37.409+04:00  INFO 14012 --- [http-nio-8080-exec-9] c.d.g.services.TagService                : Ответ: Page 1 of 40 containing com.diplome.game_recommendation.models.GameEntity instances
2026-03-26T18:16:37.464+04:00  INFO 14012 --- [http-nio-8080-exec-10] c.d.g.services.TagService                : Ответ: Page 1 of 40 containing com.diplome.game_recommendation.models.GameEntity instances
2026-03-26T18:16:37.501+04:00  INFO 14012 --- [http-nio-8080-exec-8] c.d.g.services.TagService                : Ответ: Page 1 of 40 containing com.diplome.game_recommendation.models.GameEntity instances
2026-03-26T18:16:37.501+04:00  INFO 14012 --- [http-nio-8080-exec-2] c.d.g.services.TagService                : Ответ: Page 1 of 40 containing com.diplome.game_recommendation.models.GameEntity instances
2026-03-26T18:16:40.400+04:00  INFO 14012 --- [http-nio-8080-exec-1] c.d.g.controllers.GameController         : Игры по тегу tagId=3
2026-03-26T18:16:40.401+04:00  INFO 14012 --- [http-nio-8080-exec-1] c.d.g.services.TagService                : Получение игр по тегу: 0, 10
2026-03-26T18:16:40.417+04:00  INFO 14012 --- [http-nio-8080-exec-1] c.d.g.services.TagService                : Ответ: Page 1 of 20 containing com.diplome.game_recommendation.models.GameEntity instances
2026-03-26T18:17:25.302+04:00  INFO 14012 --- [http-nio-8080-exec-3] c.d.g.controllers.TagController          : Получение тегов
2026-03-26T18:17:25.313+04:00  INFO 14012 --- [http-nio-8080-exec-3] c.d.g.services.TagService                : Получение тегов: 0, 5
2026-03-26T18:17:25.381+04:00  INFO 14012 --- [http-nio-8080-exec-3] c.d.g.services.TagService                : Ответ: Page 1 of 68 containing com.diplome.game_recommendation.models.TagEntity instances
2026-03-26T18:17:25.399+04:00  INFO 14012 --- [http-nio-8080-exec-6] c.d.g.controllers.GameController         : Игры по тегу tagId=3
2026-03-26T18:17:25.400+04:00  INFO 14012 --- [http-nio-8080-exec-4] c.d.g.controllers.GameController         : Игры по тегу tagId=44
2026-03-26T18:17:25.408+04:00  INFO 14012 --- [http-nio-8080-exec-5] c.d.g.controllers.GameController         : Игры по тегу tagId=10
2026-03-26T18:17:25.407+04:00  INFO 14012 --- [http-nio-8080-exec-9] c.d.g.controllers.GameController         : Игры по тегу tagId=9
2026-03-26T18:17:25.410+04:00  INFO 14012 --- [http-nio-8080-exec-6] c.d.g.services.TagService                : Получение игр по тегу: 0, 5
2026-03-26T18:17:25.411+04:00  INFO 14012 --- [http-nio-8080-exec-7] c.d.g.controllers.GameController         : Игры по тегу tagId=7
2026-03-26T18:17:25.412+04:00  INFO 14012 --- [http-nio-8080-exec-4] c.d.g.services.TagService                : Получение игр по тегу: 0, 5
2026-03-26T18:17:25.413+04:00  INFO 14012 --- [http-nio-8080-exec-5] c.d.g.services.TagService                : Получение игр по тегу: 0, 5
2026-03-26T18:17:25.415+04:00  INFO 14012 --- [http-nio-8080-exec-9] c.d.g.services.TagService                : Получение игр по тегу: 0, 5
2026-03-26T18:17:25.421+04:00  INFO 14012 --- [http-nio-8080-exec-7] c.d.g.services.TagService                : Получение игр по тегу: 0, 5
2026-03-26T18:17:25.445+04:00  INFO 14012 --- [http-nio-8080-exec-6] c.d.g.services.TagService                : Ответ: Page 1 of 40 containing com.diplome.game_recommendation.models.GameEntity instances
2026-03-26T18:17:25.463+04:00  INFO 14012 --- [http-nio-8080-exec-9] c.d.g.services.TagService                : Ответ: Page 1 of 40 containing com.diplome.game_recommendation.models.GameEntity instances
2026-03-26T18:17:25.469+04:00  INFO 14012 --- [http-nio-8080-exec-7] c.d.g.services.TagService                : Ответ: Page 1 of 40 containing com.diplome.game_recommendation.models.GameEntity instances
2026-03-26T18:17:25.478+04:00  INFO 14012 --- [http-nio-8080-exec-5] c.d.g.services.TagService                : Ответ: Page 1 of 40 containing com.diplome.game_recommendation.models.GameEntity instances
2026-03-26T18:17:25.494+04:00  INFO 14012 --- [http-nio-8080-exec-4] c.d.g.services.TagService                : Ответ: Page 1 of 40 containing com.diplome.game_recommendation.models.GameEntity instances
2026-03-26T18:18:22.123+04:00  INFO 14012 --- [http-nio-8080-exec-10] c.d.g.controllers.TagController          : Получение тегов
2026-03-26T18:18:22.125+04:00  INFO 14012 --- [http-nio-8080-exec-10] c.d.g.services.TagService                : Получение тегов: 0, 5
2026-03-26T18:18:22.194+04:00  INFO 14012 --- [http-nio-8080-exec-10] c.d.g.services.TagService                : Ответ: Page 1 of 68 containing com.diplome.game_recommendation.models.TagEntity instances
2026-03-26T18:18:22.219+04:00  INFO 14012 --- [http-nio-8080-exec-2] c.d.g.controllers.GameController         : Игры по тегу tagId=3
2026-03-26T18:18:22.222+04:00  INFO 14012 --- [http-nio-8080-exec-1] c.d.g.controllers.GameController         : Игры по тегу tagId=7
2026-03-26T18:18:22.222+04:00  INFO 14012 --- [http-nio-8080-exec-8] c.d.g.controllers.GameController         : Игры по тегу tagId=44
2026-03-26T18:18:22.226+04:00  INFO 14012 --- [http-nio-8080-exec-3] c.d.g.controllers.GameController         : Игры по тегу tagId=9
2026-03-26T18:18:22.227+04:00  INFO 14012 --- [http-nio-8080-exec-2] c.d.g.services.TagService                : Получение игр по тегу: 0, 5
2026-03-26T18:18:22.228+04:00  INFO 14012 --- [http-nio-8080-exec-1] c.d.g.services.TagService                : Получение игр по тегу: 0, 5
2026-03-26T18:18:22.229+04:00  INFO 14012 --- [http-nio-8080-exec-8] c.d.g.services.TagService                : Получение игр по тегу: 0, 5
2026-03-26T18:18:22.231+04:00  INFO 14012 --- [http-nio-8080-exec-6] c.d.g.controllers.GameController         : Игры по тегу tagId=10
2026-03-26T18:18:22.233+04:00  INFO 14012 --- [http-nio-8080-exec-3] c.d.g.services.TagService                : Получение игр по тегу: 0, 5
2026-03-26T18:18:22.241+04:00  INFO 14012 --- [http-nio-8080-exec-6] c.d.g.services.TagService                : Получение игр по тегу: 0, 5
2026-03-26T18:18:22.311+04:00  INFO 14012 --- [http-nio-8080-exec-1] c.d.g.services.TagService                : Ответ: Page 1 of 40 containing com.diplome.game_recommendation.models.GameEntity instances
2026-03-26T18:18:22.325+04:00  INFO 14012 --- [http-nio-8080-exec-2] c.d.g.services.TagService                : Ответ: Page 1 of 40 containing com.diplome.game_recommendation.models.GameEntity instances
2026-03-26T18:18:22.326+04:00  INFO 14012 --- [http-nio-8080-exec-3] c.d.g.services.TagService                : Ответ: Page 1 of 40 containing com.diplome.game_recommendation.models.GameEntity instances
2026-03-26T18:18:22.333+04:00  INFO 14012 --- [http-nio-8080-exec-6] c.d.g.services.TagService                : Ответ: Page 1 of 40 containing com.diplome.game_recommendation.models.GameEntity instances
2026-03-26T18:18:22.334+04:00  INFO 14012 --- [http-nio-8080-exec-8] c.d.g.services.TagService                : Ответ: Page 1 of 40 containing com.diplome.game_recommendation.models.GameEntity instances
2026-03-26T18:18:24.777+04:00  INFO 14012 --- [http-nio-8080-exec-9] c.d.g.controllers.GameController         : Игры по тегу tagId=3
2026-03-26T18:18:24.778+04:00  INFO 14012 --- [http-nio-8080-exec-9] c.d.g.services.TagService                : Получение игр по тегу: 0, 10
2026-03-26T18:18:24.794+04:00  INFO 14012 --- [http-nio-8080-exec-9] c.d.g.services.TagService                : Ответ: Page 1 of 20 containing com.diplome.game_recommendation.models.GameEntity instances
2026-03-26T18:18:26.222+04:00  INFO 14012 --- [http-nio-8080-exec-7] c.d.g.controllers.GameController         : Игры по тегу tagId=3
2026-03-26T18:18:26.223+04:00  INFO 14012 --- [http-nio-8080-exec-7] c.d.g.services.TagService                : Получение игр по тегу: 0, 15
2026-03-26T18:18:26.243+04:00  INFO 14012 --- [http-nio-8080-exec-7] c.d.g.services.TagService                : Ответ: Page 1 of 14 containing com.diplome.game_recommendation.models.GameEntity instances
2026-03-26T18:18:38.874+04:00  INFO 14012 --- [http-nio-8080-exec-5] c.d.g.controllers.TagController          : Получение тегов
2026-03-26T18:18:38.876+04:00  INFO 14012 --- [http-nio-8080-exec-5] c.d.g.services.TagService                : Получение тегов: 0, 5
2026-03-26T18:18:38.889+04:00  INFO 14012 --- [http-nio-8080-exec-5] c.d.g.services.TagService                : Ответ: Page 1 of 68 containing com.diplome.game_recommendation.models.TagEntity instances
2026-03-26T18:18:38.904+04:00  INFO 14012 --- [http-nio-8080-exec-4] c.d.g.controllers.GameController         : Игры по тегу tagId=3
2026-03-26T18:18:38.906+04:00  INFO 14012 --- [http-nio-8080-exec-4] c.d.g.services.TagService                : Получение игр по тегу: 0, 5
2026-03-26T18:18:38.907+04:00  INFO 14012 --- [http-nio-8080-exec-10] c.d.g.controllers.GameController         : Игры по тегу tagId=44
2026-03-26T18:18:38.907+04:00  INFO 14012 --- [http-nio-8080-exec-1] c.d.g.controllers.GameController         : Игры по тегу tagId=7
2026-03-26T18:18:38.908+04:00  INFO 14012 --- [http-nio-8080-exec-10] c.d.g.services.TagService                : Получение игр по тегу: 0, 5
2026-03-26T18:18:38.909+04:00  INFO 14012 --- [http-nio-8080-exec-1] c.d.g.services.TagService                : Получение игр по тегу: 0, 5
2026-03-26T18:18:38.910+04:00  INFO 14012 --- [http-nio-8080-exec-2] c.d.g.controllers.GameController         : Игры по тегу tagId=9
2026-03-26T18:18:38.917+04:00  INFO 14012 --- [http-nio-8080-exec-3] c.d.g.controllers.GameController         : Игры по тегу tagId=10
2026-03-26T18:18:38.925+04:00  INFO 14012 --- [http-nio-8080-exec-2] c.d.g.services.TagService                : Получение игр по тегу: 0, 5
2026-03-26T18:18:38.926+04:00  INFO 14012 --- [http-nio-8080-exec-3] c.d.g.services.TagService                : Получение игр по тегу: 0, 5
2026-03-26T18:18:38.935+04:00  INFO 14012 --- [http-nio-8080-exec-4] c.d.g.services.TagService                : Ответ: Page 1 of 40 containing com.diplome.game_recommendation.models.GameEntity instances
2026-03-26T18:18:38.937+04:00  INFO 14012 --- [http-nio-8080-exec-10] c.d.g.services.TagService                : Ответ: Page 1 of 40 containing com.diplome.game_recommendation.models.GameEntity instances
2026-03-26T18:18:38.943+04:00  INFO 14012 --- [http-nio-8080-exec-1] c.d.g.services.TagService                : Ответ: Page 1 of 40 containing com.diplome.game_recommendation.models.GameEntity instances
2026-03-26T18:18:38.953+04:00  INFO 14012 --- [http-nio-8080-exec-3] c.d.g.services.TagService                : Ответ: Page 1 of 40 containing com.diplome.game_recommendation.models.GameEntity instances
2026-03-26T18:18:38.963+04:00  INFO 14012 --- [http-nio-8080-exec-2] c.d.g.services.TagService                : Ответ: Page 1 of 40 containing com.diplome.game_recommendation.models.GameEntity instances
2026-03-26T18:18:41.599+04:00  INFO 14012 --- [http-nio-8080-exec-6] c.d.g.controllers.GameController         : Игры по тегу tagId=3
2026-03-26T18:18:41.600+04:00  INFO 14012 --- [http-nio-8080-exec-6] c.d.g.services.TagService                : Получение игр по тегу: 0, 10
2026-03-26T18:18:41.617+04:00  INFO 14012 --- [http-nio-8080-exec-6] c.d.g.services.TagService                : Ответ: Page 1 of 20 containing com.diplome.game_recommendation.models.GameEntity instances
2026-03-26T18:18:42.775+04:00  INFO 14012 --- [http-nio-8080-exec-8] c.d.g.controllers.GameController         : Игры по тегу tagId=3
2026-03-26T18:18:42.776+04:00  INFO 14012 --- [http-nio-8080-exec-8] c.d.g.services.TagService                : Получение игр по тегу: 0, 15
2026-03-26T18:18:42.793+04:00  INFO 14012 --- [http-nio-8080-exec-8] c.d.g.services.TagService                : Ответ: Page 1 of 14 containing com.diplome.game_recommendation.models.GameEntity instances
2026-03-26T18:18:46.235+04:00  INFO 14012 --- [http-nio-8080-exec-9] c.d.g.controllers.TagController          : Получение тегов
2026-03-26T18:18:46.237+04:00  INFO 14012 --- [http-nio-8080-exec-9] c.d.g.services.TagService                : Получение тегов: 0, 5
2026-03-26T18:18:46.248+04:00  INFO 14012 --- [http-nio-8080-exec-9] c.d.g.services.TagService                : Ответ: Page 1 of 68 containing com.diplome.game_recommendation.models.TagEntity instances
2026-03-26T18:18:46.262+04:00  INFO 14012 --- [http-nio-8080-exec-5] c.d.g.controllers.GameController         : Игры по тегу tagId=44
2026-03-26T18:18:46.263+04:00  INFO 14012 --- [http-nio-8080-exec-7] c.d.g.controllers.GameController         : Игры по тегу tagId=3
2026-03-26T18:18:46.267+04:00  INFO 14012 --- [http-nio-8080-exec-7] c.d.g.services.TagService                : Получение игр по тегу: 0, 5
2026-03-26T18:18:46.271+04:00  INFO 14012 --- [http-nio-8080-exec-10] c.d.g.controllers.GameController         : Игры по тегу tagId=9
2026-03-26T18:18:46.265+04:00  INFO 14012 --- [http-nio-8080-exec-5] c.d.g.services.TagService                : Получение игр по тегу: 0, 5
2026-03-26T18:18:46.269+04:00  INFO 14012 --- [http-nio-8080-exec-4] c.d.g.controllers.GameController         : Игры по тегу tagId=7
2026-03-26T18:18:46.283+04:00  INFO 14012 --- [http-nio-8080-exec-4] c.d.g.services.TagService                : Получение игр по тегу: 0, 5
2026-03-26T18:18:46.273+04:00  INFO 14012 --- [http-nio-8080-exec-10] c.d.g.services.TagService                : Получение игр по тегу: 0, 5
2026-03-26T18:18:46.285+04:00  INFO 14012 --- [http-nio-8080-exec-1] c.d.g.controllers.GameController         : Игры по тегу tagId=10
2026-03-26T18:18:46.314+04:00  INFO 14012 --- [http-nio-8080-exec-7] c.d.g.services.TagService                : Ответ: Page 1 of 40 containing com.diplome.game_recommendation.models.GameEntity instances
2026-03-26T18:18:46.315+04:00  INFO 14012 --- [http-nio-8080-exec-1] c.d.g.services.TagService                : Получение игр по тегу: 0, 5
2026-03-26T18:18:46.327+04:00  INFO 14012 --- [http-nio-8080-exec-5] c.d.g.services.TagService                : Ответ: Page 1 of 40 containing com.diplome.game_recommendation.models.GameEntity instances
2026-03-26T18:18:46.396+04:00  INFO 14012 --- [http-nio-8080-exec-10] c.d.g.services.TagService                : Ответ: Page 1 of 40 containing com.diplome.game_recommendation.models.GameEntity instances
2026-03-26T18:18:46.410+04:00  INFO 14012 --- [http-nio-8080-exec-4] c.d.g.services.TagService                : Ответ: Page 1 of 40 containing com.diplome.game_recommendation.models.GameEntity instances
2026-03-26T18:18:46.430+04:00  INFO 14012 --- [http-nio-8080-exec-1] c.d.g.services.TagService                : Ответ: Page 1 of 40 containing com.diplome.game_recommendation.models.GameEntity instances
2026-03-26T18:20:37.317+04:00  INFO 14012 --- [http-nio-8080-exec-7] c.d.g.controllers.TagController          : Получение тегов
2026-03-26T18:20:37.321+04:00  INFO 14012 --- [http-nio-8080-exec-7] c.d.g.services.TagService                : Получение тегов: 0, 5
2026-03-26T18:20:37.331+04:00  INFO 14012 --- [http-nio-8080-exec-7] c.d.g.services.TagService                : Ответ: Page 1 of 68 containing com.diplome.game_recommendation.models.TagEntity instances
2026-03-26T18:20:37.347+04:00  INFO 14012 --- [http-nio-8080-exec-5] c.d.g.controllers.GameController         : Игры по тегу tagId=3
2026-03-26T18:20:37.351+04:00  INFO 14012 --- [http-nio-8080-exec-4] c.d.g.controllers.GameController         : Игры по тегу tagId=44
2026-03-26T18:20:37.357+04:00  INFO 14012 --- [http-nio-8080-exec-10] c.d.g.controllers.GameController         : Игры по тегу tagId=7
2026-03-26T18:20:37.358+04:00  INFO 14012 --- [http-nio-8080-exec-5] c.d.g.services.TagService                : Получение игр по тегу: 0, 5
2026-03-26T18:20:37.358+04:00  INFO 14012 --- [http-nio-8080-exec-3] c.d.g.controllers.GameController         : Игры по тегу tagId=10
2026-03-26T18:20:37.358+04:00  INFO 14012 --- [http-nio-8080-exec-1] c.d.g.controllers.GameController         : Игры по тегу tagId=9
2026-03-26T18:20:37.358+04:00  INFO 14012 --- [http-nio-8080-exec-4] c.d.g.services.TagService                : Получение игр по тегу: 0, 5
2026-03-26T18:20:37.359+04:00  INFO 14012 --- [http-nio-8080-exec-10] c.d.g.services.TagService                : Получение игр по тегу: 0, 5
2026-03-26T18:20:37.360+04:00  INFO 14012 --- [http-nio-8080-exec-3] c.d.g.services.TagService                : Получение игр по тегу: 0, 5
2026-03-26T18:20:37.361+04:00  INFO 14012 --- [http-nio-8080-exec-1] c.d.g.services.TagService                : Получение игр по тегу: 0, 5
2026-03-26T18:20:37.383+04:00  INFO 14012 --- [http-nio-8080-exec-5] c.d.g.services.TagService                : Ответ: Page 1 of 40 containing com.diplome.game_recommendation.models.GameEntity instances
2026-03-26T18:20:37.390+04:00  INFO 14012 --- [http-nio-8080-exec-4] c.d.g.services.TagService                : Ответ: Page 1 of 40 containing com.diplome.game_recommendation.models.GameEntity instances
2026-03-26T18:20:37.392+04:00  INFO 14012 --- [http-nio-8080-exec-3] c.d.g.services.TagService                : Ответ: Page 1 of 40 containing com.diplome.game_recommendation.models.GameEntity instances
2026-03-26T18:20:37.395+04:00  INFO 14012 --- [http-nio-8080-exec-10] c.d.g.services.TagService                : Ответ: Page 1 of 40 containing com.diplome.game_recommendation.models.GameEntity instances
2026-03-26T18:20:37.400+04:00  INFO 14012 --- [http-nio-8080-exec-1] c.d.g.services.TagService                : Ответ: Page 1 of 40 containing com.diplome.game_recommendation.models.GameEntity instances
2026-03-26T18:21:34.077+04:00  INFO 14012 --- [http-nio-8080-exec-6] c.d.g.controllers.TagController          : Получение тегов
2026-03-26T18:21:34.079+04:00  INFO 14012 --- [http-nio-8080-exec-6] c.d.g.services.TagService                : Получение тегов: 0, 5
2026-03-26T18:21:34.088+04:00  INFO 14012 --- [http-nio-8080-exec-6] c.d.g.services.TagService                : Ответ: Page 1 of 68 containing com.diplome.game_recommendation.models.TagEntity instances
2026-03-26T18:21:34.099+04:00  INFO 14012 --- [http-nio-8080-exec-2] c.d.g.controllers.GameController         : Игры по тегу tagId=3
2026-03-26T18:21:34.105+04:00  INFO 14012 --- [http-nio-8080-exec-2] c.d.g.services.TagService                : Получение игр по тегу: 0, 5
2026-03-26T18:21:34.102+04:00  INFO 14012 --- [http-nio-8080-exec-8] c.d.g.controllers.GameController         : Игры по тегу tagId=44
2026-03-26T18:21:34.108+04:00  INFO 14012 --- [http-nio-8080-exec-7] c.d.g.controllers.GameController         : Игры по тегу tagId=9
2026-03-26T18:21:34.105+04:00  INFO 14012 --- [http-nio-8080-exec-9] c.d.g.controllers.GameController         : Игры по тегу tagId=7
2026-03-26T18:21:34.108+04:00  INFO 14012 --- [http-nio-8080-exec-8] c.d.g.services.TagService                : Получение игр по тегу: 0, 5
2026-03-26T18:21:34.108+04:00  INFO 14012 --- [http-nio-8080-exec-5] c.d.g.controllers.GameController         : Игры по тегу tagId=10
2026-03-26T18:21:34.109+04:00  INFO 14012 --- [http-nio-8080-exec-7] c.d.g.services.TagService                : Получение игр по тегу: 0, 5
2026-03-26T18:21:34.110+04:00  INFO 14012 --- [http-nio-8080-exec-9] c.d.g.services.TagService                : Получение игр по тегу: 0, 5
2026-03-26T18:21:34.112+04:00  INFO 14012 --- [http-nio-8080-exec-5] c.d.g.services.TagService                : Получение игр по тегу: 0, 5
2026-03-26T18:21:34.124+04:00  INFO 14012 --- [http-nio-8080-exec-2] c.d.g.services.TagService                : Ответ: Page 1 of 40 containing com.diplome.game_recommendation.models.GameEntity instances
2026-03-26T18:21:34.134+04:00  INFO 14012 --- [http-nio-8080-exec-8] c.d.g.services.TagService                : Ответ: Page 1 of 40 containing com.diplome.game_recommendation.models.GameEntity instances
2026-03-26T18:21:34.135+04:00  INFO 14012 --- [http-nio-8080-exec-7] c.d.g.services.TagService                : Ответ: Page 1 of 40 containing com.diplome.game_recommendation.models.GameEntity instances
2026-03-26T18:21:34.137+04:00  INFO 14012 --- [http-nio-8080-exec-9] c.d.g.services.TagService                : Ответ: Page 1 of 40 containing com.diplome.game_recommendation.models.GameEntity instances
2026-03-26T18:21:34.152+04:00  INFO 14012 --- [http-nio-8080-exec-5] c.d.g.services.TagService                : Ответ: Page 1 of 40 containing com.diplome.game_recommendation.models.GameEntity instances
2026-03-26T18:21:56.490+04:00  INFO 14012 --- [http-nio-8080-exec-4] c.d.g.controllers.TagController          : Получение тегов
2026-03-26T18:21:56.497+04:00  INFO 14012 --- [http-nio-8080-exec-4] c.d.g.services.TagService                : Получение тегов: 0, 5
2026-03-26T18:21:56.507+04:00  INFO 14012 --- [http-nio-8080-exec-4] c.d.g.services.TagService                : Ответ: Page 1 of 68 containing com.diplome.game_recommendation.models.TagEntity instances
2026-03-26T18:21:56.531+04:00  INFO 14012 --- [http-nio-8080-exec-3] c.d.g.controllers.GameController         : Игры по тегу tagId=3
2026-03-26T18:21:56.538+04:00  INFO 14012 --- [http-nio-8080-exec-1] c.d.g.controllers.GameController         : Игры по тегу tagId=7
2026-03-26T18:21:56.543+04:00  INFO 14012 --- [http-nio-8080-exec-10] c.d.g.controllers.GameController         : Игры по тегу tagId=44
2026-03-26T18:21:56.565+04:00  INFO 14012 --- [http-nio-8080-exec-6] c.d.g.controllers.GameController         : Игры по тегу tagId=9
2026-03-26T18:21:56.574+04:00  INFO 14012 --- [http-nio-8080-exec-1] c.d.g.services.TagService                : Получение игр по тегу: 0, 5
2026-03-26T18:21:56.574+04:00  INFO 14012 --- [http-nio-8080-exec-3] c.d.g.services.TagService                : Получение игр по тегу: 0, 5
2026-03-26T18:21:56.575+04:00  INFO 14012 --- [http-nio-8080-exec-2] c.d.g.controllers.GameController         : Игры по тегу tagId=10
2026-03-26T18:21:56.575+04:00  INFO 14012 --- [http-nio-8080-exec-10] c.d.g.services.TagService                : Получение игр по тегу: 0, 5
2026-03-26T18:21:56.576+04:00  INFO 14012 --- [http-nio-8080-exec-6] c.d.g.services.TagService                : Получение игр по тегу: 0, 5
2026-03-26T18:21:56.579+04:00  INFO 14012 --- [http-nio-8080-exec-2] c.d.g.services.TagService                : Получение игр по тегу: 0, 5
2026-03-26T18:21:56.595+04:00  INFO 14012 --- [http-nio-8080-exec-1] c.d.g.services.TagService                : Ответ: Page 1 of 40 containing com.diplome.game_recommendation.models.GameEntity instances
2026-03-26T18:21:56.599+04:00  INFO 14012 --- [http-nio-8080-exec-3] c.d.g.services.TagService                : Ответ: Page 1 of 40 containing com.diplome.game_recommendation.models.GameEntity instances
2026-03-26T18:21:56.601+04:00  INFO 14012 --- [http-nio-8080-exec-10] c.d.g.services.TagService                : Ответ: Page 1 of 40 containing com.diplome.game_recommendation.models.GameEntity instances
2026-03-26T18:21:56.602+04:00  INFO 14012 --- [http-nio-8080-exec-6] c.d.g.services.TagService                : Ответ: Page 1 of 40 containing com.diplome.game_recommendation.models.GameEntity instances
2026-03-26T18:21:56.604+04:00  INFO 14012 --- [http-nio-8080-exec-2] c.d.g.services.TagService                : Ответ: Page 1 of 40 containing com.diplome.game_recommendation.models.GameEntity instances
2026-03-26T18:23:21.988+04:00  INFO 14012 --- [http-nio-8080-exec-3] c.d.g.controllers.TagController          : Получение тегов
2026-03-26T18:23:22.013+04:00  INFO 14012 --- [http-nio-8080-exec-3] c.d.g.services.TagService                : Получение тегов: 0, 5
2026-03-26T18:23:22.054+04:00  INFO 14012 --- [http-nio-8080-exec-3] c.d.g.services.TagService                : Ответ: Page 1 of 68 containing com.diplome.game_recommendation.models.TagEntity instances
2026-03-26T18:23:22.102+04:00  INFO 14012 --- [http-nio-8080-exec-1] c.d.g.controllers.GameController         : Игры по тегу tagId=3
2026-03-26T18:23:22.121+04:00  INFO 14012 --- [http-nio-8080-exec-1] c.d.g.services.TagService                : Получение игр по тегу: 0, 5
2026-03-26T18:23:22.110+04:00  INFO 14012 --- [http-nio-8080-exec-10] c.d.g.controllers.GameController         : Игры по тегу tagId=44
2026-03-26T18:23:22.120+04:00  INFO 14012 --- [http-nio-8080-exec-2] c.d.g.controllers.GameController         : Игры по тегу tagId=9
2026-03-26T18:23:22.123+04:00  INFO 14012 --- [http-nio-8080-exec-6] c.d.g.controllers.GameController         : Игры по тегу tagId=7
2026-03-26T18:23:22.127+04:00  INFO 14012 --- [http-nio-8080-exec-10] c.d.g.services.TagService                : Получение игр по тегу: 0, 5
2026-03-26T18:23:22.136+04:00  INFO 14012 --- [http-nio-8080-exec-8] c.d.g.controllers.GameController         : Игры по тегу tagId=10
2026-03-26T18:23:22.131+04:00  INFO 14012 --- [http-nio-8080-exec-2] c.d.g.services.TagService                : Получение игр по тегу: 0, 5
2026-03-26T18:23:22.135+04:00  INFO 14012 --- [http-nio-8080-exec-6] c.d.g.services.TagService                : Получение игр по тегу: 0, 5
2026-03-26T18:23:22.179+04:00  INFO 14012 --- [http-nio-8080-exec-8] c.d.g.services.TagService                : Получение игр по тегу: 0, 5
2026-03-26T18:23:22.204+04:00  INFO 14012 --- [http-nio-8080-exec-1] c.d.g.services.TagService                : Ответ: Page 1 of 40 containing com.diplome.game_recommendation.models.GameEntity instances
2026-03-26T18:23:22.205+04:00  INFO 14012 --- [http-nio-8080-exec-10] c.d.g.services.TagService                : Ответ: Page 1 of 40 containing com.diplome.game_recommendation.models.GameEntity instances
2026-03-26T18:23:22.223+04:00  INFO 14012 --- [http-nio-8080-exec-2] c.d.g.services.TagService                : Ответ: Page 1 of 40 containing com.diplome.game_recommendation.models.GameEntity instances
2026-03-26T18:23:22.224+04:00  INFO 14012 --- [http-nio-8080-exec-6] c.d.g.services.TagService                : Ответ: Page 1 of 40 containing com.diplome.game_recommendation.models.GameEntity instances
2026-03-26T18:23:22.245+04:00  INFO 14012 --- [http-nio-8080-exec-8] c.d.g.services.TagService                : Ответ: Page 1 of 40 containing com.diplome.game_recommendation.models.GameEntity instances
2026-03-26T18:23:25.930+04:00  INFO 14012 --- [http-nio-8080-exec-7] c.d.g.controllers.TagController          : Получение тегов
2026-03-26T18:23:25.943+04:00  INFO 14012 --- [http-nio-8080-exec-7] c.d.g.services.TagService                : Получение тегов: 1, 5
2026-03-26T18:23:25.984+04:00  INFO 14012 --- [http-nio-8080-exec-7] c.d.g.services.TagService                : Ответ: Page 2 of 68 containing com.diplome.game_recommendation.models.TagEntity instances
2026-03-26T18:23:25.995+04:00  INFO 14012 --- [http-nio-8080-exec-4] c.d.g.controllers.GameController         : Игры по тегу tagId=12
2026-03-26T18:23:25.997+04:00  INFO 14012 --- [http-nio-8080-exec-9] c.d.g.controllers.GameController         : Игры по тегу tagId=13
2026-03-26T18:23:25.999+04:00  INFO 14012 --- [http-nio-8080-exec-5] c.d.g.controllers.GameController         : Игры по тегу tagId=14
2026-03-26T18:23:26.000+04:00  INFO 14012 --- [http-nio-8080-exec-4] c.d.g.services.TagService                : Получение игр по тегу: 0, 5
2026-03-26T18:23:26.000+04:00  INFO 14012 --- [http-nio-8080-exec-1] c.d.g.controllers.GameController         : Игры по тегу tagId=16
2026-03-26T18:23:26.000+04:00  INFO 14012 --- [http-nio-8080-exec-3] c.d.g.controllers.GameController         : Игры по тегу tagId=15
2026-03-26T18:23:26.001+04:00  INFO 14012 --- [http-nio-8080-exec-9] c.d.g.services.TagService                : Получение игр по тегу: 0, 5
2026-03-26T18:23:26.001+04:00  INFO 14012 --- [http-nio-8080-exec-5] c.d.g.services.TagService                : Получение игр по тегу: 0, 5
2026-03-26T18:23:26.002+04:00  INFO 14012 --- [http-nio-8080-exec-1] c.d.g.services.TagService                : Получение игр по тегу: 0, 5
2026-03-26T18:23:26.003+04:00  INFO 14012 --- [http-nio-8080-exec-3] c.d.g.services.TagService                : Получение игр по тегу: 0, 5
2026-03-26T18:23:26.022+04:00  INFO 14012 --- [http-nio-8080-exec-4] c.d.g.services.TagService                : Ответ: Page 1 of 40 containing com.diplome.game_recommendation.models.GameEntity instances
2026-03-26T18:23:26.025+04:00  INFO 14012 --- [http-nio-8080-exec-5] c.d.g.services.TagService                : Ответ: Page 1 of 40 containing com.diplome.game_recommendation.models.GameEntity instances
2026-03-26T18:23:26.027+04:00  INFO 14012 --- [http-nio-8080-exec-3] c.d.g.services.TagService                : Ответ: Page 1 of 40 containing com.diplome.game_recommendation.models.GameEntity instances
2026-03-26T18:23:26.029+04:00  INFO 14012 --- [http-nio-8080-exec-9] c.d.g.services.TagService                : Ответ: Page 1 of 40 containing com.diplome.game_recommendation.models.GameEntity instances
2026-03-26T18:23:26.034+04:00  INFO 14012 --- [http-nio-8080-exec-1] c.d.g.services.TagService                : Ответ: Page 1 of 40 containing com.diplome.game_recommendation.models.GameEntity instances
2026-03-26T18:25:17.067+04:00  INFO 14012 --- [http-nio-8080-exec-5] c.d.g.controllers.TagController          : Получение тегов
2026-03-26T18:25:17.067+04:00  INFO 14012 --- [http-nio-8080-exec-4] c.d.g.controllers.GameController         : Популярные игры
2026-03-26T18:25:17.069+04:00  INFO 14012 --- [http-nio-8080-exec-5] c.d.g.services.TagService                : Получение тегов: 0, 5
2026-03-26T18:25:17.099+04:00  INFO 14012 --- [http-nio-8080-exec-5] c.d.g.services.TagService                : Ответ: Page 1 of 68 containing com.diplome.game_recommendation.models.TagEntity instances
2026-03-26T18:25:17.114+04:00  INFO 14012 --- [http-nio-8080-exec-3] c.d.g.controllers.GameController         : Игры по тегу tagId=3
2026-03-26T18:25:17.125+04:00  INFO 14012 --- [http-nio-8080-exec-1] c.d.g.controllers.GameController         : Игры по тегу tagId=7
2026-03-26T18:25:17.126+04:00  INFO 14012 --- [http-nio-8080-exec-9] c.d.g.controllers.GameController         : Игры по тегу tagId=44
2026-03-26T18:25:17.128+04:00  INFO 14012 --- [http-nio-8080-exec-10] c.d.g.controllers.GameController         : Игры по тегу tagId=9
2026-03-26T18:25:17.130+04:00  INFO 14012 --- [http-nio-8080-exec-3] c.d.g.services.TagService                : Получение игр по тегу: 0, 5
2026-03-26T18:25:17.132+04:00  INFO 14012 --- [http-nio-8080-exec-1] c.d.g.services.TagService                : Получение игр по тегу: 0, 5
2026-03-26T18:25:17.132+04:00  INFO 14012 --- [http-nio-8080-exec-2] c.d.g.controllers.GameController         : Игры по тегу tagId=10
2026-03-26T18:25:17.192+04:00  INFO 14012 --- [http-nio-8080-exec-2] c.d.g.services.TagService                : Получение игр по тегу: 0, 5
2026-03-26T18:25:17.134+04:00  INFO 14012 --- [http-nio-8080-exec-9] c.d.g.services.TagService                : Получение игр по тегу: 0, 5
2026-03-26T18:25:17.135+04:00  INFO 14012 --- [http-nio-8080-exec-10] c.d.g.services.TagService                : Получение игр по тегу: 0, 5
2026-03-26T18:25:17.200+04:00  INFO 14012 --- [http-nio-8080-exec-1] c.d.g.services.TagService                : Ответ: Page 1 of 40 containing com.diplome.game_recommendation.models.GameEntity instances
2026-03-26T18:25:17.208+04:00  INFO 14012 --- [http-nio-8080-exec-3] c.d.g.services.TagService                : Ответ: Page 1 of 40 containing com.diplome.game_recommendation.models.GameEntity instances
2026-03-26T18:25:17.348+04:00  INFO 14012 --- [http-nio-8080-exec-2] c.d.g.services.TagService                : Ответ: Page 1 of 40 containing com.diplome.game_recommendation.models.GameEntity instances
2026-03-26T18:25:17.348+04:00  INFO 14012 --- [http-nio-8080-exec-9] c.d.g.services.TagService                : Ответ: Page 1 of 40 containing com.diplome.game_recommendation.models.GameEntity instances
2026-03-26T18:25:17.407+04:00  INFO 14012 --- [http-nio-8080-exec-10] c.d.g.services.TagService                : Ответ: Page 1 of 40 containing com.diplome.game_recommendation.models.GameEntity instances
2026-03-26T18:25:43.299+04:00  INFO 14012 --- [http-nio-8080-exec-6] c.d.g.controllers.GameController         : Популярные игры
2026-03-26T18:25:43.312+04:00  INFO 14012 --- [http-nio-8080-exec-8] c.d.g.controllers.TagController          : Получение тегов
2026-03-26T18:25:43.317+04:00  INFO 14012 --- [http-nio-8080-exec-8] c.d.g.services.TagService                : Получение тегов: 0, 5
2026-03-26T18:25:43.326+04:00  INFO 14012 --- [http-nio-8080-exec-8] c.d.g.services.TagService                : Ответ: Page 1 of 68 containing com.diplome.game_recommendation.models.TagEntity instances
2026-03-26T18:25:43.343+04:00  INFO 14012 --- [http-nio-8080-exec-4] c.d.g.controllers.GameController         : Игры по тегу tagId=7
2026-03-26T18:25:43.343+04:00  INFO 14012 --- [http-nio-8080-exec-5] c.d.g.controllers.GameController         : Игры по тегу tagId=44
2026-03-26T18:25:43.349+04:00  INFO 14012 --- [http-nio-8080-exec-5] c.d.g.services.TagService                : Получение игр по тегу: 0, 5
2026-03-26T18:25:43.346+04:00  INFO 14012 --- [http-nio-8080-exec-7] c.d.g.controllers.GameController         : Игры по тегу tagId=3
2026-03-26T18:25:43.346+04:00  INFO 14012 --- [http-nio-8080-exec-1] c.d.g.controllers.GameController         : Игры по тегу tagId=9
2026-03-26T18:25:43.347+04:00  INFO 14012 --- [http-nio-8080-exec-4] c.d.g.services.TagService                : Получение игр по тегу: 0, 5
2026-03-26T18:25:43.352+04:00  INFO 14012 --- [http-nio-8080-exec-3] c.d.g.controllers.GameController         : Игры по тегу tagId=10
2026-03-26T18:25:43.355+04:00  INFO 14012 --- [http-nio-8080-exec-7] c.d.g.services.TagService                : Получение игр по тегу: 0, 5
2026-03-26T18:25:43.356+04:00  INFO 14012 --- [http-nio-8080-exec-1] c.d.g.services.TagService                : Получение игр по тегу: 0, 5
2026-03-26T18:25:43.358+04:00  INFO 14012 --- [http-nio-8080-exec-3] c.d.g.services.TagService                : Получение игр по тегу: 0, 5
2026-03-26T18:25:43.389+04:00  INFO 14012 --- [http-nio-8080-exec-5] c.d.g.services.TagService                : Ответ: Page 1 of 40 containing com.diplome.game_recommendation.models.GameEntity instances
2026-03-26T18:25:43.391+04:00  INFO 14012 --- [http-nio-8080-exec-7] c.d.g.services.TagService                : Ответ: Page 1 of 40 containing com.diplome.game_recommendation.models.GameEntity instances
2026-03-26T18:25:43.393+04:00  INFO 14012 --- [http-nio-8080-exec-4] c.d.g.services.TagService                : Ответ: Page 1 of 40 containing com.diplome.game_recommendation.models.GameEntity instances
2026-03-26T18:25:43.405+04:00  INFO 14012 --- [http-nio-8080-exec-1] c.d.g.services.TagService                : Ответ: Page 1 of 40 containing com.diplome.game_recommendation.models.GameEntity instances
2026-03-26T18:25:43.413+04:00  INFO 14012 --- [http-nio-8080-exec-3] c.d.g.services.TagService                : Ответ: Page 1 of 40 containing com.diplome.game_recommendation.models.GameEntity instances
2026-03-26T18:28:18.227+04:00  INFO 14012 --- [http-nio-8080-exec-7] c.d.g.controllers.GameController         : Популярные игры
2026-03-26T18:28:18.227+04:00  INFO 14012 --- [http-nio-8080-exec-4] c.d.g.controllers.TagController          : Получение тегов
2026-03-26T18:28:18.229+04:00  INFO 14012 --- [http-nio-8080-exec-4] c.d.g.services.TagService                : Получение тегов: 0, 5
2026-03-26T18:28:18.243+04:00  INFO 14012 --- [http-nio-8080-exec-4] c.d.g.services.TagService                : Ответ: Page 1 of 68 containing com.diplome.game_recommendation.models.TagEntity instances
2026-03-26T18:28:18.255+04:00  INFO 14012 --- [http-nio-8080-exec-1] c.d.g.controllers.GameController         : Игры по тегу tagId=3
2026-03-26T18:28:18.260+04:00  INFO 14012 --- [http-nio-8080-exec-1] c.d.g.services.TagService                : Получение игр по тегу: 0, 5
2026-03-26T18:28:18.259+04:00  INFO 14012 --- [http-nio-8080-exec-3] c.d.g.controllers.GameController         : Игры по тегу tagId=44
2026-03-26T18:28:18.262+04:00  INFO 14012 --- [http-nio-8080-exec-8] c.d.g.controllers.GameController         : Игры по тегу tagId=7
2026-03-26T18:28:18.263+04:00  INFO 14012 --- [http-nio-8080-exec-10] c.d.g.controllers.GameController         : Игры по тегу tagId=9
2026-03-26T18:28:18.263+04:00  INFO 14012 --- [http-nio-8080-exec-2] c.d.g.controllers.GameController         : Игры по тегу tagId=10
2026-03-26T18:28:18.263+04:00  INFO 14012 --- [http-nio-8080-exec-3] c.d.g.services.TagService                : Получение игр по тегу: 0, 5
2026-03-26T18:28:18.265+04:00  INFO 14012 --- [http-nio-8080-exec-8] c.d.g.services.TagService                : Получение игр по тегу: 0, 5
2026-03-26T18:28:18.269+04:00  INFO 14012 --- [http-nio-8080-exec-10] c.d.g.services.TagService                : Получение игр по тегу: 0, 5
2026-03-26T18:28:18.270+04:00  INFO 14012 --- [http-nio-8080-exec-2] c.d.g.services.TagService                : Получение игр по тегу: 0, 5
2026-03-26T18:28:18.280+04:00  INFO 14012 --- [http-nio-8080-exec-1] c.d.g.services.TagService                : Ответ: Page 1 of 40 containing com.diplome.game_recommendation.models.GameEntity instances
2026-03-26T18:28:18.290+04:00  INFO 14012 --- [http-nio-8080-exec-3] c.d.g.services.TagService                : Ответ: Page 1 of 40 containing com.diplome.game_recommendation.models.GameEntity instances
2026-03-26T18:28:18.293+04:00  INFO 14012 --- [http-nio-8080-exec-10] c.d.g.services.TagService                : Ответ: Page 1 of 40 containing com.diplome.game_recommendation.models.GameEntity instances
2026-03-26T18:28:18.294+04:00  INFO 14012 --- [http-nio-8080-exec-8] c.d.g.services.TagService                : Ответ: Page 1 of 40 containing com.diplome.game_recommendation.models.GameEntity instances
2026-03-26T18:28:18.310+04:00  INFO 14012 --- [http-nio-8080-exec-2] c.d.g.services.TagService                : Ответ: Page 1 of 40 containing com.diplome.game_recommendation.models.GameEntity instances
2026-03-26T18:28:18.341+04:00  INFO 14012 --- [http-nio-8080-exec-5] c.d.g.controllers.GameController         : Популярные игры
2026-03-26T18:28:18.342+04:00  INFO 14012 --- [http-nio-8080-exec-6] c.d.g.controllers.TagController          : Получение тегов
2026-03-26T18:28:18.343+04:00  INFO 14012 --- [http-nio-8080-exec-6] c.d.g.services.TagService                : Получение тегов: 0, 5
2026-03-26T18:28:18.351+04:00  INFO 14012 --- [http-nio-8080-exec-6] c.d.g.services.TagService                : Ответ: Page 1 of 68 containing com.diplome.game_recommendation.models.TagEntity instances
2026-03-26T18:28:18.404+04:00  INFO 14012 --- [http-nio-8080-exec-9] c.d.g.controllers.GameController         : Игры по тегу tagId=3
2026-03-26T18:28:18.407+04:00  INFO 14012 --- [http-nio-8080-exec-4] c.d.g.controllers.GameController         : Игры по тегу tagId=44
2026-03-26T18:28:18.409+04:00  INFO 14012 --- [http-nio-8080-exec-9] c.d.g.services.TagService                : Получение игр по тегу: 0, 5
2026-03-26T18:28:18.410+04:00  INFO 14012 --- [http-nio-8080-exec-1] c.d.g.controllers.GameController         : Игры по тегу tagId=9
2026-03-26T18:28:18.410+04:00  INFO 14012 --- [http-nio-8080-exec-4] c.d.g.services.TagService                : Получение игр по тегу: 0, 5
2026-03-26T18:28:18.410+04:00  INFO 14012 --- [http-nio-8080-exec-7] c.d.g.controllers.GameController         : Игры по тегу tagId=7
2026-03-26T18:28:18.415+04:00  INFO 14012 --- [http-nio-8080-exec-1] c.d.g.services.TagService                : Получение игр по тегу: 0, 5
2026-03-26T18:28:18.416+04:00  INFO 14012 --- [http-nio-8080-exec-3] c.d.g.controllers.GameController         : Игры по тегу tagId=10
2026-03-26T18:28:18.420+04:00  INFO 14012 --- [http-nio-8080-exec-10] c.d.g.controllers.GameController         : Популярные игры
2026-03-26T18:28:18.423+04:00  INFO 14012 --- [http-nio-8080-exec-7] c.d.g.services.TagService                : Получение игр по тегу: 0, 5
2026-03-26T18:28:18.426+04:00  INFO 14012 --- [http-nio-8080-exec-3] c.d.g.services.TagService                : Получение игр по тегу: 0, 5
2026-03-26T18:28:18.437+04:00  INFO 14012 --- [http-nio-8080-exec-9] c.d.g.services.TagService                : Ответ: Page 1 of 40 containing com.diplome.game_recommendation.models.GameEntity instances
2026-03-26T18:28:18.440+04:00  INFO 14012 --- [http-nio-8080-exec-4] c.d.g.services.TagService                : Ответ: Page 1 of 40 containing com.diplome.game_recommendation.models.GameEntity instances
2026-03-26T18:28:18.453+04:00  INFO 14012 --- [http-nio-8080-exec-1] c.d.g.services.TagService                : Ответ: Page 1 of 40 containing com.diplome.game_recommendation.models.GameEntity instances
2026-03-26T18:28:18.454+04:00  INFO 14012 --- [http-nio-8080-exec-8] c.d.g.controllers.TagController          : Получение тегов
2026-03-26T18:28:18.459+04:00  INFO 14012 --- [http-nio-8080-exec-8] c.d.g.services.TagService                : Получение тегов: 0, 5
2026-03-26T18:28:18.475+04:00  INFO 14012 --- [http-nio-8080-exec-8] c.d.g.services.TagService                : Ответ: Page 1 of 68 containing com.diplome.game_recommendation.models.TagEntity instances
2026-03-26T18:28:18.470+04:00  INFO 14012 --- [http-nio-8080-exec-3] c.d.g.services.TagService                : Ответ: Page 1 of 40 containing com.diplome.game_recommendation.models.GameEntity instances
2026-03-26T18:28:18.487+04:00  INFO 14012 --- [http-nio-8080-exec-7] c.d.g.services.TagService                : Ответ: Page 1 of 40 containing com.diplome.game_recommendation.models.GameEntity instances
2026-03-26T18:28:18.539+04:00  INFO 14012 --- [http-nio-8080-exec-2] c.d.g.controllers.GameController         : Игры по тегу tagId=3
2026-03-26T18:28:18.541+04:00  INFO 14012 --- [http-nio-8080-exec-6] c.d.g.controllers.GameController         : Игры по тегу tagId=44
2026-03-26T18:28:18.542+04:00  INFO 14012 --- [http-nio-8080-exec-5] c.d.g.controllers.GameController         : Игры по тегу tagId=7
2026-03-26T18:28:18.542+04:00  INFO 14012 --- [http-nio-8080-exec-2] c.d.g.services.TagService                : Получение игр по тегу: 0, 5
2026-03-26T18:28:18.544+04:00  INFO 14012 --- [http-nio-8080-exec-6] c.d.g.services.TagService                : Получение игр по тегу: 0, 5
2026-03-26T18:28:18.545+04:00  INFO 14012 --- [http-nio-8080-exec-5] c.d.g.services.TagService                : Получение игр по тегу: 0, 5
2026-03-26T18:28:18.550+04:00  INFO 14012 --- [http-nio-8080-exec-9] c.d.g.controllers.GameController         : Игры по тегу tagId=9
2026-03-26T18:28:18.555+04:00  INFO 14012 --- [http-nio-8080-exec-4] c.d.g.controllers.GameController         : Игры по тегу tagId=10
2026-03-26T18:28:18.557+04:00  INFO 14012 --- [http-nio-8080-exec-1] c.d.g.controllers.GameController         : Популярные игры
2026-03-26T18:28:18.558+04:00  INFO 14012 --- [http-nio-8080-exec-9] c.d.g.services.TagService                : Получение игр по тегу: 0, 5
2026-03-26T18:28:18.559+04:00  INFO 14012 --- [http-nio-8080-exec-4] c.d.g.services.TagService                : Получение игр по тегу: 0, 5
2026-03-26T18:28:18.572+04:00  INFO 14012 --- [http-nio-8080-exec-2] c.d.g.services.TagService                : Ответ: Page 1 of 40 containing com.diplome.game_recommendation.models.GameEntity instances
2026-03-26T18:28:18.574+04:00  INFO 14012 --- [http-nio-8080-exec-5] c.d.g.services.TagService                : Ответ: Page 1 of 40 containing com.diplome.game_recommendation.models.GameEntity instances
2026-03-26T18:28:18.586+04:00  INFO 14012 --- [http-nio-8080-exec-6] c.d.g.services.TagService                : Ответ: Page 1 of 40 containing com.diplome.game_recommendation.models.GameEntity instances
2026-03-26T18:28:18.594+04:00  INFO 14012 --- [http-nio-8080-exec-9] c.d.g.services.TagService                : Ответ: Page 1 of 40 containing com.diplome.game_recommendation.models.GameEntity instances
2026-03-26T18:28:18.596+04:00  INFO 14012 --- [http-nio-8080-exec-8] c.d.g.controllers.TagController          : Получение тегов
2026-03-26T18:28:18.616+04:00  INFO 14012 --- [http-nio-8080-exec-8] c.d.g.services.TagService                : Получение тегов: 0, 5
2026-03-26T18:28:18.621+04:00  INFO 14012 --- [http-nio-8080-exec-4] c.d.g.services.TagService                : Ответ: Page 1 of 40 containing com.diplome.game_recommendation.models.GameEntity instances
2026-03-26T18:28:18.635+04:00  INFO 14012 --- [http-nio-8080-exec-8] c.d.g.services.TagService                : Ответ: Page 1 of 68 containing com.diplome.game_recommendation.models.TagEntity instances
2026-03-26T18:28:18.710+04:00  INFO 14012 --- [http-nio-8080-exec-10] c.d.g.controllers.GameController         : Игры по тегу tagId=3
2026-03-26T18:28:18.713+04:00  INFO 14012 --- [http-nio-8080-exec-10] c.d.g.services.TagService                : Получение игр по тегу: 0, 5
2026-03-26T18:28:18.714+04:00  INFO 14012 --- [http-nio-8080-exec-7] c.d.g.controllers.GameController         : Игры по тегу tagId=7
2026-03-26T18:28:18.729+04:00  INFO 14012 --- [http-nio-8080-exec-7] c.d.g.services.TagService                : Получение игр по тегу: 0, 5
2026-03-26T18:28:18.714+04:00  INFO 14012 --- [http-nio-8080-exec-3] c.d.g.controllers.GameController         : Игры по тегу tagId=44
2026-03-26T18:28:18.718+04:00  INFO 14012 --- [http-nio-8080-exec-5] c.d.g.controllers.GameController         : Игры по тегу tagId=10
2026-03-26T18:28:18.718+04:00  INFO 14012 --- [http-nio-8080-exec-2] c.d.g.controllers.GameController         : Игры по тегу tagId=9
2026-03-26T18:28:18.724+04:00  INFO 14012 --- [http-nio-8080-exec-6] c.d.g.controllers.GameController         : Популярные игры
2026-03-26T18:28:18.749+04:00  INFO 14012 --- [http-nio-8080-exec-3] c.d.g.services.TagService                : Получение игр по тегу: 0, 5
2026-03-26T18:28:18.751+04:00  INFO 14012 --- [http-nio-8080-exec-5] c.d.g.services.TagService                : Получение игр по тегу: 0, 5
2026-03-26T18:28:18.761+04:00  INFO 14012 --- [http-nio-8080-exec-7] c.d.g.services.TagService                : Ответ: Page 1 of 40 containing com.diplome.game_recommendation.models.GameEntity instances
2026-03-26T18:28:18.762+04:00  INFO 14012 --- [http-nio-8080-exec-10] c.d.g.services.TagService                : Ответ: Page 1 of 40 containing com.diplome.game_recommendation.models.GameEntity instances
2026-03-26T18:28:18.763+04:00  INFO 14012 --- [http-nio-8080-exec-2] c.d.g.services.TagService                : Получение игр по тегу: 0, 5
2026-03-26T18:28:18.782+04:00  INFO 14012 --- [http-nio-8080-exec-9] c.d.g.controllers.TagController          : Получение тегов
2026-03-26T18:28:18.794+04:00  INFO 14012 --- [http-nio-8080-exec-3] c.d.g.services.TagService                : Ответ: Page 1 of 40 containing com.diplome.game_recommendation.models.GameEntity instances
2026-03-26T18:28:18.806+04:00  INFO 14012 --- [http-nio-8080-exec-9] c.d.g.services.TagService                : Получение тегов: 0, 5
2026-03-26T18:28:18.807+04:00  INFO 14012 --- [http-nio-8080-exec-5] c.d.g.services.TagService                : Ответ: Page 1 of 40 containing com.diplome.game_recommendation.models.GameEntity instances
2026-03-26T18:28:18.823+04:00  INFO 14012 --- [http-nio-8080-exec-2] c.d.g.services.TagService                : Ответ: Page 1 of 40 containing com.diplome.game_recommendation.models.GameEntity instances
2026-03-26T18:28:18.831+04:00  INFO 14012 --- [http-nio-8080-exec-9] c.d.g.services.TagService                : Ответ: Page 1 of 68 containing com.diplome.game_recommendation.models.TagEntity instances
2026-03-26T18:28:18.899+04:00  INFO 14012 --- [http-nio-8080-exec-4] c.d.g.controllers.GameController         : Игры по тегу tagId=3
2026-03-26T18:28:18.901+04:00  INFO 14012 --- [http-nio-8080-exec-1] c.d.g.controllers.GameController         : Игры по тегу tagId=44
2026-03-26T18:28:18.904+04:00  INFO 14012 --- [http-nio-8080-exec-8] c.d.g.controllers.GameController         : Игры по тегу tagId=7
2026-03-26T18:28:18.905+04:00  INFO 14012 --- [http-nio-8080-exec-7] c.d.g.controllers.GameController         : Игры по тегу tagId=9
2026-03-26T18:28:18.917+04:00  INFO 14012 --- [http-nio-8080-exec-10] c.d.g.controllers.GameController         : Игры по тегу tagId=10
2026-03-26T18:28:18.921+04:00  INFO 14012 --- [http-nio-8080-exec-4] c.d.g.services.TagService                : Получение игр по тегу: 0, 5
2026-03-26T18:28:18.922+04:00  INFO 14012 --- [http-nio-8080-exec-1] c.d.g.services.TagService                : Получение игр по тегу: 0, 5
2026-03-26T18:28:18.924+04:00  INFO 14012 --- [http-nio-8080-exec-8] c.d.g.services.TagService                : Получение игр по тегу: 0, 5
2026-03-26T18:28:18.946+04:00  INFO 14012 --- [http-nio-8080-exec-6] c.d.g.controllers.GameController         : Популярные игры
2026-03-26T18:28:18.960+04:00  INFO 14012 --- [http-nio-8080-exec-7] c.d.g.services.TagService                : Получение игр по тегу: 0, 5
2026-03-26T18:28:18.961+04:00  INFO 14012 --- [http-nio-8080-exec-10] c.d.g.services.TagService                : Получение игр по тегу: 0, 5
2026-03-26T18:28:19.027+04:00  INFO 14012 --- [http-nio-8080-exec-1] c.d.g.services.TagService                : Ответ: Page 1 of 40 containing com.diplome.game_recommendation.models.GameEntity instances
2026-03-26T18:28:19.032+04:00  INFO 14012 --- [http-nio-8080-exec-4] c.d.g.services.TagService                : Ответ: Page 1 of 40 containing com.diplome.game_recommendation.models.GameEntity instances
2026-03-26T18:28:19.061+04:00  INFO 14012 --- [http-nio-8080-exec-8] c.d.g.services.TagService                : Ответ: Page 1 of 40 containing com.diplome.game_recommendation.models.GameEntity instances
2026-03-26T18:28:19.075+04:00  INFO 14012 --- [http-nio-8080-exec-3] c.d.g.controllers.TagController          : Получение тегов
2026-03-26T18:28:19.091+04:00  INFO 14012 --- [http-nio-8080-exec-7] c.d.g.services.TagService                : Ответ: Page 1 of 40 containing com.diplome.game_recommendation.models.GameEntity instances
2026-03-26T18:28:19.096+04:00  INFO 14012 --- [http-nio-8080-exec-10] c.d.g.services.TagService                : Ответ: Page 1 of 40 containing com.diplome.game_recommendation.models.GameEntity instances
2026-03-26T18:28:19.105+04:00  INFO 14012 --- [http-nio-8080-exec-3] c.d.g.services.TagService                : Получение тегов: 0, 5
2026-03-26T18:28:19.120+04:00  INFO 14012 --- [http-nio-8080-exec-3] c.d.g.services.TagService                : Ответ: Page 1 of 68 containing com.diplome.game_recommendation.models.TagEntity instances
2026-03-26T18:28:19.264+04:00  INFO 14012 --- [http-nio-8080-exec-5] c.d.g.controllers.GameController         : Игры по тегу tagId=3
2026-03-26T18:28:19.280+04:00  INFO 14012 --- [http-nio-8080-exec-5] c.d.g.services.TagService                : Получение игр по тегу: 0, 5
2026-03-26T18:28:19.266+04:00  INFO 14012 --- [http-nio-8080-exec-2] c.d.g.controllers.GameController         : Игры по тегу tagId=44
2026-03-26T18:28:19.269+04:00  INFO 14012 --- [http-nio-8080-exec-9] c.d.g.controllers.GameController         : Игры по тегу tagId=7
2026-03-26T18:28:19.273+04:00  INFO 14012 --- [http-nio-8080-exec-1] c.d.g.controllers.GameController         : Игры по тегу tagId=9
2026-03-26T18:28:19.281+04:00  INFO 14012 --- [http-nio-8080-exec-4] c.d.g.controllers.GameController         : Игры по тегу tagId=10
2026-03-26T18:28:19.288+04:00  INFO 14012 --- [http-nio-8080-exec-2] c.d.g.services.TagService                : Получение игр по тегу: 0, 5
2026-03-26T18:28:19.288+04:00  INFO 14012 --- [http-nio-8080-exec-6] c.d.g.controllers.GameController         : Популярные игры
2026-03-26T18:28:19.291+04:00  INFO 14012 --- [http-nio-8080-exec-9] c.d.g.services.TagService                : Получение игр по тегу: 0, 5
2026-03-26T18:28:19.293+04:00  INFO 14012 --- [http-nio-8080-exec-1] c.d.g.services.TagService                : Получение игр по тегу: 0, 5
2026-03-26T18:28:19.295+04:00  INFO 14012 --- [http-nio-8080-exec-4] c.d.g.services.TagService                : Получение игр по тегу: 0, 5
2026-03-26T18:28:19.306+04:00  INFO 14012 --- [http-nio-8080-exec-5] c.d.g.services.TagService                : Ответ: Page 1 of 40 containing com.diplome.game_recommendation.models.GameEntity instances
2026-03-26T18:28:19.322+04:00  INFO 14012 --- [http-nio-8080-exec-2] c.d.g.services.TagService                : Ответ: Page 1 of 40 containing com.diplome.game_recommendation.models.GameEntity instances
2026-03-26T18:28:19.328+04:00  INFO 14012 --- [http-nio-8080-exec-9] c.d.g.services.TagService                : Ответ: Page 1 of 40 containing com.diplome.game_recommendation.models.GameEntity instances
2026-03-26T18:28:19.332+04:00  INFO 14012 --- [http-nio-8080-exec-1] c.d.g.services.TagService                : Ответ: Page 1 of 40 containing com.diplome.game_recommendation.models.GameEntity instances
2026-03-26T18:28:19.336+04:00  INFO 14012 --- [http-nio-8080-exec-8] c.d.g.controllers.TagController          : Получение тегов
2026-03-26T18:28:19.350+04:00  INFO 14012 --- [http-nio-8080-exec-8] c.d.g.services.TagService                : Получение тегов: 0, 5
2026-03-26T18:28:19.361+04:00  INFO 14012 --- [http-nio-8080-exec-4] c.d.g.services.TagService                : Ответ: Page 1 of 40 containing com.diplome.game_recommendation.models.GameEntity instances
2026-03-26T18:28:19.366+04:00  INFO 14012 --- [http-nio-8080-exec-8] c.d.g.services.TagService                : Ответ: Page 1 of 68 containing com.diplome.game_recommendation.models.TagEntity instances
2026-03-26T18:28:19.434+04:00  INFO 14012 --- [http-nio-8080-exec-10] c.d.g.controllers.GameController         : Игры по тегу tagId=3
2026-03-26T18:28:19.435+04:00  INFO 14012 --- [http-nio-8080-exec-7] c.d.g.controllers.GameController         : Игры по тегу tagId=44
2026-03-26T18:28:19.437+04:00  INFO 14012 --- [http-nio-8080-exec-7] c.d.g.services.TagService                : Получение игр по тегу: 0, 5
2026-03-26T18:28:19.441+04:00  INFO 14012 --- [http-nio-8080-exec-5] c.d.g.controllers.GameController         : Игры по тегу tagId=9
2026-03-26T18:28:19.436+04:00  INFO 14012 --- [http-nio-8080-exec-10] c.d.g.services.TagService                : Получение игр по тегу: 0, 5
2026-03-26T18:28:19.439+04:00  INFO 14012 --- [http-nio-8080-exec-3] c.d.g.controllers.GameController         : Игры по тегу tagId=7
2026-03-26T18:28:19.442+04:00  INFO 14012 --- [http-nio-8080-exec-2] c.d.g.controllers.GameController         : Игры по тегу tagId=10
2026-03-26T18:28:19.445+04:00  INFO 14012 --- [http-nio-8080-exec-5] c.d.g.services.TagService                : Получение игр по тегу: 0, 5
2026-03-26T18:28:19.447+04:00  INFO 14012 --- [http-nio-8080-exec-9] c.d.g.controllers.GameController         : Популярные игры
2026-03-26T18:28:19.448+04:00  INFO 14012 --- [http-nio-8080-exec-3] c.d.g.services.TagService                : Получение игр по тегу: 0, 5
2026-03-26T18:28:19.452+04:00  INFO 14012 --- [http-nio-8080-exec-2] c.d.g.services.TagService                : Получение игр по тегу: 0, 5
2026-03-26T18:28:19.465+04:00  INFO 14012 --- [http-nio-8080-exec-7] c.d.g.services.TagService                : Ответ: Page 1 of 40 containing com.diplome.game_recommendation.models.GameEntity instances
2026-03-26T18:28:19.471+04:00  INFO 14012 --- [http-nio-8080-exec-10] c.d.g.services.TagService                : Ответ: Page 1 of 40 containing com.diplome.game_recommendation.models.GameEntity instances
2026-03-26T18:28:19.472+04:00  INFO 14012 --- [http-nio-8080-exec-5] c.d.g.services.TagService                : Ответ: Page 1 of 40 containing com.diplome.game_recommendation.models.GameEntity instances
2026-03-26T18:28:19.481+04:00  INFO 14012 --- [http-nio-8080-exec-3] c.d.g.services.TagService                : Ответ: Page 1 of 40 containing com.diplome.game_recommendation.models.GameEntity instances
2026-03-26T18:28:19.487+04:00  INFO 14012 --- [http-nio-8080-exec-1] c.d.g.controllers.TagController          : Получение тегов
2026-03-26T18:28:19.491+04:00  INFO 14012 --- [http-nio-8080-exec-1] c.d.g.services.TagService                : Получение тегов: 0, 5
2026-03-26T18:28:19.500+04:00  INFO 14012 --- [http-nio-8080-exec-2] c.d.g.services.TagService                : Ответ: Page 1 of 40 containing com.diplome.game_recommendation.models.GameEntity instances
2026-03-26T18:28:19.504+04:00  INFO 14012 --- [http-nio-8080-exec-1] c.d.g.services.TagService                : Ответ: Page 1 of 68 containing com.diplome.game_recommendation.models.TagEntity instances
2026-03-26T18:28:19.677+04:00  INFO 14012 --- [http-nio-8080-exec-6] c.d.g.controllers.GameController         : Игры по тегу tagId=3
2026-03-26T18:28:19.681+04:00  INFO 14012 --- [http-nio-8080-exec-4] c.d.g.controllers.GameController         : Игры по тегу tagId=44
2026-03-26T18:28:19.684+04:00  INFO 14012 --- [http-nio-8080-exec-8] c.d.g.controllers.GameController         : Игры по тегу tagId=7
2026-03-26T18:28:19.686+04:00  INFO 14012 --- [http-nio-8080-exec-6] c.d.g.services.TagService                : Получение игр по тегу: 0, 5
2026-03-26T18:28:19.694+04:00  INFO 14012 --- [http-nio-8080-exec-4] c.d.g.services.TagService                : Получение игр по тегу: 0, 5
2026-03-26T18:28:19.693+04:00  INFO 14012 --- [http-nio-8080-exec-10] c.d.g.controllers.GameController         : Игры по тегу tagId=9
2026-03-26T18:28:19.694+04:00  INFO 14012 --- [http-nio-8080-exec-7] c.d.g.controllers.GameController         : Игры по тегу tagId=10
2026-03-26T18:28:19.707+04:00  INFO 14012 --- [http-nio-8080-exec-5] c.d.g.controllers.GameController         : Популярные игры
2026-03-26T18:28:19.708+04:00  INFO 14012 --- [http-nio-8080-exec-8] c.d.g.services.TagService                : Получение игр по тегу: 0, 5
2026-03-26T18:28:19.715+04:00  INFO 14012 --- [http-nio-8080-exec-10] c.d.g.services.TagService                : Получение игр по тегу: 0, 5
2026-03-26T18:28:19.741+04:00  INFO 14012 --- [http-nio-8080-exec-6] c.d.g.services.TagService                : Ответ: Page 1 of 40 containing com.diplome.game_recommendation.models.GameEntity instances
2026-03-26T18:28:19.725+04:00  INFO 14012 --- [http-nio-8080-exec-7] c.d.g.services.TagService                : Получение игр по тегу: 0, 5
2026-03-26T18:28:19.741+04:00  INFO 14012 --- [http-nio-8080-exec-4] c.d.g.services.TagService                : Ответ: Page 1 of 40 containing com.diplome.game_recommendation.models.GameEntity instances
2026-03-26T18:28:19.761+04:00  INFO 14012 --- [http-nio-8080-exec-3] c.d.g.controllers.TagController          : Получение тегов
2026-03-26T18:28:19.773+04:00  INFO 14012 --- [http-nio-8080-exec-10] c.d.g.services.TagService                : Ответ: Page 1 of 40 containing com.diplome.game_recommendation.models.GameEntity instances
2026-03-26T18:28:19.775+04:00  INFO 14012 --- [http-nio-8080-exec-8] c.d.g.services.TagService                : Ответ: Page 1 of 40 containing com.diplome.game_recommendation.models.GameEntity instances
2026-03-26T18:28:19.777+04:00  INFO 14012 --- [http-nio-8080-exec-3] c.d.g.services.TagService                : Получение тегов: 0, 5
2026-03-26T18:28:19.790+04:00  INFO 14012 --- [http-nio-8080-exec-7] c.d.g.services.TagService                : Ответ: Page 1 of 40 containing com.diplome.game_recommendation.models.GameEntity instances
2026-03-26T18:28:19.799+04:00  INFO 14012 --- [http-nio-8080-exec-3] c.d.g.services.TagService                : Ответ: Page 1 of 68 containing com.diplome.game_recommendation.models.TagEntity instances
2026-03-26T18:28:19.900+04:00  INFO 14012 --- [http-nio-8080-exec-9] c.d.g.controllers.GameController         : Игры по тегу tagId=3
2026-03-26T18:28:19.909+04:00  INFO 14012 --- [http-nio-8080-exec-9] c.d.g.services.TagService                : Получение игр по тегу: 0, 5
2026-03-26T18:28:19.904+04:00  INFO 14012 --- [http-nio-8080-exec-6] c.d.g.controllers.GameController         : Игры по тегу tagId=9
2026-03-26T18:28:19.906+04:00  INFO 14012 --- [http-nio-8080-exec-2] c.d.g.controllers.GameController         : Игры по тегу tagId=44
2026-03-26T18:28:19.907+04:00  INFO 14012 --- [http-nio-8080-exec-4] c.d.g.controllers.GameController         : Игры по тегу tagId=10
2026-03-26T18:28:19.912+04:00  INFO 14012 --- [http-nio-8080-exec-1] c.d.g.controllers.GameController         : Игры по тегу tagId=7
2026-03-26T18:28:19.914+04:00  INFO 14012 --- [http-nio-8080-exec-6] c.d.g.services.TagService                : Получение игр по тегу: 0, 5
2026-03-26T18:28:19.915+04:00  INFO 14012 --- [http-nio-8080-exec-10] c.d.g.controllers.GameController         : Популярные игры
2026-03-26T18:28:19.918+04:00  INFO 14012 --- [http-nio-8080-exec-2] c.d.g.services.TagService                : Получение игр по тегу: 0, 5
2026-03-26T18:28:19.919+04:00  INFO 14012 --- [http-nio-8080-exec-4] c.d.g.services.TagService                : Получение игр по тегу: 0, 5
2026-03-26T18:28:19.920+04:00  INFO 14012 --- [http-nio-8080-exec-1] c.d.g.services.TagService                : Получение игр по тегу: 0, 5
2026-03-26T18:28:19.936+04:00  INFO 14012 --- [http-nio-8080-exec-9] c.d.g.services.TagService                : Ответ: Page 1 of 40 containing com.diplome.game_recommendation.models.GameEntity instances
2026-03-26T18:28:19.946+04:00  INFO 14012 --- [http-nio-8080-exec-8] c.d.g.controllers.TagController          : Получение тегов
2026-03-26T18:28:19.953+04:00  INFO 14012 --- [http-nio-8080-exec-8] c.d.g.services.TagService                : Получение тегов: 0, 5
2026-03-26T18:28:19.957+04:00  INFO 14012 --- [http-nio-8080-exec-2] c.d.g.services.TagService                : Ответ: Page 1 of 40 containing com.diplome.game_recommendation.models.GameEntity instances
2026-03-26T18:28:19.958+04:00  INFO 14012 --- [http-nio-8080-exec-4] c.d.g.services.TagService                : Ответ: Page 1 of 40 containing com.diplome.game_recommendation.models.GameEntity instances
2026-03-26T18:28:19.959+04:00  INFO 14012 --- [http-nio-8080-exec-6] c.d.g.services.TagService                : Ответ: Page 1 of 40 containing com.diplome.game_recommendation.models.GameEntity instances
2026-03-26T18:28:19.976+04:00  INFO 14012 --- [http-nio-8080-exec-8] c.d.g.services.TagService                : Ответ: Page 1 of 68 containing com.diplome.game_recommendation.models.TagEntity instances
2026-03-26T18:28:19.979+04:00  INFO 14012 --- [http-nio-8080-exec-1] c.d.g.services.TagService                : Ответ: Page 1 of 40 containing com.diplome.game_recommendation.models.GameEntity instances
2026-03-26T18:28:20.119+04:00  INFO 14012 --- [http-nio-8080-exec-5] c.d.g.controllers.GameController         : Игры по тегу tagId=3
2026-03-26T18:28:20.121+04:00  INFO 14012 --- [http-nio-8080-exec-5] c.d.g.services.TagService                : Получение игр по тегу: 0, 5
2026-03-26T18:28:20.123+04:00  INFO 14012 --- [http-nio-8080-exec-3] c.d.g.controllers.GameController         : Игры по тегу tagId=7
2026-03-26T18:28:20.126+04:00  INFO 14012 --- [http-nio-8080-exec-3] c.d.g.services.TagService                : Получение игр по тегу: 0, 5
2026-03-26T18:28:20.120+04:00  INFO 14012 --- [http-nio-8080-exec-7] c.d.g.controllers.GameController         : Игры по тегу tagId=44
2026-03-26T18:28:20.123+04:00  INFO 14012 --- [http-nio-8080-exec-9] c.d.g.controllers.GameController         : Игры по тегу tagId=9
2026-03-26T18:28:20.126+04:00  INFO 14012 --- [http-nio-8080-exec-2] c.d.g.controllers.GameController         : Игры по тегу tagId=10
2026-03-26T18:28:20.129+04:00  INFO 14012 --- [http-nio-8080-exec-7] c.d.g.services.TagService                : Получение игр по тегу: 0, 5
2026-03-26T18:28:20.130+04:00  INFO 14012 --- [http-nio-8080-exec-9] c.d.g.services.TagService                : Получение игр по тегу: 0, 5
2026-03-26T18:28:20.137+04:00  INFO 14012 --- [http-nio-8080-exec-2] c.d.g.services.TagService                : Получение игр по тегу: 0, 5
2026-03-26T18:28:20.138+04:00  INFO 14012 --- [http-nio-8080-exec-4] c.d.g.controllers.GameController         : Популярные игры
2026-03-26T18:28:20.144+04:00  INFO 14012 --- [http-nio-8080-exec-5] c.d.g.services.TagService                : Ответ: Page 1 of 40 containing com.diplome.game_recommendation.models.GameEntity instances
2026-03-26T18:28:20.152+04:00  INFO 14012 --- [http-nio-8080-exec-3] c.d.g.services.TagService                : Ответ: Page 1 of 40 containing com.diplome.game_recommendation.models.GameEntity instances
2026-03-26T18:28:20.171+04:00  INFO 14012 --- [http-nio-8080-exec-7] c.d.g.services.TagService                : Ответ: Page 1 of 40 containing com.diplome.game_recommendation.models.GameEntity instances
2026-03-26T18:28:20.173+04:00  INFO 14012 --- [http-nio-8080-exec-6] c.d.g.controllers.TagController          : Получение тегов
2026-03-26T18:28:20.178+04:00  INFO 14012 --- [http-nio-8080-exec-2] c.d.g.services.TagService                : Ответ: Page 1 of 40 containing com.diplome.game_recommendation.models.GameEntity instances
2026-03-26T18:28:20.173+04:00  INFO 14012 --- [http-nio-8080-exec-9] c.d.g.services.TagService                : Ответ: Page 1 of 40 containing com.diplome.game_recommendation.models.GameEntity instances
2026-03-26T18:28:20.180+04:00  INFO 14012 --- [http-nio-8080-exec-6] c.d.g.services.TagService                : Получение тегов: 0, 5
2026-03-26T18:28:20.194+04:00  INFO 14012 --- [http-nio-8080-exec-6] c.d.g.services.TagService                : Ответ: Page 1 of 68 containing com.diplome.game_recommendation.models.TagEntity instances
2026-03-26T18:28:20.323+04:00  INFO 14012 --- [http-nio-8080-exec-1] c.d.g.controllers.GameController         : Игры по тегу tagId=3
2026-03-26T18:28:20.325+04:00  INFO 14012 --- [http-nio-8080-exec-10] c.d.g.controllers.GameController         : Игры по тегу tagId=44
2026-03-26T18:28:20.329+04:00  INFO 14012 --- [http-nio-8080-exec-8] c.d.g.controllers.GameController         : Игры по тегу tagId=7
2026-03-26T18:28:20.330+04:00  INFO 14012 --- [http-nio-8080-exec-5] c.d.g.controllers.GameController         : Игры по тегу tagId=9
2026-03-26T18:28:20.332+04:00  INFO 14012 --- [http-nio-8080-exec-1] c.d.g.services.TagService                : Получение игр по тегу: 0, 5
2026-03-26T18:28:20.333+04:00  INFO 14012 --- [http-nio-8080-exec-3] c.d.g.controllers.GameController         : Игры по тегу tagId=10
2026-03-26T18:28:20.333+04:00  INFO 14012 --- [http-nio-8080-exec-10] c.d.g.services.TagService                : Получение игр по тегу: 0, 5
2026-03-26T18:28:20.334+04:00  INFO 14012 --- [http-nio-8080-exec-8] c.d.g.services.TagService                : Получение игр по тегу: 0, 5
2026-03-26T18:28:20.336+04:00  INFO 14012 --- [http-nio-8080-exec-5] c.d.g.services.TagService                : Получение игр по тегу: 0, 5
2026-03-26T18:28:20.343+04:00  INFO 14012 --- [http-nio-8080-exec-3] c.d.g.services.TagService                : Получение игр по тегу: 0, 5
2026-03-26T18:28:20.347+04:00  INFO 14012 --- [http-nio-8080-exec-7] c.d.g.controllers.GameController         : Популярные игры
2026-03-26T18:28:20.370+04:00  INFO 14012 --- [http-nio-8080-exec-1] c.d.g.services.TagService                : Ответ: Page 1 of 40 containing com.diplome.game_recommendation.models.GameEntity instances
2026-03-26T18:28:20.373+04:00  INFO 14012 --- [http-nio-8080-exec-10] c.d.g.services.TagService                : Ответ: Page 1 of 40 containing com.diplome.game_recommendation.models.GameEntity instances
2026-03-26T18:28:20.374+04:00  INFO 14012 --- [http-nio-8080-exec-3] c.d.g.services.TagService                : Ответ: Page 1 of 40 containing com.diplome.game_recommendation.models.GameEntity instances
2026-03-26T18:28:20.380+04:00  INFO 14012 --- [http-nio-8080-exec-8] c.d.g.services.TagService                : Ответ: Page 1 of 40 containing com.diplome.game_recommendation.models.GameEntity instances
2026-03-26T18:28:20.382+04:00  INFO 14012 --- [http-nio-8080-exec-1] c.d.g.controllers.TagController          : Получение тегов
2026-03-26T18:28:20.390+04:00  INFO 14012 --- [http-nio-8080-exec-1] c.d.g.services.TagService                : Получение тегов: 0, 5
2026-03-26T18:28:20.389+04:00  INFO 14012 --- [http-nio-8080-exec-5] c.d.g.services.TagService                : Ответ: Page 1 of 40 containing com.diplome.game_recommendation.models.GameEntity instances
2026-03-26T18:28:20.404+04:00  INFO 14012 --- [http-nio-8080-exec-1] c.d.g.services.TagService                : Ответ: Page 1 of 68 containing com.diplome.game_recommendation.models.TagEntity instances
2026-03-26T18:28:20.774+04:00  INFO 14012 --- [http-nio-8080-exec-2] c.d.g.controllers.GameController         : Игры по тегу tagId=3
2026-03-26T18:28:20.777+04:00  INFO 14012 --- [http-nio-8080-exec-6] c.d.g.controllers.GameController         : Игры по тегу tagId=7
2026-03-26T18:28:20.780+04:00  INFO 14012 --- [http-nio-8080-exec-4] c.d.g.controllers.GameController         : Игры по тегу tagId=9
2026-03-26T18:28:20.781+04:00  INFO 14012 --- [http-nio-8080-exec-10] c.d.g.controllers.GameController         : Игры по тегу tagId=10
2026-03-26T18:28:20.782+04:00  INFO 14012 --- [http-nio-8080-exec-2] c.d.g.services.TagService                : Получение игр по тегу: 0, 5
2026-03-26T18:28:20.783+04:00  INFO 14012 --- [http-nio-8080-exec-6] c.d.g.services.TagService                : Получение игр по тегу: 0, 5
2026-03-26T18:28:20.785+04:00  INFO 14012 --- [http-nio-8080-exec-4] c.d.g.services.TagService                : Получение игр по тегу: 0, 5
2026-03-26T18:28:20.791+04:00  INFO 14012 --- [http-nio-8080-exec-9] c.d.g.controllers.GameController         : Игры по тегу tagId=44
2026-03-26T18:28:20.796+04:00  INFO 14012 --- [http-nio-8080-exec-3] c.d.g.controllers.GameController         : Популярные игры
2026-03-26T18:28:20.797+04:00  INFO 14012 --- [http-nio-8080-exec-10] c.d.g.services.TagService                : Получение игр по тегу: 0, 5
2026-03-26T18:28:20.825+04:00  INFO 14012 --- [http-nio-8080-exec-6] c.d.g.services.TagService                : Ответ: Page 1 of 40 containing com.diplome.game_recommendation.models.GameEntity instances
2026-03-26T18:28:20.811+04:00  INFO 14012 --- [http-nio-8080-exec-9] c.d.g.services.TagService                : Получение игр по тегу: 0, 5
2026-03-26T18:28:20.851+04:00  INFO 14012 --- [http-nio-8080-exec-8] c.d.g.controllers.TagController          : Получение тегов
2026-03-26T18:28:20.869+04:00  INFO 14012 --- [http-nio-8080-exec-10] c.d.g.services.TagService                : Ответ: Page 1 of 40 containing com.diplome.game_recommendation.models.GameEntity instances
2026-03-26T18:28:20.826+04:00  INFO 14012 --- [http-nio-8080-exec-4] c.d.g.services.TagService                : Ответ: Page 1 of 40 containing com.diplome.game_recommendation.models.GameEntity instances
2026-03-26T18:28:20.826+04:00  INFO 14012 --- [http-nio-8080-exec-2] c.d.g.services.TagService                : Ответ: Page 1 of 40 containing com.diplome.game_recommendation.models.GameEntity instances
2026-03-26T18:28:20.870+04:00  INFO 14012 --- [http-nio-8080-exec-8] c.d.g.services.TagService                : Получение тегов: 0, 5
2026-03-26T18:28:20.875+04:00  INFO 14012 --- [http-nio-8080-exec-9] c.d.g.services.TagService                : Ответ: Page 1 of 40 containing com.diplome.game_recommendation.models.GameEntity instances
2026-03-26T18:28:20.894+04:00  INFO 14012 --- [http-nio-8080-exec-8] c.d.g.services.TagService                : Ответ: Page 1 of 68 containing com.diplome.game_recommendation.models.TagEntity instances
2026-03-26T18:28:21.343+04:00  INFO 14012 --- [http-nio-8080-exec-5] c.d.g.controllers.GameController         : Игры по тегу tagId=3
2026-03-26T18:28:21.347+04:00  INFO 14012 --- [http-nio-8080-exec-6] c.d.g.controllers.GameController         : Игры по тегу tagId=9
2026-03-26T18:28:21.349+04:00  INFO 14012 --- [http-nio-8080-exec-7] c.d.g.controllers.GameController         : Игры по тегу tagId=7
2026-03-26T18:28:21.351+04:00  INFO 14012 --- [http-nio-8080-exec-1] c.d.g.controllers.GameController         : Игры по тегу tagId=44
2026-03-26T18:28:21.353+04:00  INFO 14012 --- [http-nio-8080-exec-10] c.d.g.controllers.GameController         : Популярные игры
2026-03-26T18:28:21.355+04:00  INFO 14012 --- [http-nio-8080-exec-4] c.d.g.controllers.GameController         : Игры по тегу tagId=10
2026-03-26T18:28:21.513+04:00  INFO 14012 --- [http-nio-8080-exec-5] c.d.g.services.TagService                : Получение игр по тегу: 0, 5
2026-03-26T18:28:21.524+04:00  INFO 14012 --- [http-nio-8080-exec-6] c.d.g.services.TagService                : Получение игр по тегу: 0, 5
2026-03-26T18:28:21.527+04:00  INFO 14012 --- [http-nio-8080-exec-7] c.d.g.services.TagService                : Получение игр по тегу: 0, 5
2026-03-26T18:28:21.561+04:00  INFO 14012 --- [http-nio-8080-exec-1] c.d.g.services.TagService                : Получение игр по тегу: 0, 5
2026-03-26T18:28:21.742+04:00  INFO 14012 --- [http-nio-8080-exec-4] c.d.g.services.TagService                : Получение игр по тегу: 0, 5
2026-03-26T18:28:21.906+04:00  INFO 14012 --- [http-nio-8080-exec-5] c.d.g.services.TagService                : Ответ: Page 1 of 40 containing com.diplome.game_recommendation.models.GameEntity instances
2026-03-26T18:28:21.917+04:00  INFO 14012 --- [http-nio-8080-exec-2] c.d.g.controllers.TagController          : Получение тегов
2026-03-26T18:28:22.003+04:00  INFO 14012 --- [http-nio-8080-exec-6] c.d.g.services.TagService                : Ответ: Page 1 of 40 containing com.diplome.game_recommendation.models.GameEntity instances
2026-03-26T18:28:22.093+04:00  INFO 14012 --- [http-nio-8080-exec-7] c.d.g.services.TagService                : Ответ: Page 1 of 40 containing com.diplome.game_recommendation.models.GameEntity instances
2026-03-26T18:28:22.121+04:00  INFO 14012 --- [http-nio-8080-exec-9] c.d.g.controllers.GameController         : Популярные игры
2026-03-26T18:28:22.120+04:00  INFO 14012 --- [http-nio-8080-exec-2] c.d.g.services.TagService                : Получение тегов: 0, 5
2026-03-26T18:28:22.262+04:00  INFO 14012 --- [http-nio-8080-exec-3] c.d.g.controllers.TagController          : Получение тегов
2026-03-26T18:28:22.336+04:00  INFO 14012 --- [http-nio-8080-exec-1] c.d.g.services.TagService                : Ответ: Page 1 of 40 containing com.diplome.game_recommendation.models.GameEntity instances
2026-03-26T18:28:22.362+04:00  INFO 14012 --- [http-nio-8080-exec-3] c.d.g.services.TagService                : Получение тегов: 0, 5
2026-03-26T18:28:22.403+04:00  INFO 14012 --- [http-nio-8080-exec-4] c.d.g.services.TagService                : Ответ: Page 1 of 40 containing com.diplome.game_recommendation.models.GameEntity instances
2026-03-26T18:28:22.429+04:00  INFO 14012 --- [http-nio-8080-exec-2] c.d.g.services.TagService                : Ответ: Page 1 of 68 containing com.diplome.game_recommendation.models.TagEntity instances
2026-03-26T18:28:22.458+04:00  INFO 14012 --- [http-nio-8080-exec-3] c.d.g.services.TagService                : Ответ: Page 1 of 68 containing com.diplome.game_recommendation.models.TagEntity instances
2026-03-26T18:28:22.675+04:00  INFO 14012 --- [http-nio-8080-exec-10] c.d.g.controllers.GameController         : Игры по тегу tagId=44
2026-03-26T18:28:22.675+04:00  INFO 14012 --- [http-nio-8080-exec-8] c.d.g.controllers.GameController         : Игры по тегу tagId=3
2026-03-26T18:28:22.690+04:00  INFO 14012 --- [http-nio-8080-exec-8] c.d.g.services.TagService                : Получение игр по тегу: 0, 5
2026-03-26T18:28:22.680+04:00  INFO 14012 --- [http-nio-8080-exec-5] c.d.g.controllers.GameController         : Игры по тегу tagId=7
2026-03-26T18:28:22.686+04:00  INFO 14012 --- [http-nio-8080-exec-10] c.d.g.services.TagService                : Получение игр по тегу: 0, 5
2026-03-26T18:28:22.690+04:00  INFO 14012 --- [http-nio-8080-exec-6] c.d.g.controllers.GameController         : Игры по тегу tagId=9
2026-03-26T18:28:22.694+04:00  INFO 14012 --- [http-nio-8080-exec-7] c.d.g.controllers.GameController         : Игры по тегу tagId=10
2026-03-26T18:28:22.717+04:00  INFO 14012 --- [http-nio-8080-exec-1] c.d.g.controllers.GameController         : Игры по тегу tagId=3
2026-03-26T18:28:22.767+04:00  INFO 14012 --- [http-nio-8080-exec-5] c.d.g.services.TagService                : Получение игр по тегу: 0, 5
2026-03-26T18:28:22.774+04:00  INFO 14012 --- [http-nio-8080-exec-8] c.d.g.services.TagService                : Ответ: Page 1 of 40 containing com.diplome.game_recommendation.models.GameEntity instances
2026-03-26T18:28:22.778+04:00  INFO 14012 --- [http-nio-8080-exec-6] c.d.g.services.TagService                : Получение игр по тегу: 0, 5
2026-03-26T18:28:22.803+04:00  INFO 14012 --- [http-nio-8080-exec-7] c.d.g.services.TagService                : Получение игр по тегу: 0, 5
2026-03-26T18:28:22.823+04:00  INFO 14012 --- [http-nio-8080-exec-1] c.d.g.services.TagService                : Получение игр по тегу: 0, 5
2026-03-26T18:28:22.824+04:00  INFO 14012 --- [http-nio-8080-exec-10] c.d.g.services.TagService                : Ответ: Page 1 of 40 containing com.diplome.game_recommendation.models.GameEntity instances
2026-03-26T18:28:22.842+04:00  INFO 14012 --- [http-nio-8080-exec-4] c.d.g.controllers.GameController         : Игры по тегу tagId=44
2026-03-26T18:28:22.912+04:00  INFO 14012 --- [http-nio-8080-exec-10] c.d.g.controllers.GameController         : Игры по тегу tagId=7
2026-03-26T18:28:22.935+04:00  INFO 14012 --- [http-nio-8080-exec-7] c.d.g.services.TagService                : Ответ: Page 1 of 40 containing com.diplome.game_recommendation.models.GameEntity instances
2026-03-26T18:28:22.940+04:00  INFO 14012 --- [http-nio-8080-exec-5] c.d.g.services.TagService                : Ответ: Page 1 of 40 containing com.diplome.game_recommendation.models.GameEntity instances
2026-03-26T18:28:22.941+04:00  INFO 14012 --- [http-nio-8080-exec-4] c.d.g.services.TagService                : Получение игр по тегу: 0, 5
2026-03-26T18:28:22.956+04:00  INFO 14012 --- [http-nio-8080-exec-1] c.d.g.services.TagService                : Ответ: Page 1 of 40 containing com.diplome.game_recommendation.models.GameEntity instances
2026-03-26T18:28:22.960+04:00  INFO 14012 --- [http-nio-8080-exec-10] c.d.g.services.TagService                : Получение игр по тегу: 0, 5
2026-03-26T18:28:22.966+04:00  INFO 14012 --- [http-nio-8080-exec-6] c.d.g.services.TagService                : Ответ: Page 1 of 40 containing com.diplome.game_recommendation.models.GameEntity instances
2026-03-26T18:28:22.981+04:00  INFO 14012 --- [http-nio-8080-exec-3] c.d.g.controllers.GameController         : Игры по тегу tagId=9
2026-03-26T18:28:22.994+04:00  INFO 14012 --- [http-nio-8080-exec-9] c.d.g.controllers.GameController         : Игры по тегу tagId=10
2026-03-26T18:28:23.011+04:00  INFO 14012 --- [http-nio-8080-exec-1] c.d.g.controllers.GameController         : Популярные игры
2026-03-26T18:28:23.093+04:00  INFO 14012 --- [http-nio-8080-exec-4] c.d.g.services.TagService                : Ответ: Page 1 of 40 containing com.diplome.game_recommendation.models.GameEntity instances
2026-03-26T18:28:23.174+04:00  INFO 14012 --- [http-nio-8080-exec-8] c.d.g.controllers.TagController          : Получение тегов
2026-03-26T18:28:23.247+04:00  INFO 14012 --- [http-nio-8080-exec-9] c.d.g.services.TagService                : Получение игр по тегу: 0, 5
2026-03-26T18:28:23.247+04:00  INFO 14012 --- [http-nio-8080-exec-10] c.d.g.services.TagService                : Ответ: Page 1 of 40 containing com.diplome.game_recommendation.models.GameEntity instances
2026-03-26T18:28:23.205+04:00  INFO 14012 --- [http-nio-8080-exec-3] c.d.g.services.TagService                : Получение игр по тегу: 0, 5
2026-03-26T18:28:23.272+04:00  INFO 14012 --- [http-nio-8080-exec-8] c.d.g.services.TagService                : Получение тегов: 0, 5
2026-03-26T18:28:23.338+04:00  INFO 14012 --- [http-nio-8080-exec-9] c.d.g.services.TagService                : Ответ: Page 1 of 40 containing com.diplome.game_recommendation.models.GameEntity instances
2026-03-26T18:28:23.375+04:00  INFO 14012 --- [http-nio-8080-exec-8] c.d.g.services.TagService                : Ответ: Page 1 of 68 containing com.diplome.game_recommendation.models.TagEntity instances
2026-03-26T18:28:23.387+04:00  INFO 14012 --- [http-nio-8080-exec-3] c.d.g.services.TagService                : Ответ: Page 1 of 40 containing com.diplome.game_recommendation.models.GameEntity instances
2026-03-26T18:28:23.541+04:00  INFO 14012 --- [http-nio-8080-exec-2] c.d.g.controllers.GameController         : Игры по тегу tagId=3
2026-03-26T18:28:23.551+04:00  INFO 14012 --- [http-nio-8080-exec-2] c.d.g.services.TagService                : Получение игр по тегу: 0, 5
2026-03-26T18:28:23.547+04:00  INFO 14012 --- [http-nio-8080-exec-7] c.d.g.controllers.GameController         : Игры по тегу tagId=44
2026-03-26T18:28:23.550+04:00  INFO 14012 --- [http-nio-8080-exec-5] c.d.g.controllers.GameController         : Игры по тегу tagId=7
2026-03-26T18:28:23.562+04:00  INFO 14012 --- [http-nio-8080-exec-5] c.d.g.services.TagService                : Получение игр по тегу: 0, 5
2026-03-26T18:28:23.553+04:00  INFO 14012 --- [http-nio-8080-exec-6] c.d.g.controllers.GameController         : Игры по тегу tagId=9
2026-03-26T18:28:23.554+04:00  INFO 14012 --- [http-nio-8080-exec-4] c.d.g.controllers.GameController         : Игры по тегу tagId=10
2026-03-26T18:28:23.557+04:00  INFO 14012 --- [http-nio-8080-exec-7] c.d.g.services.TagService                : Получение игр по тегу: 0, 5
2026-03-26T18:28:23.565+04:00  INFO 14012 --- [http-nio-8080-exec-10] c.d.g.controllers.GameController         : Популярные игры
2026-03-26T18:28:23.574+04:00  INFO 14012 --- [http-nio-8080-exec-6] c.d.g.services.TagService                : Получение игр по тегу: 0, 5
2026-03-26T18:28:23.578+04:00  INFO 14012 --- [http-nio-8080-exec-4] c.d.g.services.TagService                : Получение игр по тегу: 0, 5
2026-03-26T18:28:23.582+04:00  INFO 14012 --- [http-nio-8080-exec-2] c.d.g.services.TagService                : Ответ: Page 1 of 40 containing com.diplome.game_recommendation.models.GameEntity instances
2026-03-26T18:28:23.597+04:00  INFO 14012 --- [http-nio-8080-exec-5] c.d.g.services.TagService                : Ответ: Page 1 of 40 containing com.diplome.game_recommendation.models.GameEntity instances
2026-03-26T18:28:23.629+04:00  INFO 14012 --- [http-nio-8080-exec-7] c.d.g.services.TagService                : Ответ: Page 1 of 40 containing com.diplome.game_recommendation.models.GameEntity instances
2026-03-26T18:28:23.668+04:00  INFO 14012 --- [http-nio-8080-exec-1] c.d.g.controllers.TagController          : Получение тегов
2026-03-26T18:28:23.692+04:00  INFO 14012 --- [http-nio-8080-exec-4] c.d.g.services.TagService                : Ответ: Page 1 of 40 containing com.diplome.game_recommendation.models.GameEntity instances
2026-03-26T18:28:23.708+04:00  INFO 14012 --- [http-nio-8080-exec-6] c.d.g.services.TagService                : Ответ: Page 1 of 40 containing com.diplome.game_recommendation.models.GameEntity instances
2026-03-26T18:28:23.737+04:00  INFO 14012 --- [http-nio-8080-exec-1] c.d.g.services.TagService                : Получение тегов: 0, 5
2026-03-26T18:28:23.801+04:00  INFO 14012 --- [http-nio-8080-exec-1] c.d.g.services.TagService                : Ответ: Page 1 of 68 containing com.diplome.game_recommendation.models.TagEntity instances
2026-03-26T18:28:24.144+04:00  INFO 14012 --- [http-nio-8080-exec-9] c.d.g.controllers.GameController         : Игры по тегу tagId=3
2026-03-26T18:28:24.148+04:00  INFO 14012 --- [http-nio-8080-exec-2] c.d.g.controllers.GameController         : Игры по тегу tagId=9
2026-03-26T18:28:24.148+04:00  INFO 14012 --- [http-nio-8080-exec-8] c.d.g.controllers.GameController         : Игры по тегу tagId=44
2026-03-26T18:28:24.150+04:00  INFO 14012 --- [http-nio-8080-exec-3] c.d.g.controllers.GameController         : Игры по тегу tagId=7
2026-03-26T18:28:24.150+04:00  INFO 14012 --- [http-nio-8080-exec-10] c.d.g.controllers.GameController         : Игры по тегу tagId=10
2026-03-26T18:28:24.187+04:00  INFO 14012 --- [http-nio-8080-exec-5] c.d.g.controllers.GameController         : Популярные игры
2026-03-26T18:28:24.197+04:00  INFO 14012 --- [http-nio-8080-exec-9] c.d.g.services.TagService                : Получение игр по тегу: 0, 5
2026-03-26T18:28:24.208+04:00  INFO 14012 --- [http-nio-8080-exec-2] c.d.g.services.TagService                : Получение игр по тегу: 0, 5
2026-03-26T18:28:24.231+04:00  INFO 14012 --- [http-nio-8080-exec-8] c.d.g.services.TagService                : Получение игр по тегу: 0, 5
2026-03-26T18:28:24.251+04:00  INFO 14012 --- [http-nio-8080-exec-3] c.d.g.services.TagService                : Получение игр по тегу: 0, 5
2026-03-26T18:28:24.291+04:00  INFO 14012 --- [http-nio-8080-exec-10] c.d.g.services.TagService                : Получение игр по тегу: 0, 5
2026-03-26T18:28:24.425+04:00  INFO 14012 --- [http-nio-8080-exec-2] c.d.g.services.TagService                : Ответ: Page 1 of 40 containing com.diplome.game_recommendation.models.GameEntity instances
2026-03-26T18:28:24.439+04:00  INFO 14012 --- [http-nio-8080-exec-8] c.d.g.services.TagService                : Ответ: Page 1 of 40 containing com.diplome.game_recommendation.models.GameEntity instances
2026-03-26T18:28:24.441+04:00  INFO 14012 --- [http-nio-8080-exec-3] c.d.g.services.TagService                : Ответ: Page 1 of 40 containing com.diplome.game_recommendation.models.GameEntity instances
2026-03-26T18:28:24.460+04:00  INFO 14012 --- [http-nio-8080-exec-7] c.d.g.controllers.TagController          : Получение тегов
2026-03-26T18:28:24.486+04:00  INFO 14012 --- [http-nio-8080-exec-9] c.d.g.services.TagService                : Ответ: Page 1 of 40 containing com.diplome.game_recommendation.models.GameEntity instances
2026-03-26T18:28:24.488+04:00  INFO 14012 --- [http-nio-8080-exec-10] c.d.g.services.TagService                : Ответ: Page 1 of 40 containing com.diplome.game_recommendation.models.GameEntity instances
2026-03-26T18:28:24.505+04:00  INFO 14012 --- [http-nio-8080-exec-7] c.d.g.services.TagService                : Получение тегов: 0, 5
2026-03-26T18:28:24.545+04:00  INFO 14012 --- [http-nio-8080-exec-7] c.d.g.services.TagService                : Ответ: Page 1 of 68 containing com.diplome.game_recommendation.models.TagEntity instances
2026-03-26T18:28:24.814+04:00  INFO 14012 --- [http-nio-8080-exec-4] c.d.g.controllers.GameController         : Игры по тегу tagId=3
2026-03-26T18:28:24.817+04:00  INFO 14012 --- [http-nio-8080-exec-6] c.d.g.controllers.GameController         : Игры по тегу tagId=44
2026-03-26T18:28:24.827+04:00  INFO 14012 --- [http-nio-8080-exec-6] c.d.g.services.TagService                : Получение игр по тегу: 0, 5
2026-03-26T18:28:24.818+04:00  INFO 14012 --- [http-nio-8080-exec-1] c.d.g.controllers.GameController         : Игры по тегу tagId=7
2026-03-26T18:28:24.819+04:00  INFO 14012 --- [http-nio-8080-exec-4] c.d.g.services.TagService                : Получение игр по тегу: 0, 5
2026-03-26T18:28:24.827+04:00  INFO 14012 --- [http-nio-8080-exec-5] c.d.g.controllers.GameController         : Игры по тегу tagId=9
2026-03-26T18:28:24.841+04:00  INFO 14012 --- [http-nio-8080-exec-2] c.d.g.controllers.GameController         : Игры по тегу tagId=10
2026-03-26T18:28:24.917+04:00  INFO 14012 --- [http-nio-8080-exec-2] c.d.g.services.TagService                : Получение игр по тегу: 0, 5
2026-03-26T18:28:24.919+04:00  INFO 14012 --- [http-nio-8080-exec-6] c.d.g.services.TagService                : Ответ: Page 1 of 40 containing com.diplome.game_recommendation.models.GameEntity instances
2026-03-26T18:28:24.863+04:00  INFO 14012 --- [http-nio-8080-exec-8] c.d.g.controllers.GameController         : Популярные игры
2026-03-26T18:28:24.876+04:00  INFO 14012 --- [http-nio-8080-exec-1] c.d.g.services.TagService                : Получение игр по тегу: 0, 5
2026-03-26T18:28:24.892+04:00  INFO 14012 --- [http-nio-8080-exec-5] c.d.g.services.TagService                : Получение игр по тегу: 0, 5
2026-03-26T18:28:24.910+04:00  INFO 14012 --- [http-nio-8080-exec-4] c.d.g.services.TagService                : Ответ: Page 1 of 40 containing com.diplome.game_recommendation.models.GameEntity instances
2026-03-26T18:28:24.928+04:00  INFO 14012 --- [http-nio-8080-exec-3] c.d.g.controllers.TagController          : Получение тегов
2026-03-26T18:28:24.960+04:00  INFO 14012 --- [http-nio-8080-exec-2] c.d.g.services.TagService                : Ответ: Page 1 of 40 containing com.diplome.game_recommendation.models.GameEntity instances
2026-03-26T18:28:24.973+04:00  INFO 14012 --- [http-nio-8080-exec-1] c.d.g.services.TagService                : Ответ: Page 1 of 40 containing com.diplome.game_recommendation.models.GameEntity instances
2026-03-26T18:28:24.985+04:00  INFO 14012 --- [http-nio-8080-exec-3] c.d.g.services.TagService                : Получение тегов: 0, 5
2026-03-26T18:28:24.993+04:00  INFO 14012 --- [http-nio-8080-exec-5] c.d.g.services.TagService                : Ответ: Page 1 of 40 containing com.diplome.game_recommendation.models.GameEntity instances
2026-03-26T18:28:25.039+04:00  INFO 14012 --- [http-nio-8080-exec-3] c.d.g.services.TagService                : Ответ: Page 1 of 68 containing com.diplome.game_recommendation.models.TagEntity instances
2026-03-26T18:28:25.555+04:00  INFO 14012 --- [http-nio-8080-exec-10] c.d.g.controllers.GameController         : Игры по тегу tagId=3
2026-03-26T18:28:25.562+04:00  INFO 14012 --- [http-nio-8080-exec-7] c.d.g.controllers.GameController         : Игры по тегу tagId=7
2026-03-26T18:28:25.565+04:00  INFO 14012 --- [http-nio-8080-exec-9] c.d.g.controllers.GameController         : Игры по тегу tagId=44
2026-03-26T18:28:25.569+04:00  INFO 14012 --- [http-nio-8080-exec-6] c.d.g.controllers.GameController         : Игры по тегу tagId=9
2026-03-26T18:28:25.573+04:00  INFO 14012 --- [http-nio-8080-exec-4] c.d.g.controllers.GameController         : Игры по тегу tagId=10
2026-03-26T18:28:25.572+04:00  INFO 14012 --- [http-nio-8080-exec-10] c.d.g.services.TagService                : Получение игр по тегу: 0, 5
2026-03-26T18:28:25.575+04:00  INFO 14012 --- [http-nio-8080-exec-7] c.d.g.services.TagService                : Получение игр по тегу: 0, 5
2026-03-26T18:28:25.581+04:00  INFO 14012 --- [http-nio-8080-exec-9] c.d.g.services.TagService                : Получение игр по тегу: 0, 5
2026-03-26T18:28:25.585+04:00  INFO 14012 --- [http-nio-8080-exec-2] c.d.g.controllers.GameController         : Популярные игры
2026-03-26T18:28:25.585+04:00  INFO 14012 --- [http-nio-8080-exec-6] c.d.g.services.TagService                : Получение игр по тегу: 0, 5
2026-03-26T18:28:25.591+04:00  INFO 14012 --- [http-nio-8080-exec-4] c.d.g.services.TagService                : Получение игр по тегу: 0, 5
2026-03-26T18:28:25.643+04:00  INFO 14012 --- [http-nio-8080-exec-7] c.d.g.services.TagService                : Ответ: Page 1 of 40 containing com.diplome.game_recommendation.models.GameEntity instances
2026-03-26T18:28:25.669+04:00  INFO 14012 --- [http-nio-8080-exec-10] c.d.g.services.TagService                : Ответ: Page 1 of 40 containing com.diplome.game_recommendation.models.GameEntity instances
2026-03-26T18:28:25.688+04:00  INFO 14012 --- [http-nio-8080-exec-9] c.d.g.services.TagService                : Ответ: Page 1 of 40 containing com.diplome.game_recommendation.models.GameEntity instances
2026-03-26T18:28:25.712+04:00  INFO 14012 --- [http-nio-8080-exec-10] c.d.g.controllers.TagController          : Получение тегов
2026-03-26T18:28:25.718+04:00  INFO 14012 --- [http-nio-8080-exec-6] c.d.g.services.TagService                : Ответ: Page 1 of 40 containing com.diplome.game_recommendation.models.GameEntity instances
2026-03-26T18:28:25.719+04:00  INFO 14012 --- [http-nio-8080-exec-4] c.d.g.services.TagService                : Ответ: Page 1 of 40 containing com.diplome.game_recommendation.models.GameEntity instances
2026-03-26T18:28:25.769+04:00  INFO 14012 --- [http-nio-8080-exec-10] c.d.g.services.TagService                : Получение тегов: 0, 5
2026-03-26T18:28:25.851+04:00  INFO 14012 --- [http-nio-8080-exec-10] c.d.g.services.TagService                : Ответ: Page 1 of 68 containing com.diplome.game_recommendation.models.TagEntity instances
2026-03-26T18:28:26.097+04:00  INFO 14012 --- [http-nio-8080-exec-1] c.d.g.controllers.GameController         : Игры по тегу tagId=3
2026-03-26T18:28:26.098+04:00  INFO 14012 --- [http-nio-8080-exec-1] c.d.g.services.TagService                : Получение игр по тегу: 0, 5
2026-03-26T18:28:26.101+04:00  INFO 14012 --- [http-nio-8080-exec-5] c.d.g.controllers.GameController         : Игры по тегу tagId=44
2026-03-26T18:28:26.104+04:00  INFO 14012 --- [http-nio-8080-exec-3] c.d.g.controllers.GameController         : Игры по тегу tagId=7
2026-03-26T18:28:26.107+04:00  INFO 14012 --- [http-nio-8080-exec-5] c.d.g.services.TagService                : Получение игр по тегу: 0, 5
2026-03-26T18:28:26.107+04:00  INFO 14012 --- [http-nio-8080-exec-7] c.d.g.controllers.GameController         : Игры по тегу tagId=9
2026-03-26T18:28:26.108+04:00  INFO 14012 --- [http-nio-8080-exec-3] c.d.g.services.TagService                : Получение игр по тегу: 0, 5
2026-03-26T18:28:26.108+04:00  INFO 14012 --- [http-nio-8080-exec-8] c.d.g.controllers.GameController         : Игры по тегу tagId=10
2026-03-26T18:28:26.116+04:00  INFO 14012 --- [http-nio-8080-exec-7] c.d.g.services.TagService                : Получение игр по тегу: 0, 5
2026-03-26T18:28:26.117+04:00  INFO 14012 --- [http-nio-8080-exec-9] c.d.g.controllers.GameController         : Популярные игры
2026-03-26T18:28:26.122+04:00  INFO 14012 --- [http-nio-8080-exec-1] c.d.g.services.TagService                : Ответ: Page 1 of 40 containing com.diplome.game_recommendation.models.GameEntity instances
2026-03-26T18:28:26.125+04:00  INFO 14012 --- [http-nio-8080-exec-8] c.d.g.services.TagService                : Получение игр по тегу: 0, 5
2026-03-26T18:28:26.146+04:00  INFO 14012 --- [http-nio-8080-exec-3] c.d.g.services.TagService                : Ответ: Page 1 of 40 containing com.diplome.game_recommendation.models.GameEntity instances
2026-03-26T18:28:26.149+04:00  INFO 14012 --- [http-nio-8080-exec-5] c.d.g.services.TagService                : Ответ: Page 1 of 40 containing com.diplome.game_recommendation.models.GameEntity instances
2026-03-26T18:28:26.157+04:00  INFO 14012 --- [http-nio-8080-exec-7] c.d.g.services.TagService                : Ответ: Page 1 of 40 containing com.diplome.game_recommendation.models.GameEntity instances
2026-03-26T18:28:26.164+04:00  INFO 14012 --- [http-nio-8080-exec-2] c.d.g.controllers.TagController          : Получение тегов
2026-03-26T18:28:26.175+04:00  INFO 14012 --- [http-nio-8080-exec-2] c.d.g.services.TagService                : Получение тегов: 0, 5
2026-03-26T18:28:26.197+04:00  INFO 14012 --- [http-nio-8080-exec-8] c.d.g.services.TagService                : Ответ: Page 1 of 40 containing com.diplome.game_recommendation.models.GameEntity instances
2026-03-26T18:28:26.204+04:00  INFO 14012 --- [http-nio-8080-exec-2] c.d.g.services.TagService                : Ответ: Page 1 of 68 containing com.diplome.game_recommendation.models.TagEntity instances
2026-03-26T18:28:26.459+04:00  INFO 14012 --- [http-nio-8080-exec-4] c.d.g.controllers.GameController         : Игры по тегу tagId=44
2026-03-26T18:28:26.464+04:00  INFO 14012 --- [http-nio-8080-exec-4] c.d.g.services.TagService                : Получение игр по тегу: 0, 5
2026-03-26T18:28:26.461+04:00  INFO 14012 --- [http-nio-8080-exec-6] c.d.g.controllers.GameController         : Игры по тегу tagId=3
2026-03-26T18:28:26.466+04:00  INFO 14012 --- [http-nio-8080-exec-1] c.d.g.controllers.GameController         : Игры по тегу tagId=9
2026-03-26T18:28:26.471+04:00  INFO 14012 --- [http-nio-8080-exec-1] c.d.g.services.TagService                : Получение игр по тегу: 0, 5
2026-03-26T18:28:26.473+04:00  INFO 14012 --- [http-nio-8080-exec-3] c.d.g.controllers.GameController         : Игры по тегу tagId=10
2026-03-26T18:28:26.467+04:00  INFO 14012 --- [http-nio-8080-exec-10] c.d.g.controllers.GameController         : Игры по тегу tagId=7
2026-03-26T18:28:26.479+04:00  INFO 14012 --- [http-nio-8080-exec-10] c.d.g.services.TagService                : Получение игр по тегу: 0, 5
2026-03-26T18:28:26.468+04:00  INFO 14012 --- [http-nio-8080-exec-6] c.d.g.services.TagService                : Получение игр по тегу: 0, 5
2026-03-26T18:28:26.477+04:00  INFO 14012 --- [http-nio-8080-exec-3] c.d.g.services.TagService                : Получение игр по тегу: 0, 5
2026-03-26T18:28:26.488+04:00  INFO 14012 --- [http-nio-8080-exec-4] c.d.g.services.TagService                : Ответ: Page 1 of 40 containing com.diplome.game_recommendation.models.GameEntity instances
2026-03-26T18:28:26.503+04:00  INFO 14012 --- [http-nio-8080-exec-1] c.d.g.services.TagService                : Ответ: Page 1 of 40 containing com.diplome.game_recommendation.models.GameEntity instances
2026-03-26T18:28:26.493+04:00  INFO 14012 --- [http-nio-8080-exec-5] c.d.g.controllers.GameController         : Популярные игры
2026-03-26T18:28:26.510+04:00  INFO 14012 --- [http-nio-8080-exec-7] c.d.g.controllers.TagController          : Получение тегов
2026-03-26T18:28:26.523+04:00  INFO 14012 --- [http-nio-8080-exec-6] c.d.g.services.TagService                : Ответ: Page 1 of 40 containing com.diplome.game_recommendation.models.GameEntity instances
2026-03-26T18:28:26.525+04:00  INFO 14012 --- [http-nio-8080-exec-7] c.d.g.services.TagService                : Получение тегов: 0, 5
2026-03-26T18:28:26.530+04:00  INFO 14012 --- [http-nio-8080-exec-10] c.d.g.services.TagService                : Ответ: Page 1 of 40 containing com.diplome.game_recommendation.models.GameEntity instances
2026-03-26T18:28:26.533+04:00  INFO 14012 --- [http-nio-8080-exec-3] c.d.g.services.TagService                : Ответ: Page 1 of 40 containing com.diplome.game_recommendation.models.GameEntity instances
2026-03-26T18:28:26.543+04:00  INFO 14012 --- [http-nio-8080-exec-7] c.d.g.services.TagService                : Ответ: Page 1 of 68 containing com.diplome.game_recommendation.models.TagEntity instances
2026-03-26T18:28:26.779+04:00  INFO 14012 --- [http-nio-8080-exec-9] c.d.g.controllers.GameController         : Игры по тегу tagId=3
2026-03-26T18:28:26.780+04:00  INFO 14012 --- [http-nio-8080-exec-9] c.d.g.services.TagService                : Получение игр по тегу: 0, 5
2026-03-26T18:28:26.782+04:00  INFO 14012 --- [http-nio-8080-exec-8] c.d.g.controllers.GameController         : Игры по тегу tagId=44
2026-03-26T18:28:26.784+04:00  INFO 14012 --- [http-nio-8080-exec-8] c.d.g.services.TagService                : Получение игр по тегу: 0, 5
2026-03-26T18:28:26.785+04:00  INFO 14012 --- [http-nio-8080-exec-4] c.d.g.controllers.GameController         : Игры по тегу tagId=9
2026-03-26T18:28:26.784+04:00  INFO 14012 --- [http-nio-8080-exec-2] c.d.g.controllers.GameController         : Игры по тегу tagId=7
2026-03-26T18:28:26.788+04:00  INFO 14012 --- [http-nio-8080-exec-1] c.d.g.controllers.GameController         : Игры по тегу tagId=10
2026-03-26T18:28:26.791+04:00  INFO 14012 --- [http-nio-8080-exec-1] c.d.g.services.TagService                : Получение игр по тегу: 0, 5
2026-03-26T18:28:26.789+04:00  INFO 14012 --- [http-nio-8080-exec-4] c.d.g.services.TagService                : Получение игр по тегу: 0, 5
2026-03-26T18:28:26.790+04:00  INFO 14012 --- [http-nio-8080-exec-6] c.d.g.controllers.GameController         : Популярные игры
2026-03-26T18:28:26.790+04:00  INFO 14012 --- [http-nio-8080-exec-2] c.d.g.services.TagService                : Получение игр по тегу: 0, 5
2026-03-26T18:28:26.798+04:00  INFO 14012 --- [http-nio-8080-exec-9] c.d.g.services.TagService                : Ответ: Page 1 of 40 containing com.diplome.game_recommendation.models.GameEntity instances
2026-03-26T18:28:26.808+04:00  INFO 14012 --- [http-nio-8080-exec-8] c.d.g.services.TagService                : Ответ: Page 1 of 40 containing com.diplome.game_recommendation.models.GameEntity instances
2026-03-26T18:28:26.813+04:00  INFO 14012 --- [http-nio-8080-exec-10] c.d.g.controllers.TagController          : Получение тегов
2026-03-26T18:28:26.818+04:00  INFO 14012 --- [http-nio-8080-exec-2] c.d.g.services.TagService                : Ответ: Page 1 of 40 containing com.diplome.game_recommendation.models.GameEntity instances
2026-03-26T18:28:26.824+04:00  INFO 14012 --- [http-nio-8080-exec-10] c.d.g.services.TagService                : Получение тегов: 0, 5
2026-03-26T18:28:26.824+04:00  INFO 14012 --- [http-nio-8080-exec-1] c.d.g.services.TagService                : Ответ: Page 1 of 40 containing com.diplome.game_recommendation.models.GameEntity instances
2026-03-26T18:28:26.833+04:00  INFO 14012 --- [http-nio-8080-exec-4] c.d.g.services.TagService                : Ответ: Page 1 of 40 containing com.diplome.game_recommendation.models.GameEntity instances
2026-03-26T18:28:26.839+04:00  INFO 14012 --- [http-nio-8080-exec-10] c.d.g.services.TagService                : Ответ: Page 1 of 68 containing com.diplome.game_recommendation.models.TagEntity instances
2026-03-26T18:28:27.058+04:00  INFO 14012 --- [http-nio-8080-exec-3] c.d.g.controllers.GameController         : Игры по тегу tagId=3
2026-03-26T18:28:27.060+04:00  INFO 14012 --- [http-nio-8080-exec-3] c.d.g.services.TagService                : Получение игр по тегу: 0, 5
2026-03-26T18:28:27.061+04:00  INFO 14012 --- [http-nio-8080-exec-7] c.d.g.controllers.GameController         : Игры по тегу tagId=44
2026-03-26T18:28:27.062+04:00  INFO 14012 --- [http-nio-8080-exec-5] c.d.g.controllers.GameController         : Игры по тегу tagId=7
2026-03-26T18:28:27.062+04:00  INFO 14012 --- [http-nio-8080-exec-7] c.d.g.services.TagService                : Получение игр по тегу: 0, 5
2026-03-26T18:28:27.062+04:00  INFO 14012 --- [http-nio-8080-exec-5] c.d.g.services.TagService                : Получение игр по тегу: 0, 5
2026-03-26T18:28:27.067+04:00  INFO 14012 --- [http-nio-8080-exec-9] c.d.g.controllers.GameController         : Игры по тегу tagId=9
2026-03-26T18:28:27.079+04:00  INFO 14012 --- [http-nio-8080-exec-9] c.d.g.services.TagService                : Получение игр по тегу: 0, 5
2026-03-26T18:28:27.072+04:00  INFO 14012 --- [http-nio-8080-exec-8] c.d.g.controllers.GameController         : Игры по тегу tagId=10
2026-03-26T18:28:27.087+04:00  INFO 14012 --- [http-nio-8080-exec-8] c.d.g.services.TagService                : Получение игр по тегу: 0, 5
2026-03-26T18:28:27.085+04:00  INFO 14012 --- [http-nio-8080-exec-3] c.d.g.services.TagService                : Ответ: Page 1 of 40 containing com.diplome.game_recommendation.models.GameEntity instances
2026-03-26T18:28:27.087+04:00  INFO 14012 --- [http-nio-8080-exec-7] c.d.g.services.TagService                : Ответ: Page 1 of 40 containing com.diplome.game_recommendation.models.GameEntity instances
2026-03-26T18:28:27.092+04:00  INFO 14012 --- [http-nio-8080-exec-2] c.d.g.controllers.GameController         : Популярные игры
2026-03-26T18:28:27.098+04:00  INFO 14012 --- [http-nio-8080-exec-5] c.d.g.services.TagService                : Ответ: Page 1 of 40 containing com.diplome.game_recommendation.models.GameEntity instances
2026-03-26T18:28:27.104+04:00  INFO 14012 --- [http-nio-8080-exec-7] c.d.g.controllers.TagController          : Получение тегов
2026-03-26T18:28:27.108+04:00  INFO 14012 --- [http-nio-8080-exec-9] c.d.g.services.TagService                : Ответ: Page 1 of 40 containing com.diplome.game_recommendation.models.GameEntity instances
2026-03-26T18:28:27.115+04:00  INFO 14012 --- [http-nio-8080-exec-7] c.d.g.services.TagService                : Получение тегов: 0, 5
2026-03-26T18:28:27.123+04:00  INFO 14012 --- [http-nio-8080-exec-7] c.d.g.services.TagService                : Ответ: Page 1 of 68 containing com.diplome.game_recommendation.models.TagEntity instances
2026-03-26T18:28:27.124+04:00  INFO 14012 --- [http-nio-8080-exec-8] c.d.g.services.TagService                : Ответ: Page 1 of 40 containing com.diplome.game_recommendation.models.GameEntity instances
2026-03-26T18:28:27.302+04:00  INFO 14012 --- [http-nio-8080-exec-4] c.d.g.controllers.GameController         : Игры по тегу tagId=3
2026-03-26T18:28:27.303+04:00  INFO 14012 --- [http-nio-8080-exec-4] c.d.g.services.TagService                : Получение игр по тегу: 0, 5
2026-03-26T18:28:27.308+04:00  INFO 14012 --- [http-nio-8080-exec-6] c.d.g.controllers.GameController         : Игры по тегу tagId=7
2026-03-26T18:28:27.308+04:00  INFO 14012 --- [http-nio-8080-exec-3] c.d.g.controllers.GameController         : Игры по тегу tagId=9
2026-03-26T18:28:27.315+04:00  INFO 14012 --- [http-nio-8080-exec-3] c.d.g.services.TagService                : Получение игр по тегу: 0, 5
2026-03-26T18:28:27.316+04:00  INFO 14012 --- [http-nio-8080-exec-5] c.d.g.controllers.GameController         : Популярные игры
2026-03-26T18:28:27.309+04:00  INFO 14012 --- [http-nio-8080-exec-10] c.d.g.controllers.GameController         : Игры по тегу tagId=44
2026-03-26T18:28:27.310+04:00  INFO 14012 --- [http-nio-8080-exec-6] c.d.g.services.TagService                : Получение игр по тегу: 0, 5
2026-03-26T18:28:27.312+04:00  INFO 14012 --- [http-nio-8080-exec-1] c.d.g.controllers.GameController         : Игры по тегу tagId=10
2026-03-26T18:28:27.318+04:00  INFO 14012 --- [http-nio-8080-exec-10] c.d.g.services.TagService                : Получение игр по тегу: 0, 5
2026-03-26T18:28:27.320+04:00  INFO 14012 --- [http-nio-8080-exec-1] c.d.g.services.TagService                : Получение игр по тегу: 0, 5
2026-03-26T18:28:27.324+04:00  INFO 14012 --- [http-nio-8080-exec-4] c.d.g.services.TagService                : Ответ: Page 1 of 40 containing com.diplome.game_recommendation.models.GameEntity instances
2026-03-26T18:28:27.334+04:00  INFO 14012 --- [http-nio-8080-exec-3] c.d.g.services.TagService                : Ответ: Page 1 of 40 containing com.diplome.game_recommendation.models.GameEntity instances
2026-03-26T18:28:27.341+04:00  INFO 14012 --- [http-nio-8080-exec-9] c.d.g.controllers.TagController          : Получение тегов
2026-03-26T18:28:27.344+04:00  INFO 14012 --- [http-nio-8080-exec-1] c.d.g.services.TagService                : Ответ: Page 1 of 40 containing com.diplome.game_recommendation.models.GameEntity instances
2026-03-26T18:28:27.346+04:00  INFO 14012 --- [http-nio-8080-exec-6] c.d.g.services.TagService                : Ответ: Page 1 of 40 containing com.diplome.game_recommendation.models.GameEntity instances
2026-03-26T18:28:27.346+04:00  INFO 14012 --- [http-nio-8080-exec-9] c.d.g.services.TagService                : Получение тегов: 0, 5
2026-03-26T18:28:27.347+04:00  INFO 14012 --- [http-nio-8080-exec-10] c.d.g.services.TagService                : Ответ: Page 1 of 40 containing com.diplome.game_recommendation.models.GameEntity instances
2026-03-26T18:28:27.357+04:00  INFO 14012 --- [http-nio-8080-exec-9] c.d.g.services.TagService                : Ответ: Page 1 of 68 containing com.diplome.game_recommendation.models.TagEntity instances
2026-03-26T18:28:27.551+04:00  INFO 14012 --- [http-nio-8080-exec-8] c.d.g.controllers.GameController         : Игры по тегу tagId=3
2026-03-26T18:28:27.552+04:00  INFO 14012 --- [http-nio-8080-exec-8] c.d.g.services.TagService                : Получение игр по тегу: 0, 5
2026-03-26T18:28:27.553+04:00  INFO 14012 --- [http-nio-8080-exec-7] c.d.g.controllers.GameController         : Игры по тегу tagId=44
2026-03-26T18:28:27.554+04:00  INFO 14012 --- [http-nio-8080-exec-7] c.d.g.services.TagService                : Получение игр по тегу: 0, 5
2026-03-26T18:28:27.556+04:00  INFO 14012 --- [http-nio-8080-exec-2] c.d.g.controllers.GameController         : Игры по тегу tagId=7
2026-03-26T18:28:27.558+04:00  INFO 14012 --- [http-nio-8080-exec-2] c.d.g.services.TagService                : Получение игр по тегу: 0, 5
2026-03-26T18:28:27.559+04:00  INFO 14012 --- [http-nio-8080-exec-4] c.d.g.controllers.GameController         : Игры по тегу tagId=9
2026-03-26T18:28:27.566+04:00  INFO 14012 --- [http-nio-8080-exec-4] c.d.g.services.TagService                : Получение игр по тегу: 0, 5
2026-03-26T18:28:27.560+04:00  INFO 14012 --- [http-nio-8080-exec-3] c.d.g.controllers.GameController         : Игры по тегу tagId=10
2026-03-26T18:28:27.565+04:00  INFO 14012 --- [http-nio-8080-exec-1] c.d.g.controllers.GameController         : Популярные игры
2026-03-26T18:28:27.567+04:00  INFO 14012 --- [http-nio-8080-exec-3] c.d.g.services.TagService                : Получение игр по тегу: 0, 5
2026-03-26T18:28:27.571+04:00  INFO 14012 --- [http-nio-8080-exec-8] c.d.g.services.TagService                : Ответ: Page 1 of 40 containing com.diplome.game_recommendation.models.GameEntity instances
2026-03-26T18:28:27.574+04:00  INFO 14012 --- [http-nio-8080-exec-7] c.d.g.services.TagService                : Ответ: Page 1 of 40 containing com.diplome.game_recommendation.models.GameEntity instances
2026-03-26T18:28:27.578+04:00  INFO 14012 --- [http-nio-8080-exec-6] c.d.g.controllers.TagController          : Получение тегов
2026-03-26T18:28:27.582+04:00  INFO 14012 --- [http-nio-8080-exec-2] c.d.g.services.TagService                : Ответ: Page 1 of 40 containing com.diplome.game_recommendation.models.GameEntity instances
2026-03-26T18:28:27.584+04:00  INFO 14012 --- [http-nio-8080-exec-6] c.d.g.services.TagService                : Получение тегов: 0, 5
2026-03-26T18:28:27.585+04:00  INFO 14012 --- [http-nio-8080-exec-4] c.d.g.services.TagService                : Ответ: Page 1 of 40 containing com.diplome.game_recommendation.models.GameEntity instances
2026-03-26T18:28:27.587+04:00  INFO 14012 --- [http-nio-8080-exec-3] c.d.g.services.TagService                : Ответ: Page 1 of 40 containing com.diplome.game_recommendation.models.GameEntity instances
2026-03-26T18:28:27.595+04:00  INFO 14012 --- [http-nio-8080-exec-6] c.d.g.services.TagService                : Ответ: Page 1 of 68 containing com.diplome.game_recommendation.models.TagEntity instances
2026-03-26T18:28:27.906+04:00  INFO 14012 --- [http-nio-8080-exec-10] c.d.g.controllers.GameController         : Игры по тегу tagId=3
2026-03-26T18:28:27.907+04:00  INFO 14012 --- [http-nio-8080-exec-10] c.d.g.services.TagService                : Получение игр по тегу: 0, 5
2026-03-26T18:28:27.909+04:00  INFO 14012 --- [http-nio-8080-exec-5] c.d.g.controllers.GameController         : Игры по тегу tagId=44
2026-03-26T18:28:27.911+04:00  INFO 14012 --- [http-nio-8080-exec-9] c.d.g.controllers.GameController         : Игры по тегу tagId=7
2026-03-26T18:28:27.912+04:00  INFO 14012 --- [http-nio-8080-exec-8] c.d.g.controllers.GameController         : Игры по тегу tagId=9
2026-03-26T18:28:27.913+04:00  INFO 14012 --- [http-nio-8080-exec-5] c.d.g.services.TagService                : Получение игр по тегу: 0, 5
2026-03-26T18:28:27.914+04:00  INFO 14012 --- [http-nio-8080-exec-7] c.d.g.controllers.GameController         : Игры по тегу tagId=10
2026-03-26T18:28:27.914+04:00  INFO 14012 --- [http-nio-8080-exec-9] c.d.g.services.TagService                : Получение игр по тегу: 0, 5
2026-03-26T18:28:27.915+04:00  INFO 14012 --- [http-nio-8080-exec-8] c.d.g.services.TagService                : Получение игр по тегу: 0, 5
2026-03-26T18:28:27.917+04:00  INFO 14012 --- [http-nio-8080-exec-7] c.d.g.services.TagService                : Получение игр по тегу: 0, 5
2026-03-26T18:28:27.923+04:00  INFO 14012 --- [http-nio-8080-exec-2] c.d.g.controllers.GameController         : Популярные игры
2026-03-26T18:28:27.927+04:00  INFO 14012 --- [http-nio-8080-exec-10] c.d.g.services.TagService                : Ответ: Page 1 of 40 containing com.diplome.game_recommendation.models.GameEntity instances
2026-03-26T18:28:27.936+04:00  INFO 14012 --- [http-nio-8080-exec-5] c.d.g.services.TagService                : Ответ: Page 1 of 40 containing com.diplome.game_recommendation.models.GameEntity instances
2026-03-26T18:28:27.946+04:00  INFO 14012 --- [http-nio-8080-exec-9] c.d.g.services.TagService                : Ответ: Page 1 of 40 containing com.diplome.game_recommendation.models.GameEntity instances
2026-03-26T18:28:27.948+04:00  INFO 14012 --- [http-nio-8080-exec-4] c.d.g.controllers.TagController          : Получение тегов
2026-03-26T18:28:27.952+04:00  INFO 14012 --- [http-nio-8080-exec-4] c.d.g.services.TagService                : Получение тегов: 0, 5
2026-03-26T18:28:27.962+04:00  INFO 14012 --- [http-nio-8080-exec-4] c.d.g.services.TagService                : Ответ: Page 1 of 68 containing com.diplome.game_recommendation.models.TagEntity instances
2026-03-26T18:28:27.964+04:00  INFO 14012 --- [http-nio-8080-exec-8] c.d.g.services.TagService                : Ответ: Page 1 of 40 containing com.diplome.game_recommendation.models.GameEntity instances
2026-03-26T18:28:27.967+04:00  INFO 14012 --- [http-nio-8080-exec-7] c.d.g.services.TagService                : Ответ: Page 1 of 40 containing com.diplome.game_recommendation.models.GameEntity instances
2026-03-26T18:28:28.162+04:00  INFO 14012 --- [http-nio-8080-exec-3] c.d.g.controllers.GameController         : Игры по тегу tagId=3
2026-03-26T18:28:28.163+04:00  INFO 14012 --- [http-nio-8080-exec-3] c.d.g.services.TagService                : Получение игр по тегу: 0, 5
2026-03-26T18:28:28.164+04:00  INFO 14012 --- [http-nio-8080-exec-6] c.d.g.controllers.GameController         : Игры по тегу tagId=44
2026-03-26T18:28:28.164+04:00  INFO 14012 --- [http-nio-8080-exec-1] c.d.g.controllers.GameController         : Игры по тегу tagId=7
2026-03-26T18:28:28.166+04:00  INFO 14012 --- [http-nio-8080-exec-6] c.d.g.services.TagService                : Получение игр по тегу: 0, 5
2026-03-26T18:28:28.167+04:00  INFO 14012 --- [http-nio-8080-exec-10] c.d.g.controllers.GameController         : Игры по тегу tagId=9
2026-03-26T18:28:28.168+04:00  INFO 14012 --- [http-nio-8080-exec-1] c.d.g.services.TagService                : Получение игр по тегу: 0, 5
2026-03-26T18:28:28.169+04:00  INFO 14012 --- [http-nio-8080-exec-5] c.d.g.controllers.GameController         : Игры по тегу tagId=10
2026-03-26T18:28:28.170+04:00  INFO 14012 --- [http-nio-8080-exec-10] c.d.g.services.TagService                : Получение игр по тегу: 0, 5
2026-03-26T18:28:28.173+04:00  INFO 14012 --- [http-nio-8080-exec-5] c.d.g.services.TagService                : Получение игр по тегу: 0, 5
2026-03-26T18:28:28.177+04:00  INFO 14012 --- [http-nio-8080-exec-9] c.d.g.controllers.GameController         : Популярные игры
2026-03-26T18:28:28.182+04:00  INFO 14012 --- [http-nio-8080-exec-3] c.d.g.services.TagService                : Ответ: Page 1 of 40 containing com.diplome.game_recommendation.models.GameEntity instances
2026-03-26T18:28:28.189+04:00  INFO 14012 --- [http-nio-8080-exec-4] c.d.g.controllers.TagController          : Получение тегов
2026-03-26T18:28:28.192+04:00  INFO 14012 --- [http-nio-8080-exec-4] c.d.g.services.TagService                : Получение тегов: 0, 5
2026-03-26T18:28:28.193+04:00  INFO 14012 --- [http-nio-8080-exec-6] c.d.g.services.TagService                : Ответ: Page 1 of 40 containing com.diplome.game_recommendation.models.GameEntity instances
2026-03-26T18:28:28.197+04:00  INFO 14012 --- [http-nio-8080-exec-10] c.d.g.services.TagService                : Ответ: Page 1 of 40 containing com.diplome.game_recommendation.models.GameEntity instances
2026-03-26T18:28:28.197+04:00  INFO 14012 --- [http-nio-8080-exec-1] c.d.g.services.TagService                : Ответ: Page 1 of 40 containing com.diplome.game_recommendation.models.GameEntity instances
2026-03-26T18:28:28.202+04:00  INFO 14012 --- [http-nio-8080-exec-4] c.d.g.services.TagService                : Ответ: Page 1 of 68 containing com.diplome.game_recommendation.models.TagEntity instances
2026-03-26T18:28:28.206+04:00  INFO 14012 --- [http-nio-8080-exec-5] c.d.g.services.TagService                : Ответ: Page 1 of 40 containing com.diplome.game_recommendation.models.GameEntity instances
2026-03-26T18:28:28.386+04:00  INFO 14012 --- [http-nio-8080-exec-8] c.d.g.controllers.GameController         : Игры по тегу tagId=3
2026-03-26T18:28:28.387+04:00  INFO 14012 --- [http-nio-8080-exec-8] c.d.g.services.TagService                : Получение игр по тегу: 0, 5
2026-03-26T18:28:28.390+04:00  INFO 14012 --- [http-nio-8080-exec-7] c.d.g.controllers.GameController         : Игры по тегу tagId=44
2026-03-26T18:28:28.394+04:00  INFO 14012 --- [http-nio-8080-exec-7] c.d.g.services.TagService                : Получение игр по тегу: 0, 5
2026-03-26T18:28:28.392+04:00  INFO 14012 --- [http-nio-8080-exec-2] c.d.g.controllers.GameController         : Игры по тегу tagId=7
2026-03-26T18:28:28.394+04:00  INFO 14012 --- [http-nio-8080-exec-3] c.d.g.controllers.GameController         : Игры по тегу tagId=9
2026-03-26T18:28:28.395+04:00  INFO 14012 --- [http-nio-8080-exec-6] c.d.g.controllers.GameController         : Игры по тегу tagId=10
2026-03-26T18:28:28.395+04:00  INFO 14012 --- [http-nio-8080-exec-2] c.d.g.services.TagService                : Получение игр по тегу: 0, 5
2026-03-26T18:28:28.396+04:00  INFO 14012 --- [http-nio-8080-exec-3] c.d.g.services.TagService                : Получение игр по тегу: 0, 5
2026-03-26T18:28:28.397+04:00  INFO 14012 --- [http-nio-8080-exec-6] c.d.g.services.TagService                : Получение игр по тегу: 0, 5
2026-03-26T18:28:28.403+04:00  INFO 14012 --- [http-nio-8080-exec-10] c.d.g.controllers.GameController         : Популярные игры
2026-03-26T18:28:28.405+04:00  INFO 14012 --- [http-nio-8080-exec-8] c.d.g.services.TagService                : Ответ: Page 1 of 40 containing com.diplome.game_recommendation.models.GameEntity instances
2026-03-26T18:28:28.413+04:00  INFO 14012 --- [http-nio-8080-exec-7] c.d.g.services.TagService                : Ответ: Page 1 of 40 containing com.diplome.game_recommendation.models.GameEntity instances
2026-03-26T18:28:28.417+04:00  INFO 14012 --- [http-nio-8080-exec-3] c.d.g.services.TagService                : Ответ: Page 1 of 40 containing com.diplome.game_recommendation.models.GameEntity instances
2026-03-26T18:28:28.418+04:00  INFO 14012 --- [http-nio-8080-exec-2] c.d.g.services.TagService                : Ответ: Page 1 of 40 containing com.diplome.game_recommendation.models.GameEntity instances
2026-03-26T18:28:28.423+04:00  INFO 14012 --- [http-nio-8080-exec-1] c.d.g.controllers.TagController          : Получение тегов
2026-03-26T18:28:28.427+04:00  INFO 14012 --- [http-nio-8080-exec-1] c.d.g.services.TagService                : Получение тегов: 0, 5
2026-03-26T18:28:28.431+04:00  INFO 14012 --- [http-nio-8080-exec-6] c.d.g.services.TagService                : Ответ: Page 1 of 40 containing com.diplome.game_recommendation.models.GameEntity instances
2026-03-26T18:28:28.437+04:00  INFO 14012 --- [http-nio-8080-exec-1] c.d.g.services.TagService                : Ответ: Page 1 of 68 containing com.diplome.game_recommendation.models.TagEntity instances
2026-03-26T18:28:28.666+04:00  INFO 14012 --- [http-nio-8080-exec-4] c.d.g.controllers.GameController         : Игры по тегу tagId=3
2026-03-26T18:28:28.668+04:00  INFO 14012 --- [http-nio-8080-exec-4] c.d.g.services.TagService                : Получение игр по тегу: 0, 5
2026-03-26T18:28:28.670+04:00  INFO 14012 --- [http-nio-8080-exec-5] c.d.g.controllers.GameController         : Игры по тегу tagId=44
2026-03-26T18:28:28.671+04:00  INFO 14012 --- [http-nio-8080-exec-5] c.d.g.services.TagService                : Получение игр по тегу: 0, 5
2026-03-26T18:28:28.673+04:00  INFO 14012 --- [http-nio-8080-exec-9] c.d.g.controllers.GameController         : Игры по тегу tagId=7
2026-03-26T18:28:28.677+04:00  INFO 14012 --- [http-nio-8080-exec-7] c.d.g.controllers.GameController         : Игры по тегу tagId=10
2026-03-26T18:28:28.681+04:00  INFO 14012 --- [http-nio-8080-exec-3] c.d.g.controllers.GameController         : Популярные игры
2026-03-26T18:28:28.677+04:00  INFO 14012 --- [http-nio-8080-exec-8] c.d.g.controllers.GameController         : Игры по тегу tagId=9
2026-03-26T18:28:28.685+04:00  INFO 14012 --- [http-nio-8080-exec-8] c.d.g.services.TagService                : Получение игр по тегу: 0, 5
2026-03-26T18:28:28.679+04:00  INFO 14012 --- [http-nio-8080-exec-9] c.d.g.services.TagService                : Получение игр по тегу: 0, 5
2026-03-26T18:28:28.681+04:00  INFO 14012 --- [http-nio-8080-exec-7] c.d.g.services.TagService                : Получение игр по тегу: 0, 5
2026-03-26T18:28:28.699+04:00  INFO 14012 --- [http-nio-8080-exec-4] c.d.g.services.TagService                : Ответ: Page 1 of 40 containing com.diplome.game_recommendation.models.GameEntity instances
2026-03-26T18:28:28.702+04:00  INFO 14012 --- [http-nio-8080-exec-5] c.d.g.services.TagService                : Ответ: Page 1 of 40 containing com.diplome.game_recommendation.models.GameEntity instances
2026-03-26T18:28:28.710+04:00  INFO 14012 --- [http-nio-8080-exec-2] c.d.g.controllers.TagController          : Получение тегов
2026-03-26T18:28:28.713+04:00  INFO 14012 --- [http-nio-8080-exec-2] c.d.g.services.TagService                : Получение тегов: 0, 5
2026-03-26T18:28:28.717+04:00  INFO 14012 --- [http-nio-8080-exec-9] c.d.g.services.TagService                : Ответ: Page 1 of 40 containing com.diplome.game_recommendation.models.GameEntity instances
2026-03-26T18:28:28.718+04:00  INFO 14012 --- [http-nio-8080-exec-8] c.d.g.services.TagService                : Ответ: Page 1 of 40 containing com.diplome.game_recommendation.models.GameEntity instances
2026-03-26T18:28:28.727+04:00  INFO 14012 --- [http-nio-8080-exec-7] c.d.g.services.TagService                : Ответ: Page 1 of 40 containing com.diplome.game_recommendation.models.GameEntity instances
2026-03-26T18:28:28.728+04:00  INFO 14012 --- [http-nio-8080-exec-2] c.d.g.services.TagService                : Ответ: Page 1 of 68 containing com.diplome.game_recommendation.models.TagEntity instances
2026-03-26T18:28:29.017+04:00  INFO 14012 --- [http-nio-8080-exec-6] c.d.g.controllers.GameController         : Игры по тегу tagId=3
2026-03-26T18:28:29.021+04:00  INFO 14012 --- [http-nio-8080-exec-6] c.d.g.services.TagService                : Получение игр по тегу: 0, 5
2026-03-26T18:28:29.021+04:00  INFO 14012 --- [http-nio-8080-exec-1] c.d.g.controllers.GameController         : Игры по тегу tagId=44
2026-03-26T18:28:29.022+04:00  INFO 14012 --- [http-nio-8080-exec-10] c.d.g.controllers.GameController         : Игры по тегу tagId=7
2026-03-26T18:28:29.024+04:00  INFO 14012 --- [http-nio-8080-exec-4] c.d.g.controllers.GameController         : Игры по тегу tagId=9
2026-03-26T18:28:29.025+04:00  INFO 14012 --- [http-nio-8080-exec-1] c.d.g.services.TagService                : Получение игр по тегу: 0, 5
2026-03-26T18:28:29.027+04:00  INFO 14012 --- [http-nio-8080-exec-5] c.d.g.controllers.GameController         : Игры по тегу tagId=10
2026-03-26T18:28:29.028+04:00  INFO 14012 --- [http-nio-8080-exec-10] c.d.g.services.TagService                : Получение игр по тегу: 0, 5
2026-03-26T18:28:29.029+04:00  INFO 14012 --- [http-nio-8080-exec-4] c.d.g.services.TagService                : Получение игр по тегу: 0, 5
2026-03-26T18:28:29.032+04:00  INFO 14012 --- [http-nio-8080-exec-5] c.d.g.services.TagService                : Получение игр по тегу: 0, 5
2026-03-26T18:28:29.034+04:00  INFO 14012 --- [http-nio-8080-exec-9] c.d.g.controllers.GameController         : Популярные игры
2026-03-26T18:28:29.042+04:00  INFO 14012 --- [http-nio-8080-exec-6] c.d.g.services.TagService                : Ответ: Page 1 of 40 containing com.diplome.game_recommendation.models.GameEntity instances
2026-03-26T18:28:29.051+04:00  INFO 14012 --- [http-nio-8080-exec-1] c.d.g.services.TagService                : Ответ: Page 1 of 40 containing com.diplome.game_recommendation.models.GameEntity instances
2026-03-26T18:28:29.055+04:00  INFO 14012 --- [http-nio-8080-exec-10] c.d.g.services.TagService                : Ответ: Page 1 of 40 containing com.diplome.game_recommendation.models.GameEntity instances
2026-03-26T18:28:29.063+04:00  INFO 14012 --- [http-nio-8080-exec-4] c.d.g.services.TagService                : Ответ: Page 1 of 40 containing com.diplome.game_recommendation.models.GameEntity instances
2026-03-26T18:28:29.083+04:00  INFO 14012 --- [http-nio-8080-exec-5] c.d.g.services.TagService                : Ответ: Page 1 of 40 containing com.diplome.game_recommendation.models.GameEntity instances
2026-03-26T18:28:29.067+04:00  INFO 14012 --- [http-nio-8080-exec-8] c.d.g.controllers.TagController          : Получение тегов
2026-03-26T18:28:29.086+04:00  INFO 14012 --- [http-nio-8080-exec-8] c.d.g.services.TagService                : Получение тегов: 0, 5
2026-03-26T18:28:29.095+04:00  INFO 14012 --- [http-nio-8080-exec-8] c.d.g.services.TagService                : Ответ: Page 1 of 68 containing com.diplome.game_recommendation.models.TagEntity instances
2026-03-26T18:28:29.293+04:00  INFO 14012 --- [http-nio-8080-exec-7] c.d.g.controllers.GameController         : Игры по тегу tagId=3
2026-03-26T18:28:29.294+04:00  INFO 14012 --- [http-nio-8080-exec-7] c.d.g.services.TagService                : Получение игр по тегу: 0, 5
2026-03-26T18:28:29.294+04:00  INFO 14012 --- [http-nio-8080-exec-3] c.d.g.controllers.GameController         : Игры по тегу tagId=44
2026-03-26T18:28:29.296+04:00  INFO 14012 --- [http-nio-8080-exec-3] c.d.g.services.TagService                : Получение игр по тегу: 0, 5
2026-03-26T18:28:29.299+04:00  INFO 14012 --- [http-nio-8080-exec-6] c.d.g.controllers.GameController         : Игры по тегу tagId=9
2026-03-26T18:28:29.300+04:00  INFO 14012 --- [http-nio-8080-exec-2] c.d.g.controllers.GameController         : Игры по тегу tagId=7
2026-03-26T18:28:29.301+04:00  INFO 14012 --- [http-nio-8080-exec-6] c.d.g.services.TagService                : Получение игр по тегу: 0, 5
2026-03-26T18:28:29.302+04:00  INFO 14012 --- [http-nio-8080-exec-1] c.d.g.controllers.GameController         : Игры по тегу tagId=10
2026-03-26T18:28:29.305+04:00  INFO 14012 --- [http-nio-8080-exec-1] c.d.g.services.TagService                : Получение игр по тегу: 0, 5
2026-03-26T18:28:29.303+04:00  INFO 14012 --- [http-nio-8080-exec-2] c.d.g.services.TagService                : Получение игр по тегу: 0, 5
2026-03-26T18:28:29.311+04:00  INFO 14012 --- [http-nio-8080-exec-10] c.d.g.controllers.GameController         : Популярные игры
2026-03-26T18:28:29.313+04:00  INFO 14012 --- [http-nio-8080-exec-7] c.d.g.services.TagService                : Ответ: Page 1 of 40 containing com.diplome.game_recommendation.models.GameEntity instances
2026-03-26T18:28:29.317+04:00  INFO 14012 --- [http-nio-8080-exec-3] c.d.g.services.TagService                : Ответ: Page 1 of 40 containing com.diplome.game_recommendation.models.GameEntity instances
2026-03-26T18:28:29.322+04:00  INFO 14012 --- [http-nio-8080-exec-4] c.d.g.controllers.TagController          : Получение тегов
2026-03-26T18:28:29.323+04:00  INFO 14012 --- [http-nio-8080-exec-4] c.d.g.services.TagService                : Получение тегов: 0, 5
2026-03-26T18:28:29.325+04:00  INFO 14012 --- [http-nio-8080-exec-1] c.d.g.services.TagService                : Ответ: Page 1 of 40 containing com.diplome.game_recommendation.models.GameEntity instances
2026-03-26T18:28:29.330+04:00  INFO 14012 --- [http-nio-8080-exec-6] c.d.g.services.TagService                : Ответ: Page 1 of 40 containing com.diplome.game_recommendation.models.GameEntity instances
2026-03-26T18:28:29.333+04:00  INFO 14012 --- [http-nio-8080-exec-2] c.d.g.services.TagService                : Ответ: Page 1 of 40 containing com.diplome.game_recommendation.models.GameEntity instances
2026-03-26T18:28:29.334+04:00  INFO 14012 --- [http-nio-8080-exec-4] c.d.g.services.TagService                : Ответ: Page 1 of 68 containing com.diplome.game_recommendation.models.TagEntity instances
2026-03-26T18:28:29.534+04:00  INFO 14012 --- [http-nio-8080-exec-5] c.d.g.controllers.GameController         : Игры по тегу tagId=3
2026-03-26T18:28:29.534+04:00  INFO 14012 --- [http-nio-8080-exec-5] c.d.g.services.TagService                : Получение игр по тегу: 0, 5
2026-03-26T18:28:29.536+04:00  INFO 14012 --- [http-nio-8080-exec-8] c.d.g.controllers.GameController         : Игры по тегу tagId=44
2026-03-26T18:28:29.537+04:00  INFO 14012 --- [http-nio-8080-exec-8] c.d.g.services.TagService                : Получение игр по тегу: 0, 5
2026-03-26T18:28:29.538+04:00  INFO 14012 --- [http-nio-8080-exec-9] c.d.g.controllers.GameController         : Игры по тегу tagId=7
2026-03-26T18:28:29.539+04:00  INFO 14012 --- [http-nio-8080-exec-7] c.d.g.controllers.GameController         : Игры по тегу tagId=9
2026-03-26T18:28:29.540+04:00  INFO 14012 --- [http-nio-8080-exec-3] c.d.g.controllers.GameController         : Игры по тегу tagId=10
2026-03-26T18:28:29.541+04:00  INFO 14012 --- [http-nio-8080-exec-9] c.d.g.services.TagService                : Получение игр по тегу: 0, 5
2026-03-26T18:28:29.542+04:00  INFO 14012 --- [http-nio-8080-exec-7] c.d.g.services.TagService                : Получение игр по тегу: 0, 5
2026-03-26T18:28:29.543+04:00  INFO 14012 --- [http-nio-8080-exec-3] c.d.g.services.TagService                : Получение игр по тегу: 0, 5
2026-03-26T18:28:29.551+04:00  INFO 14012 --- [http-nio-8080-exec-5] c.d.g.services.TagService                : Ответ: Page 1 of 40 containing com.diplome.game_recommendation.models.GameEntity instances
2026-03-26T18:28:29.561+04:00  INFO 14012 --- [http-nio-8080-exec-8] c.d.g.services.TagService                : Ответ: Page 1 of 40 containing com.diplome.game_recommendation.models.GameEntity instances
2026-03-26T18:28:29.556+04:00  INFO 14012 --- [http-nio-8080-exec-1] c.d.g.controllers.GameController         : Популярные игры
2026-03-26T18:28:29.561+04:00  INFO 14012 --- [http-nio-8080-exec-9] c.d.g.services.TagService                : Ответ: Page 1 of 40 containing com.diplome.game_recommendation.models.GameEntity instances
2026-03-26T18:28:29.563+04:00  INFO 14012 --- [http-nio-8080-exec-6] c.d.g.controllers.TagController          : Получение тегов
2026-03-26T18:28:29.565+04:00  INFO 14012 --- [http-nio-8080-exec-7] c.d.g.services.TagService                : Ответ: Page 1 of 40 containing com.diplome.game_recommendation.models.GameEntity instances
2026-03-26T18:28:29.572+04:00  INFO 14012 --- [http-nio-8080-exec-6] c.d.g.services.TagService                : Получение тегов: 0, 5
2026-03-26T18:28:29.575+04:00  INFO 14012 --- [http-nio-8080-exec-3] c.d.g.services.TagService                : Ответ: Page 1 of 40 containing com.diplome.game_recommendation.models.GameEntity instances
2026-03-26T18:28:29.580+04:00  INFO 14012 --- [http-nio-8080-exec-6] c.d.g.services.TagService                : Ответ: Page 1 of 68 containing com.diplome.game_recommendation.models.TagEntity instances
2026-03-26T18:28:29.833+04:00  INFO 14012 --- [http-nio-8080-exec-2] c.d.g.controllers.GameController         : Игры по тегу tagId=3
2026-03-26T18:28:29.834+04:00  INFO 14012 --- [http-nio-8080-exec-2] c.d.g.services.TagService                : Получение игр по тегу: 0, 5
2026-03-26T18:28:29.837+04:00  INFO 14012 --- [http-nio-8080-exec-4] c.d.g.controllers.GameController         : Игры по тегу tagId=44
2026-03-26T18:28:29.839+04:00  INFO 14012 --- [http-nio-8080-exec-4] c.d.g.services.TagService                : Получение игр по тегу: 0, 5
2026-03-26T18:28:29.839+04:00  INFO 14012 --- [http-nio-8080-exec-10] c.d.g.controllers.GameController         : Игры по тегу tagId=7
2026-03-26T18:28:29.842+04:00  INFO 14012 --- [http-nio-8080-exec-5] c.d.g.controllers.GameController         : Игры по тегу tagId=9
2026-03-26T18:28:29.843+04:00  INFO 14012 --- [http-nio-8080-exec-8] c.d.g.controllers.GameController         : Игры по тегу tagId=10
2026-03-26T18:28:29.844+04:00  INFO 14012 --- [http-nio-8080-exec-10] c.d.g.services.TagService                : Получение игр по тегу: 0, 5
2026-03-26T18:28:29.845+04:00  INFO 14012 --- [http-nio-8080-exec-5] c.d.g.services.TagService                : Получение игр по тегу: 0, 5
2026-03-26T18:28:29.846+04:00  INFO 14012 --- [http-nio-8080-exec-8] c.d.g.services.TagService                : Получение игр по тегу: 0, 5
2026-03-26T18:28:29.850+04:00  INFO 14012 --- [http-nio-8080-exec-9] c.d.g.controllers.GameController         : Популярные игры
2026-03-26T18:28:29.856+04:00  INFO 14012 --- [http-nio-8080-exec-2] c.d.g.services.TagService                : Ответ: Page 1 of 40 containing com.diplome.game_recommendation.models.GameEntity instances
2026-03-26T18:28:29.863+04:00  INFO 14012 --- [http-nio-8080-exec-4] c.d.g.services.TagService                : Ответ: Page 1 of 40 containing com.diplome.game_recommendation.models.GameEntity instances
2026-03-26T18:28:29.866+04:00  INFO 14012 --- [http-nio-8080-exec-7] c.d.g.controllers.TagController          : Получение тегов
2026-03-26T18:28:29.868+04:00  INFO 14012 --- [http-nio-8080-exec-10] c.d.g.services.TagService                : Ответ: Page 1 of 40 containing com.diplome.game_recommendation.models.GameEntity instances
2026-03-26T18:28:29.878+04:00  INFO 14012 --- [http-nio-8080-exec-8] c.d.g.services.TagService                : Ответ: Page 1 of 40 containing com.diplome.game_recommendation.models.GameEntity instances
2026-03-26T18:28:29.880+04:00  INFO 14012 --- [http-nio-8080-exec-7] c.d.g.services.TagService                : Получение тегов: 0, 5
2026-03-26T18:28:29.882+04:00  INFO 14012 --- [http-nio-8080-exec-5] c.d.g.services.TagService                : Ответ: Page 1 of 40 containing com.diplome.game_recommendation.models.GameEntity instances
2026-03-26T18:28:29.889+04:00  INFO 14012 --- [http-nio-8080-exec-7] c.d.g.services.TagService                : Ответ: Page 1 of 68 containing com.diplome.game_recommendation.models.TagEntity instances
2026-03-26T18:28:30.134+04:00  INFO 14012 --- [http-nio-8080-exec-3] c.d.g.controllers.GameController         : Игры по тегу tagId=3
2026-03-26T18:28:30.134+04:00  INFO 14012 --- [http-nio-8080-exec-6] c.d.g.controllers.GameController         : Игры по тегу tagId=44
2026-03-26T18:28:30.135+04:00  INFO 14012 --- [http-nio-8080-exec-3] c.d.g.services.TagService                : Получение игр по тегу: 0, 5
2026-03-26T18:28:30.136+04:00  INFO 14012 --- [http-nio-8080-exec-1] c.d.g.controllers.GameController         : Игры по тегу tagId=7
2026-03-26T18:28:30.136+04:00  INFO 14012 --- [http-nio-8080-exec-6] c.d.g.services.TagService                : Получение игр по тегу: 0, 5
2026-03-26T18:28:30.137+04:00  INFO 14012 --- [http-nio-8080-exec-2] c.d.g.controllers.GameController         : Игры по тегу tagId=9
2026-03-26T18:28:30.137+04:00  INFO 14012 --- [http-nio-8080-exec-1] c.d.g.services.TagService                : Получение игр по тегу: 0, 5
2026-03-26T18:28:30.139+04:00  INFO 14012 --- [http-nio-8080-exec-2] c.d.g.services.TagService                : Получение игр по тегу: 0, 5
2026-03-26T18:28:30.144+04:00  INFO 14012 --- [http-nio-8080-exec-4] c.d.g.controllers.GameController         : Игры по тегу tagId=10
2026-03-26T18:28:30.150+04:00  INFO 14012 --- [http-nio-8080-exec-4] c.d.g.services.TagService                : Получение игр по тегу: 0, 5
2026-03-26T18:28:30.152+04:00  INFO 14012 --- [http-nio-8080-exec-3] c.d.g.services.TagService                : Ответ: Page 1 of 40 containing com.diplome.game_recommendation.models.GameEntity instances
2026-03-26T18:28:30.162+04:00  INFO 14012 --- [http-nio-8080-exec-2] c.d.g.services.TagService                : Ответ: Page 1 of 40 containing com.diplome.game_recommendation.models.GameEntity instances
2026-03-26T18:28:30.146+04:00  INFO 14012 --- [http-nio-8080-exec-10] c.d.g.controllers.GameController         : Популярные игры
2026-03-26T18:28:30.157+04:00  INFO 14012 --- [http-nio-8080-exec-6] c.d.g.services.TagService                : Ответ: Page 1 of 40 containing com.diplome.game_recommendation.models.GameEntity instances
2026-03-26T18:28:30.164+04:00  INFO 14012 --- [http-nio-8080-exec-1] c.d.g.services.TagService                : Ответ: Page 1 of 40 containing com.diplome.game_recommendation.models.GameEntity instances
2026-03-26T18:28:30.165+04:00  INFO 14012 --- [http-nio-8080-exec-8] c.d.g.controllers.TagController          : Получение тегов
2026-03-26T18:28:30.171+04:00  INFO 14012 --- [http-nio-8080-exec-4] c.d.g.services.TagService                : Ответ: Page 1 of 40 containing com.diplome.game_recommendation.models.GameEntity instances
2026-03-26T18:28:30.172+04:00  INFO 14012 --- [http-nio-8080-exec-8] c.d.g.services.TagService                : Получение тегов: 0, 5
2026-03-26T18:28:30.181+04:00  INFO 14012 --- [http-nio-8080-exec-8] c.d.g.services.TagService                : Ответ: Page 1 of 68 containing com.diplome.game_recommendation.models.TagEntity instances
2026-03-26T18:28:30.402+04:00  INFO 14012 --- [http-nio-8080-exec-5] c.d.g.controllers.GameController         : Игры по тегу tagId=3
2026-03-26T18:28:30.403+04:00  INFO 14012 --- [http-nio-8080-exec-5] c.d.g.services.TagService                : Получение игр по тегу: 0, 5
2026-03-26T18:28:30.404+04:00  INFO 14012 --- [http-nio-8080-exec-7] c.d.g.controllers.GameController         : Игры по тегу tagId=44
2026-03-26T18:28:30.405+04:00  INFO 14012 --- [http-nio-8080-exec-9] c.d.g.controllers.GameController         : Игры по тегу tagId=7
2026-03-26T18:28:30.405+04:00  INFO 14012 --- [http-nio-8080-exec-7] c.d.g.services.TagService                : Получение игр по тегу: 0, 5
2026-03-26T18:28:30.406+04:00  INFO 14012 --- [http-nio-8080-exec-9] c.d.g.services.TagService                : Получение игр по тегу: 0, 5
2026-03-26T18:28:30.407+04:00  INFO 14012 --- [http-nio-8080-exec-3] c.d.g.controllers.GameController         : Игры по тегу tagId=9
2026-03-26T18:28:30.410+04:00  INFO 14012 --- [http-nio-8080-exec-3] c.d.g.services.TagService                : Получение игр по тегу: 0, 5
2026-03-26T18:28:30.410+04:00  INFO 14012 --- [http-nio-8080-exec-2] c.d.g.controllers.GameController         : Игры по тегу tagId=10
2026-03-26T18:28:30.413+04:00  INFO 14012 --- [http-nio-8080-exec-2] c.d.g.services.TagService                : Получение игр по тегу: 0, 5
2026-03-26T18:28:30.418+04:00  INFO 14012 --- [http-nio-8080-exec-6] c.d.g.controllers.GameController         : Популярные игры
2026-03-26T18:28:30.421+04:00  INFO 14012 --- [http-nio-8080-exec-5] c.d.g.services.TagService                : Ответ: Page 1 of 40 containing com.diplome.game_recommendation.models.GameEntity instances
2026-03-26T18:28:30.425+04:00  INFO 14012 --- [http-nio-8080-exec-7] c.d.g.services.TagService                : Ответ: Page 1 of 40 containing com.diplome.game_recommendation.models.GameEntity instances
2026-03-26T18:28:30.430+04:00  INFO 14012 --- [http-nio-8080-exec-9] c.d.g.services.TagService                : Ответ: Page 1 of 40 containing com.diplome.game_recommendation.models.GameEntity instances
2026-03-26T18:28:30.431+04:00  INFO 14012 --- [http-nio-8080-exec-7] c.d.g.controllers.TagController          : Получение тегов
2026-03-26T18:28:30.432+04:00  INFO 14012 --- [http-nio-8080-exec-3] c.d.g.services.TagService                : Ответ: Page 1 of 40 containing com.diplome.game_recommendation.models.GameEntity instances
2026-03-26T18:28:30.435+04:00  INFO 14012 --- [http-nio-8080-exec-7] c.d.g.services.TagService                : Получение тегов: 0, 5
2026-03-26T18:28:30.447+04:00  INFO 14012 --- [http-nio-8080-exec-7] c.d.g.services.TagService                : Ответ: Page 1 of 68 containing com.diplome.game_recommendation.models.TagEntity instances
2026-03-26T18:28:30.450+04:00  INFO 14012 --- [http-nio-8080-exec-2] c.d.g.services.TagService                : Ответ: Page 1 of 40 containing com.diplome.game_recommendation.models.GameEntity instances
2026-03-26T18:28:30.683+04:00  INFO 14012 --- [http-nio-8080-exec-4] c.d.g.controllers.GameController         : Игры по тегу tagId=3
2026-03-26T18:28:30.684+04:00  INFO 14012 --- [http-nio-8080-exec-4] c.d.g.services.TagService                : Получение игр по тегу: 0, 5
2026-03-26T18:28:30.689+04:00  INFO 14012 --- [http-nio-8080-exec-5] c.d.g.controllers.GameController         : Игры по тегу tagId=9
2026-03-26T18:28:30.690+04:00  INFO 14012 --- [http-nio-8080-exec-5] c.d.g.services.TagService                : Получение игр по тегу: 0, 5
2026-03-26T18:28:30.692+04:00  INFO 14012 --- [http-nio-8080-exec-1] c.d.g.controllers.GameController         : Игры по тегу tagId=10
2026-03-26T18:28:30.694+04:00  INFO 14012 --- [http-nio-8080-exec-1] c.d.g.services.TagService                : Получение игр по тегу: 0, 5
2026-03-26T18:28:30.696+04:00  INFO 14012 --- [http-nio-8080-exec-9] c.d.g.controllers.GameController         : Популярные игры
2026-03-26T18:28:30.700+04:00  INFO 14012 --- [http-nio-8080-exec-4] c.d.g.services.TagService                : Ответ: Page 1 of 40 containing com.diplome.game_recommendation.models.GameEntity instances
2026-03-26T18:28:30.704+04:00  INFO 14012 --- [http-nio-8080-exec-10] c.d.g.controllers.GameController         : Игры по тегу tagId=7
2026-03-26T18:28:30.707+04:00  INFO 14012 --- [http-nio-8080-exec-3] c.d.g.controllers.TagController          : Получение тегов
2026-03-26T18:28:30.709+04:00  INFO 14012 --- [http-nio-8080-exec-5] c.d.g.services.TagService                : Ответ: Page 1 of 40 containing com.diplome.game_recommendation.models.GameEntity instances
2026-03-26T18:28:30.712+04:00  INFO 14012 --- [http-nio-8080-exec-10] c.d.g.services.TagService                : Получение игр по тегу: 0, 5
2026-03-26T18:28:30.713+04:00  INFO 14012 --- [http-nio-8080-exec-8] c.d.g.controllers.GameController         : Игры по тегу tagId=44
2026-03-26T18:28:30.713+04:00  INFO 14012 --- [http-nio-8080-exec-3] c.d.g.services.TagService                : Получение тегов: 0, 5
2026-03-26T18:28:30.714+04:00  INFO 14012 --- [http-nio-8080-exec-1] c.d.g.services.TagService                : Ответ: Page 1 of 40 containing com.diplome.game_recommendation.models.GameEntity instances
2026-03-26T18:28:30.716+04:00  INFO 14012 --- [http-nio-8080-exec-8] c.d.g.services.TagService                : Получение игр по тегу: 0, 5
2026-03-26T18:28:30.730+04:00  INFO 14012 --- [http-nio-8080-exec-3] c.d.g.services.TagService                : Ответ: Page 1 of 68 containing com.diplome.game_recommendation.models.TagEntity instances
2026-03-26T18:28:30.739+04:00  INFO 14012 --- [http-nio-8080-exec-10] c.d.g.services.TagService                : Ответ: Page 1 of 40 containing com.diplome.game_recommendation.models.GameEntity instances
2026-03-26T18:28:30.744+04:00  INFO 14012 --- [http-nio-8080-exec-8] c.d.g.services.TagService                : Ответ: Page 1 of 40 containing com.diplome.game_recommendation.models.GameEntity instances
2026-03-26T18:28:31.094+04:00  INFO 14012 --- [http-nio-8080-exec-7] c.d.g.controllers.GameController         : Игры по тегу tagId=3
2026-03-26T18:28:31.098+04:00  INFO 14012 --- [http-nio-8080-exec-7] c.d.g.services.TagService                : Получение игр по тегу: 0, 5
2026-03-26T18:28:31.096+04:00  INFO 14012 --- [http-nio-8080-exec-2] c.d.g.controllers.GameController         : Игры по тегу tagId=44
2026-03-26T18:28:31.098+04:00  INFO 14012 --- [http-nio-8080-exec-6] c.d.g.controllers.GameController         : Игры по тегу tagId=7
2026-03-26T18:28:31.101+04:00  INFO 14012 --- [http-nio-8080-exec-4] c.d.g.controllers.GameController         : Игры по тегу tagId=9
2026-03-26T18:28:31.102+04:00  INFO 14012 --- [http-nio-8080-exec-5] c.d.g.controllers.GameController         : Игры по тегу tagId=10
2026-03-26T18:28:31.102+04:00  INFO 14012 --- [http-nio-8080-exec-2] c.d.g.services.TagService                : Получение игр по тегу: 0, 5
2026-03-26T18:28:31.104+04:00  INFO 14012 --- [http-nio-8080-exec-6] c.d.g.services.TagService                : Получение игр по тегу: 0, 5
2026-03-26T18:28:31.106+04:00  INFO 14012 --- [http-nio-8080-exec-4] c.d.g.services.TagService                : Получение игр по тегу: 0, 5
2026-03-26T18:28:31.108+04:00  INFO 14012 --- [http-nio-8080-exec-5] c.d.g.services.TagService                : Получение игр по тегу: 0, 5
2026-03-26T18:28:31.118+04:00  INFO 14012 --- [http-nio-8080-exec-7] c.d.g.services.TagService                : Ответ: Page 1 of 40 containing com.diplome.game_recommendation.models.GameEntity instances
2026-03-26T18:28:31.139+04:00  INFO 14012 --- [http-nio-8080-exec-2] c.d.g.services.TagService                : Ответ: Page 1 of 40 containing com.diplome.game_recommendation.models.GameEntity instances
2026-03-26T18:28:31.141+04:00  INFO 14012 --- [http-nio-8080-exec-6] c.d.g.services.TagService                : Ответ: Page 1 of 40 containing com.diplome.game_recommendation.models.GameEntity instances
2026-03-26T18:28:31.145+04:00  INFO 14012 --- [http-nio-8080-exec-3] c.d.g.controllers.TagController          : Получение тегов
2026-03-26T18:28:31.119+04:00  INFO 14012 --- [http-nio-8080-exec-1] c.d.g.controllers.GameController         : Популярные игры
2026-03-26T18:28:31.150+04:00  INFO 14012 --- [http-nio-8080-exec-3] c.d.g.services.TagService                : Получение тегов: 0, 5
2026-03-26T18:28:31.152+04:00  INFO 14012 --- [http-nio-8080-exec-4] c.d.g.services.TagService                : Ответ: Page 1 of 40 containing com.diplome.game_recommendation.models.GameEntity instances
2026-03-26T18:28:31.161+04:00  INFO 14012 --- [http-nio-8080-exec-5] c.d.g.services.TagService                : Ответ: Page 1 of 40 containing com.diplome.game_recommendation.models.GameEntity instances
2026-03-26T18:28:31.166+04:00  INFO 14012 --- [http-nio-8080-exec-3] c.d.g.services.TagService                : Ответ: Page 1 of 68 containing com.diplome.game_recommendation.models.TagEntity instances
2026-03-26T18:28:31.540+04:00  INFO 14012 --- [http-nio-8080-exec-9] c.d.g.controllers.GameController         : Игры по тегу tagId=3
2026-03-26T18:28:31.541+04:00  INFO 14012 --- [http-nio-8080-exec-9] c.d.g.services.TagService                : Получение игр по тегу: 0, 5
2026-03-26T18:28:31.547+04:00  INFO 14012 --- [http-nio-8080-exec-7] c.d.g.controllers.GameController         : Игры по тегу tagId=9
2026-03-26T18:28:31.542+04:00  INFO 14012 --- [http-nio-8080-exec-10] c.d.g.controllers.GameController         : Игры по тегу tagId=44
2026-03-26T18:28:31.545+04:00  INFO 14012 --- [http-nio-8080-exec-8] c.d.g.controllers.GameController         : Игры по тегу tagId=7
2026-03-26T18:28:31.550+04:00  INFO 14012 --- [http-nio-8080-exec-7] c.d.g.services.TagService                : Получение игр по тегу: 0, 5
2026-03-26T18:28:31.550+04:00  INFO 14012 --- [http-nio-8080-exec-2] c.d.g.controllers.GameController         : Игры по тегу tagId=10
2026-03-26T18:28:31.551+04:00  INFO 14012 --- [http-nio-8080-exec-10] c.d.g.services.TagService                : Получение игр по тегу: 0, 5
2026-03-26T18:28:31.551+04:00  INFO 14012 --- [http-nio-8080-exec-8] c.d.g.services.TagService                : Получение игр по тегу: 0, 5
2026-03-26T18:28:31.553+04:00  INFO 14012 --- [http-nio-8080-exec-2] c.d.g.services.TagService                : Получение игр по тегу: 0, 5
2026-03-26T18:28:31.557+04:00  INFO 14012 --- [http-nio-8080-exec-6] c.d.g.controllers.GameController         : Популярные игры
2026-03-26T18:28:31.569+04:00  INFO 14012 --- [http-nio-8080-exec-9] c.d.g.services.TagService                : Ответ: Page 1 of 40 containing com.diplome.game_recommendation.models.GameEntity instances
2026-03-26T18:28:31.575+04:00  INFO 14012 --- [http-nio-8080-exec-10] c.d.g.services.TagService                : Ответ: Page 1 of 40 containing com.diplome.game_recommendation.models.GameEntity instances
2026-03-26T18:28:31.576+04:00  INFO 14012 --- [http-nio-8080-exec-7] c.d.g.services.TagService                : Ответ: Page 1 of 40 containing com.diplome.game_recommendation.models.GameEntity instances
2026-03-26T18:28:31.577+04:00  INFO 14012 --- [http-nio-8080-exec-9] c.d.g.controllers.TagController          : Получение тегов
2026-03-26T18:28:31.581+04:00  INFO 14012 --- [http-nio-8080-exec-8] c.d.g.services.TagService                : Ответ: Page 1 of 40 containing com.diplome.game_recommendation.models.GameEntity instances
2026-03-26T18:28:31.582+04:00  INFO 14012 --- [http-nio-8080-exec-9] c.d.g.services.TagService                : Получение тегов: 0, 5
2026-03-26T18:28:31.590+04:00  INFO 14012 --- [http-nio-8080-exec-2] c.d.g.services.TagService                : Ответ: Page 1 of 40 containing com.diplome.game_recommendation.models.GameEntity instances
2026-03-26T18:28:31.595+04:00  INFO 14012 --- [http-nio-8080-exec-9] c.d.g.services.TagService                : Ответ: Page 1 of 68 containing com.diplome.game_recommendation.models.TagEntity instances
2026-03-26T18:28:31.870+04:00  INFO 14012 --- [http-nio-8080-exec-4] c.d.g.controllers.GameController         : Игры по тегу tagId=3
2026-03-26T18:28:31.871+04:00  INFO 14012 --- [http-nio-8080-exec-4] c.d.g.services.TagService                : Получение игр по тегу: 0, 5
2026-03-26T18:28:31.874+04:00  INFO 14012 --- [http-nio-8080-exec-5] c.d.g.controllers.GameController         : Игры по тегу tagId=44
2026-03-26T18:28:31.875+04:00  INFO 14012 --- [http-nio-8080-exec-3] c.d.g.controllers.GameController         : Игры по тегу tagId=7
2026-03-26T18:28:31.876+04:00  INFO 14012 --- [http-nio-8080-exec-1] c.d.g.controllers.GameController         : Игры по тегу tagId=9
2026-03-26T18:28:31.878+04:00  INFO 14012 --- [http-nio-8080-exec-5] c.d.g.services.TagService                : Получение игр по тегу: 0, 5
2026-03-26T18:28:31.880+04:00  INFO 14012 --- [http-nio-8080-exec-3] c.d.g.services.TagService                : Получение игр по тегу: 0, 5
2026-03-26T18:28:31.880+04:00  INFO 14012 --- [http-nio-8080-exec-10] c.d.g.controllers.GameController         : Игры по тегу tagId=10
2026-03-26T18:28:31.885+04:00  INFO 14012 --- [http-nio-8080-exec-10] c.d.g.services.TagService                : Получение игр по тегу: 0, 5
2026-03-26T18:28:31.881+04:00  INFO 14012 --- [http-nio-8080-exec-1] c.d.g.services.TagService                : Получение игр по тегу: 0, 5
2026-03-26T18:28:31.894+04:00  INFO 14012 --- [http-nio-8080-exec-4] c.d.g.services.TagService                : Ответ: Page 1 of 40 containing com.diplome.game_recommendation.models.GameEntity instances
2026-03-26T18:28:31.904+04:00  INFO 14012 --- [http-nio-8080-exec-3] c.d.g.services.TagService                : Ответ: Page 1 of 40 containing com.diplome.game_recommendation.models.GameEntity instances
2026-03-26T18:28:31.918+04:00  INFO 14012 --- [http-nio-8080-exec-5] c.d.g.services.TagService                : Ответ: Page 1 of 40 containing com.diplome.game_recommendation.models.GameEntity instances
2026-03-26T18:28:31.920+04:00  INFO 14012 --- [http-nio-8080-exec-10] c.d.g.services.TagService                : Ответ: Page 1 of 40 containing com.diplome.game_recommendation.models.GameEntity instances
2026-03-26T18:28:31.928+04:00  INFO 14012 --- [http-nio-8080-exec-1] c.d.g.services.TagService                : Ответ: Page 1 of 40 containing com.diplome.game_recommendation.models.GameEntity instances
2026-03-26T18:28:32.001+04:00  INFO 14012 --- [http-nio-8080-exec-7] c.d.g.controllers.GameController         : Популярные игры
2026-03-26T18:28:32.003+04:00  INFO 14012 --- [http-nio-8080-exec-8] c.d.g.controllers.TagController          : Получение тегов
2026-03-26T18:28:32.005+04:00  INFO 14012 --- [http-nio-8080-exec-8] c.d.g.services.TagService                : Получение тегов: 0, 5
2026-03-26T18:28:32.010+04:00  INFO 14012 --- [http-nio-8080-exec-8] c.d.g.services.TagService                : Ответ: Page 1 of 68 containing com.diplome.game_recommendation.models.TagEntity instances
2026-03-26T18:28:32.384+04:00  INFO 14012 --- [http-nio-8080-exec-2] c.d.g.controllers.GameController         : Игры по тегу tagId=3
2026-03-26T18:28:32.386+04:00  INFO 14012 --- [http-nio-8080-exec-2] c.d.g.services.TagService                : Получение игр по тегу: 0, 5
2026-03-26T18:28:32.388+04:00  INFO 14012 --- [http-nio-8080-exec-9] c.d.g.controllers.GameController         : Игры по тегу tagId=44
2026-03-26T18:28:32.390+04:00  INFO 14012 --- [http-nio-8080-exec-6] c.d.g.controllers.GameController         : Игры по тегу tagId=7
2026-03-26T18:28:32.390+04:00  INFO 14012 --- [http-nio-8080-exec-9] c.d.g.services.TagService                : Получение игр по тегу: 0, 5
2026-03-26T18:28:32.391+04:00  INFO 14012 --- [http-nio-8080-exec-6] c.d.g.services.TagService                : Получение игр по тегу: 0, 5
2026-03-26T18:28:32.392+04:00  INFO 14012 --- [http-nio-8080-exec-4] c.d.g.controllers.GameController         : Игры по тегу tagId=9
2026-03-26T18:28:32.395+04:00  INFO 14012 --- [http-nio-8080-exec-3] c.d.g.controllers.GameController         : Игры по тегу tagId=10
2026-03-26T18:28:32.400+04:00  INFO 14012 --- [http-nio-8080-exec-4] c.d.g.services.TagService                : Получение игр по тегу: 0, 5
2026-03-26T18:28:32.401+04:00  INFO 14012 --- [http-nio-8080-exec-3] c.d.g.services.TagService                : Получение игр по тегу: 0, 5
2026-03-26T18:28:32.412+04:00  INFO 14012 --- [http-nio-8080-exec-2] c.d.g.services.TagService                : Ответ: Page 1 of 40 containing com.diplome.game_recommendation.models.GameEntity instances
2026-03-26T18:28:32.414+04:00  INFO 14012 --- [http-nio-8080-exec-9] c.d.g.services.TagService                : Ответ: Page 1 of 40 containing com.diplome.game_recommendation.models.GameEntity instances
2026-03-26T18:28:32.416+04:00  INFO 14012 --- [http-nio-8080-exec-6] c.d.g.services.TagService                : Ответ: Page 1 of 40 containing com.diplome.game_recommendation.models.GameEntity instances
2026-03-26T18:28:32.429+04:00  INFO 14012 --- [http-nio-8080-exec-5] c.d.g.controllers.GameController         : Популярные игры
2026-03-26T18:28:32.432+04:00  INFO 14012 --- [http-nio-8080-exec-10] c.d.g.controllers.TagController          : Получение тегов
2026-03-26T18:28:32.432+04:00  INFO 14012 --- [http-nio-8080-exec-4] c.d.g.services.TagService                : Ответ: Page 1 of 40 containing com.diplome.game_recommendation.models.GameEntity instances
2026-03-26T18:28:32.431+04:00  INFO 14012 --- [http-nio-8080-exec-3] c.d.g.services.TagService                : Ответ: Page 1 of 40 containing com.diplome.game_recommendation.models.GameEntity instances
2026-03-26T18:28:32.435+04:00  INFO 14012 --- [http-nio-8080-exec-10] c.d.g.services.TagService                : Получение тегов: 0, 5
2026-03-26T18:28:32.449+04:00  INFO 14012 --- [http-nio-8080-exec-10] c.d.g.services.TagService                : Ответ: Page 1 of 68 containing com.diplome.game_recommendation.models.TagEntity instances
2026-03-26T18:28:32.774+04:00  INFO 14012 --- [http-nio-8080-exec-1] c.d.g.controllers.GameController         : Игры по тегу tagId=3
2026-03-26T18:28:32.775+04:00  INFO 14012 --- [http-nio-8080-exec-1] c.d.g.services.TagService                : Получение игр по тегу: 0, 5
2026-03-26T18:28:32.778+04:00  INFO 14012 --- [http-nio-8080-exec-7] c.d.g.controllers.GameController         : Игры по тегу tagId=7
2026-03-26T18:28:32.779+04:00  INFO 14012 --- [http-nio-8080-exec-8] c.d.g.controllers.GameController         : Игры по тегу tagId=44
2026-03-26T18:28:32.783+04:00  INFO 14012 --- [http-nio-8080-exec-2] c.d.g.controllers.GameController         : Игры по тегу tagId=9
2026-03-26T18:28:32.780+04:00  INFO 14012 --- [http-nio-8080-exec-7] c.d.g.services.TagService                : Получение игр по тегу: 0, 5
2026-03-26T18:28:32.783+04:00  INFO 14012 --- [http-nio-8080-exec-8] c.d.g.services.TagService                : Получение игр по тегу: 0, 5
2026-03-26T18:28:32.784+04:00  INFO 14012 --- [http-nio-8080-exec-2] c.d.g.services.TagService                : Получение игр по тегу: 0, 5
2026-03-26T18:28:32.785+04:00  INFO 14012 --- [http-nio-8080-exec-9] c.d.g.controllers.GameController         : Игры по тегу tagId=10
2026-03-26T18:28:32.796+04:00  INFO 14012 --- [http-nio-8080-exec-1] c.d.g.services.TagService                : Ответ: Page 1 of 40 containing com.diplome.game_recommendation.models.GameEntity instances
2026-03-26T18:28:32.797+04:00  INFO 14012 --- [http-nio-8080-exec-9] c.d.g.services.TagService                : Получение игр по тегу: 0, 5
2026-03-26T18:28:32.807+04:00  INFO 14012 --- [http-nio-8080-exec-7] c.d.g.services.TagService                : Ответ: Page 1 of 40 containing com.diplome.game_recommendation.models.GameEntity instances
2026-03-26T18:28:32.809+04:00  INFO 14012 --- [http-nio-8080-exec-2] c.d.g.services.TagService                : Ответ: Page 1 of 40 containing com.diplome.game_recommendation.models.GameEntity instances
2026-03-26T18:28:32.809+04:00  INFO 14012 --- [http-nio-8080-exec-8] c.d.g.services.TagService                : Ответ: Page 1 of 40 containing com.diplome.game_recommendation.models.GameEntity instances
2026-03-26T18:28:32.826+04:00  INFO 14012 --- [http-nio-8080-exec-9] c.d.g.services.TagService                : Ответ: Page 1 of 40 containing com.diplome.game_recommendation.models.GameEntity instances
2026-03-26T18:28:32.831+04:00  INFO 14012 --- [http-nio-8080-exec-6] c.d.g.controllers.GameController         : Популярные игры
2026-03-26T18:28:32.834+04:00  INFO 14012 --- [http-nio-8080-exec-4] c.d.g.controllers.TagController          : Получение тегов
2026-03-26T18:28:32.838+04:00  INFO 14012 --- [http-nio-8080-exec-4] c.d.g.services.TagService                : Получение тегов: 0, 5
2026-03-26T18:28:32.845+04:00  INFO 14012 --- [http-nio-8080-exec-4] c.d.g.services.TagService                : Ответ: Page 1 of 68 containing com.diplome.game_recommendation.models.TagEntity instances
2026-03-26T18:28:33.152+04:00  INFO 14012 --- [http-nio-8080-exec-3] c.d.g.controllers.GameController         : Игры по тегу tagId=3
2026-03-26T18:28:33.153+04:00  INFO 14012 --- [http-nio-8080-exec-3] c.d.g.services.TagService                : Получение игр по тегу: 0, 5
2026-03-26T18:28:33.155+04:00  INFO 14012 --- [http-nio-8080-exec-10] c.d.g.controllers.GameController         : Игры по тегу tagId=44
2026-03-26T18:28:33.156+04:00  INFO 14012 --- [http-nio-8080-exec-10] c.d.g.services.TagService                : Получение игр по тегу: 0, 5
2026-03-26T18:28:33.157+04:00  INFO 14012 --- [http-nio-8080-exec-5] c.d.g.controllers.GameController         : Игры по тегу tagId=7
2026-03-26T18:28:33.160+04:00  INFO 14012 --- [http-nio-8080-exec-1] c.d.g.controllers.GameController         : Игры по тегу tagId=9
2026-03-26T18:28:33.160+04:00  INFO 14012 --- [http-nio-8080-exec-5] c.d.g.services.TagService                : Получение игр по тегу: 0, 5
2026-03-26T18:28:33.161+04:00  INFO 14012 --- [http-nio-8080-exec-1] c.d.g.services.TagService                : Получение игр по тегу: 0, 5
2026-03-26T18:28:33.161+04:00  INFO 14012 --- [http-nio-8080-exec-7] c.d.g.controllers.GameController         : Игры по тегу tagId=10
2026-03-26T18:28:33.167+04:00  INFO 14012 --- [http-nio-8080-exec-7] c.d.g.services.TagService                : Получение игр по тегу: 0, 5
2026-03-26T18:28:33.173+04:00  INFO 14012 --- [http-nio-8080-exec-3] c.d.g.services.TagService                : Ответ: Page 1 of 40 containing com.diplome.game_recommendation.models.GameEntity instances
2026-03-26T18:28:33.173+04:00  INFO 14012 --- [http-nio-8080-exec-10] c.d.g.services.TagService                : Ответ: Page 1 of 40 containing com.diplome.game_recommendation.models.GameEntity instances
2026-03-26T18:28:33.179+04:00  INFO 14012 --- [http-nio-8080-exec-5] c.d.g.services.TagService                : Ответ: Page 1 of 40 containing com.diplome.game_recommendation.models.GameEntity instances
2026-03-26T18:28:33.182+04:00  INFO 14012 --- [http-nio-8080-exec-1] c.d.g.services.TagService                : Ответ: Page 1 of 40 containing com.diplome.game_recommendation.models.GameEntity instances
2026-03-26T18:28:33.196+04:00  INFO 14012 --- [http-nio-8080-exec-7] c.d.g.services.TagService                : Ответ: Page 1 of 40 containing com.diplome.game_recommendation.models.GameEntity instances
2026-03-26T18:28:33.243+04:00  INFO 14012 --- [http-nio-8080-exec-2] c.d.g.controllers.GameController         : Популярные игры
2026-03-26T18:28:33.245+04:00  INFO 14012 --- [http-nio-8080-exec-8] c.d.g.controllers.TagController          : Получение тегов
2026-03-26T18:28:33.282+04:00  INFO 14012 --- [http-nio-8080-exec-8] c.d.g.services.TagService                : Получение тегов: 0, 5
2026-03-26T18:28:33.290+04:00  INFO 14012 --- [http-nio-8080-exec-8] c.d.g.services.TagService                : Ответ: Page 1 of 68 containing com.diplome.game_recommendation.models.TagEntity instances
2026-03-26T18:28:34.247+04:00  INFO 14012 --- [http-nio-8080-exec-9] c.d.g.controllers.GameController         : Игры по тегу tagId=3
2026-03-26T18:28:34.248+04:00  INFO 14012 --- [http-nio-8080-exec-9] c.d.g.services.TagService                : Получение игр по тегу: 0, 5
2026-03-26T18:28:34.250+04:00  INFO 14012 --- [http-nio-8080-exec-4] c.d.g.controllers.GameController         : Игры по тегу tagId=44
2026-03-26T18:28:34.252+04:00  INFO 14012 --- [http-nio-8080-exec-4] c.d.g.services.TagService                : Получение игр по тегу: 0, 5
2026-03-26T18:28:34.252+04:00  INFO 14012 --- [http-nio-8080-exec-6] c.d.g.controllers.GameController         : Игры по тегу tagId=7
2026-03-26T18:28:34.261+04:00  INFO 14012 --- [http-nio-8080-exec-3] c.d.g.controllers.GameController         : Игры по тегу tagId=9
2026-03-26T18:28:34.262+04:00  INFO 14012 --- [http-nio-8080-exec-10] c.d.g.controllers.GameController         : Игры по тегу tagId=10
2026-03-26T18:28:34.263+04:00  INFO 14012 --- [http-nio-8080-exec-6] c.d.g.services.TagService                : Получение игр по тегу: 0, 5
2026-03-26T18:28:34.267+04:00  INFO 14012 --- [http-nio-8080-exec-3] c.d.g.services.TagService                : Получение игр по тегу: 0, 5
2026-03-26T18:28:34.268+04:00  INFO 14012 --- [http-nio-8080-exec-10] c.d.g.services.TagService                : Получение игр по тегу: 0, 5
2026-03-26T18:28:34.275+04:00  INFO 14012 --- [http-nio-8080-exec-9] c.d.g.services.TagService                : Ответ: Page 1 of 40 containing com.diplome.game_recommendation.models.GameEntity instances
2026-03-26T18:28:34.282+04:00  INFO 14012 --- [http-nio-8080-exec-4] c.d.g.services.TagService                : Ответ: Page 1 of 40 containing com.diplome.game_recommendation.models.GameEntity instances
2026-03-26T18:28:34.297+04:00  INFO 14012 --- [http-nio-8080-exec-3] c.d.g.services.TagService                : Ответ: Page 1 of 40 containing com.diplome.game_recommendation.models.GameEntity instances
2026-03-26T18:28:34.298+04:00  INFO 14012 --- [http-nio-8080-exec-6] c.d.g.services.TagService                : Ответ: Page 1 of 40 containing com.diplome.game_recommendation.models.GameEntity instances
2026-03-26T18:28:34.299+04:00  INFO 14012 --- [http-nio-8080-exec-10] c.d.g.services.TagService                : Ответ: Page 1 of 40 containing com.diplome.game_recommendation.models.GameEntity instances
2026-03-26T18:28:34.299+04:00  INFO 14012 --- [http-nio-8080-exec-5] c.d.g.controllers.GameController         : Популярные игры
2026-03-26T18:28:34.300+04:00  INFO 14012 --- [http-nio-8080-exec-1] c.d.g.controllers.TagController          : Получение тегов
2026-03-26T18:28:34.358+04:00  INFO 14012 --- [http-nio-8080-exec-1] c.d.g.services.TagService                : Получение тегов: 0, 5
2026-03-26T18:28:34.363+04:00  INFO 14012 --- [http-nio-8080-exec-1] c.d.g.services.TagService                : Ответ: Page 1 of 68 containing com.diplome.game_recommendation.models.TagEntity instances
2026-03-26T18:28:35.210+04:00  INFO 14012 --- [http-nio-8080-exec-7] c.d.g.controllers.GameController         : Игры по тегу tagId=3
2026-03-26T18:28:35.211+04:00  INFO 14012 --- [http-nio-8080-exec-8] c.d.g.controllers.GameController         : Игры по тегу tagId=9
2026-03-26T18:28:35.212+04:00  INFO 14012 --- [http-nio-8080-exec-9] c.d.g.controllers.GameController         : Популярные игры
2026-03-26T18:28:35.212+04:00  INFO 14012 --- [http-nio-8080-exec-2] c.d.g.controllers.GameController         : Игры по тегу tagId=7
2026-03-26T18:28:35.214+04:00  INFO 14012 --- [http-nio-8080-exec-4] c.d.g.controllers.GameController         : Игры по тегу tagId=44
2026-03-26T18:28:35.218+04:00  INFO 14012 --- [http-nio-8080-exec-3] c.d.g.controllers.GameController         : Игры по тегу tagId=10
2026-03-26T18:28:35.223+04:00  INFO 14012 --- [http-nio-8080-exec-7] c.d.g.services.TagService                : Получение игр по тегу: 0, 5
2026-03-26T18:28:35.224+04:00  INFO 14012 --- [http-nio-8080-exec-8] c.d.g.services.TagService                : Получение игр по тегу: 0, 5
2026-03-26T18:28:35.239+04:00  INFO 14012 --- [http-nio-8080-exec-2] c.d.g.services.TagService                : Получение игр по тегу: 0, 5
2026-03-26T18:28:35.281+04:00  INFO 14012 --- [http-nio-8080-exec-4] c.d.g.services.TagService                : Получение игр по тегу: 0, 5
2026-03-26T18:28:35.312+04:00  INFO 14012 --- [http-nio-8080-exec-3] c.d.g.services.TagService                : Получение игр по тегу: 0, 5
2026-03-26T18:28:35.328+04:00  INFO 14012 --- [http-nio-8080-exec-6] c.d.g.controllers.TagController          : Получение тегов
2026-03-26T18:28:35.341+04:00  INFO 14012 --- [http-nio-8080-exec-8] c.d.g.services.TagService                : Ответ: Page 1 of 40 containing com.diplome.game_recommendation.models.GameEntity instances
2026-03-26T18:28:35.342+04:00  INFO 14012 --- [http-nio-8080-exec-7] c.d.g.services.TagService                : Ответ: Page 1 of 40 containing com.diplome.game_recommendation.models.GameEntity instances
2026-03-26T18:28:35.345+04:00  INFO 14012 --- [http-nio-8080-exec-6] c.d.g.services.TagService                : Получение тегов: 0, 5
2026-03-26T18:28:35.347+04:00  INFO 14012 --- [http-nio-8080-exec-2] c.d.g.services.TagService                : Ответ: Page 1 of 40 containing com.diplome.game_recommendation.models.GameEntity instances
2026-03-26T18:28:35.361+04:00  INFO 14012 --- [http-nio-8080-exec-4] c.d.g.services.TagService                : Ответ: Page 1 of 40 containing com.diplome.game_recommendation.models.GameEntity instances
2026-03-26T18:28:35.362+04:00  INFO 14012 --- [http-nio-8080-exec-3] c.d.g.services.TagService                : Ответ: Page 1 of 40 containing com.diplome.game_recommendation.models.GameEntity instances
2026-03-26T18:28:35.369+04:00  INFO 14012 --- [http-nio-8080-exec-6] c.d.g.services.TagService                : Ответ: Page 1 of 68 containing com.diplome.game_recommendation.models.TagEntity instances
2026-03-26T18:28:35.638+04:00  INFO 14012 --- [http-nio-8080-exec-10] c.d.g.controllers.GameController         : Игры по тегу tagId=3
2026-03-26T18:28:35.639+04:00  INFO 14012 --- [http-nio-8080-exec-10] c.d.g.services.TagService                : Получение игр по тегу: 0, 5
2026-03-26T18:28:35.642+04:00  INFO 14012 --- [http-nio-8080-exec-1] c.d.g.controllers.GameController         : Игры по тегу tagId=44
2026-03-26T18:28:35.643+04:00  INFO 14012 --- [http-nio-8080-exec-1] c.d.g.services.TagService                : Получение игр по тегу: 0, 5
2026-03-26T18:28:35.643+04:00  INFO 14012 --- [http-nio-8080-exec-5] c.d.g.controllers.GameController         : Игры по тегу tagId=7
2026-03-26T18:28:35.646+04:00  INFO 14012 --- [http-nio-8080-exec-9] c.d.g.controllers.GameController         : Игры по тегу tagId=9
2026-03-26T18:28:35.648+04:00  INFO 14012 --- [http-nio-8080-exec-8] c.d.g.controllers.GameController         : Игры по тегу tagId=10
2026-03-26T18:28:35.648+04:00  INFO 14012 --- [http-nio-8080-exec-5] c.d.g.services.TagService                : Получение игр по тегу: 0, 5
2026-03-26T18:28:35.649+04:00  INFO 14012 --- [http-nio-8080-exec-9] c.d.g.services.TagService                : Получение игр по тегу: 0, 5
2026-03-26T18:28:35.650+04:00  INFO 14012 --- [http-nio-8080-exec-8] c.d.g.services.TagService                : Получение игр по тегу: 0, 5
2026-03-26T18:28:35.659+04:00  INFO 14012 --- [http-nio-8080-exec-10] c.d.g.services.TagService                : Ответ: Page 1 of 40 containing com.diplome.game_recommendation.models.GameEntity instances
2026-03-26T18:28:35.663+04:00  INFO 14012 --- [http-nio-8080-exec-1] c.d.g.services.TagService                : Ответ: Page 1 of 40 containing com.diplome.game_recommendation.models.GameEntity instances
2026-03-26T18:28:35.673+04:00  INFO 14012 --- [http-nio-8080-exec-5] c.d.g.services.TagService                : Ответ: Page 1 of 40 containing com.diplome.game_recommendation.models.GameEntity instances
2026-03-26T18:28:35.674+04:00  INFO 14012 --- [http-nio-8080-exec-9] c.d.g.services.TagService                : Ответ: Page 1 of 40 containing com.diplome.game_recommendation.models.GameEntity instances
2026-03-26T18:28:35.674+04:00  INFO 14012 --- [http-nio-8080-exec-7] c.d.g.controllers.GameController         : Популярные игры
2026-03-26T18:28:35.676+04:00  INFO 14012 --- [http-nio-8080-exec-2] c.d.g.controllers.TagController          : Получение тегов
2026-03-26T18:28:35.677+04:00  INFO 14012 --- [http-nio-8080-exec-8] c.d.g.services.TagService                : Ответ: Page 1 of 40 containing com.diplome.game_recommendation.models.GameEntity instances
2026-03-26T18:28:35.678+04:00  INFO 14012 --- [http-nio-8080-exec-2] c.d.g.services.TagService                : Получение тегов: 0, 5
2026-03-26T18:28:35.684+04:00  INFO 14012 --- [http-nio-8080-exec-2] c.d.g.services.TagService                : Ответ: Page 1 of 68 containing com.diplome.game_recommendation.models.TagEntity instances
2026-03-26T18:28:36.203+04:00  INFO 14012 --- [http-nio-8080-exec-4] c.d.g.controllers.GameController         : Игры по тегу tagId=3
2026-03-26T18:28:36.205+04:00  INFO 14012 --- [http-nio-8080-exec-4] c.d.g.services.TagService                : Получение игр по тегу: 0, 5
2026-03-26T18:28:36.206+04:00  INFO 14012 --- [http-nio-8080-exec-6] c.d.g.controllers.GameController         : Игры по тегу tagId=7
2026-03-26T18:28:36.207+04:00  INFO 14012 --- [http-nio-8080-exec-6] c.d.g.services.TagService                : Получение игр по тегу: 0, 5
2026-03-26T18:28:36.204+04:00  INFO 14012 --- [http-nio-8080-exec-3] c.d.g.controllers.GameController         : Игры по тегу tagId=44
2026-03-26T18:28:36.209+04:00  INFO 14012 --- [http-nio-8080-exec-10] c.d.g.controllers.GameController         : Игры по тегу tagId=9
2026-03-26T18:28:36.213+04:00  INFO 14012 --- [http-nio-8080-exec-1] c.d.g.controllers.GameController         : Игры по тегу tagId=10
2026-03-26T18:28:36.214+04:00  INFO 14012 --- [http-nio-8080-exec-3] c.d.g.services.TagService                : Получение игр по тегу: 0, 5
2026-03-26T18:28:36.223+04:00  INFO 14012 --- [http-nio-8080-exec-10] c.d.g.services.TagService                : Получение игр по тегу: 0, 5
2026-03-26T18:28:36.225+04:00  INFO 14012 --- [http-nio-8080-exec-1] c.d.g.services.TagService                : Получение игр по тегу: 0, 5
2026-03-26T18:28:36.230+04:00  INFO 14012 --- [http-nio-8080-exec-4] c.d.g.services.TagService                : Ответ: Page 1 of 40 containing com.diplome.game_recommendation.models.GameEntity instances
2026-03-26T18:28:36.239+04:00  INFO 14012 --- [http-nio-8080-exec-5] c.d.g.controllers.GameController         : Популярные игры
2026-03-26T18:28:36.240+04:00  INFO 14012 --- [http-nio-8080-exec-6] c.d.g.services.TagService                : Ответ: Page 1 of 40 containing com.diplome.game_recommendation.models.GameEntity instances
2026-03-26T18:28:36.247+04:00  INFO 14012 --- [http-nio-8080-exec-3] c.d.g.services.TagService                : Ответ: Page 1 of 40 containing com.diplome.game_recommendation.models.GameEntity instances
2026-03-26T18:28:36.247+04:00  INFO 14012 --- [http-nio-8080-exec-10] c.d.g.services.TagService                : Ответ: Page 1 of 40 containing com.diplome.game_recommendation.models.GameEntity instances
2026-03-26T18:28:36.249+04:00  INFO 14012 --- [http-nio-8080-exec-9] c.d.g.controllers.TagController          : Получение тегов
2026-03-26T18:28:36.272+04:00  INFO 14012 --- [http-nio-8080-exec-9] c.d.g.services.TagService                : Получение тегов: 0, 5
2026-03-26T18:28:36.280+04:00  INFO 14012 --- [http-nio-8080-exec-1] c.d.g.services.TagService                : Ответ: Page 1 of 40 containing com.diplome.game_recommendation.models.GameEntity instances
2026-03-26T18:28:36.293+04:00  INFO 14012 --- [http-nio-8080-exec-9] c.d.g.services.TagService                : Ответ: Page 1 of 68 containing com.diplome.game_recommendation.models.TagEntity instances
2026-03-26T18:28:36.772+04:00  INFO 14012 --- [http-nio-8080-exec-8] c.d.g.controllers.GameController         : Игры по тегу tagId=3
2026-03-26T18:28:36.773+04:00  INFO 14012 --- [http-nio-8080-exec-8] c.d.g.services.TagService                : Получение игр по тегу: 0, 5
2026-03-26T18:28:36.777+04:00  INFO 14012 --- [http-nio-8080-exec-2] c.d.g.controllers.GameController         : Игры по тегу tagId=44
2026-03-26T18:28:36.778+04:00  INFO 14012 --- [http-nio-8080-exec-2] c.d.g.services.TagService                : Получение игр по тегу: 0, 5
2026-03-26T18:28:36.778+04:00  INFO 14012 --- [http-nio-8080-exec-7] c.d.g.controllers.GameController         : Игры по тегу tagId=7
2026-03-26T18:28:36.781+04:00  INFO 14012 --- [http-nio-8080-exec-4] c.d.g.controllers.GameController         : Игры по тегу tagId=9
2026-03-26T18:28:36.781+04:00  INFO 14012 --- [http-nio-8080-exec-7] c.d.g.services.TagService                : Получение игр по тегу: 0, 5
2026-03-26T18:28:36.782+04:00  INFO 14012 --- [http-nio-8080-exec-6] c.d.g.controllers.GameController         : Игры по тегу tagId=10
2026-03-26T18:28:36.782+04:00  INFO 14012 --- [http-nio-8080-exec-4] c.d.g.services.TagService                : Получение игр по тегу: 0, 5
2026-03-26T18:28:36.786+04:00  INFO 14012 --- [http-nio-8080-exec-6] c.d.g.services.TagService                : Получение игр по тегу: 0, 5
2026-03-26T18:28:36.790+04:00  INFO 14012 --- [http-nio-8080-exec-8] c.d.g.services.TagService                : Ответ: Page 1 of 40 containing com.diplome.game_recommendation.models.GameEntity instances
2026-03-26T18:28:36.793+04:00  INFO 14012 --- [http-nio-8080-exec-3] c.d.g.controllers.GameController         : Популярные игры
2026-03-26T18:28:36.796+04:00  INFO 14012 --- [http-nio-8080-exec-8] c.d.g.controllers.TagController          : Получение тегов
2026-03-26T18:28:36.798+04:00  INFO 14012 --- [http-nio-8080-exec-8] c.d.g.services.TagService                : Получение тегов: 0, 5
2026-03-26T18:28:36.799+04:00  INFO 14012 --- [http-nio-8080-exec-2] c.d.g.services.TagService                : Ответ: Page 1 of 40 containing com.diplome.game_recommendation.models.GameEntity instances
2026-03-26T18:28:36.808+04:00  INFO 14012 --- [http-nio-8080-exec-7] c.d.g.services.TagService                : Ответ: Page 1 of 40 containing com.diplome.game_recommendation.models.GameEntity instances
2026-03-26T18:28:36.808+04:00  INFO 14012 --- [http-nio-8080-exec-4] c.d.g.services.TagService                : Ответ: Page 1 of 40 containing com.diplome.game_recommendation.models.GameEntity instances
2026-03-26T18:28:36.813+04:00  INFO 14012 --- [http-nio-8080-exec-6] c.d.g.services.TagService                : Ответ: Page 1 of 40 containing com.diplome.game_recommendation.models.GameEntity instances
2026-03-26T18:28:36.814+04:00  INFO 14012 --- [http-nio-8080-exec-8] c.d.g.services.TagService                : Ответ: Page 1 of 68 containing com.diplome.game_recommendation.models.TagEntity instances
2026-03-26T18:28:37.227+04:00  INFO 14012 --- [http-nio-8080-exec-10] c.d.g.controllers.GameController         : Игры по тегу tagId=3
2026-03-26T18:28:37.228+04:00  INFO 14012 --- [http-nio-8080-exec-10] c.d.g.services.TagService                : Получение игр по тегу: 0, 5
2026-03-26T18:28:37.229+04:00  INFO 14012 --- [http-nio-8080-exec-1] c.d.g.controllers.GameController         : Игры по тегу tagId=44
2026-03-26T18:28:37.230+04:00  INFO 14012 --- [http-nio-8080-exec-1] c.d.g.services.TagService                : Получение игр по тегу: 0, 5
2026-03-26T18:28:37.231+04:00  INFO 14012 --- [http-nio-8080-exec-9] c.d.g.controllers.GameController         : Игры по тегу tagId=7
2026-03-26T18:28:37.232+04:00  INFO 14012 --- [http-nio-8080-exec-9] c.d.g.services.TagService                : Получение игр по тегу: 0, 5
2026-03-26T18:28:37.233+04:00  INFO 14012 --- [http-nio-8080-exec-5] c.d.g.controllers.GameController         : Игры по тегу tagId=9
2026-03-26T18:28:37.235+04:00  INFO 14012 --- [http-nio-8080-exec-2] c.d.g.controllers.GameController         : Игры по тегу tagId=10
2026-03-26T18:28:37.239+04:00  INFO 14012 --- [http-nio-8080-exec-2] c.d.g.services.TagService                : Получение игр по тегу: 0, 5
2026-03-26T18:28:37.238+04:00  INFO 14012 --- [http-nio-8080-exec-5] c.d.g.services.TagService                : Получение игр по тегу: 0, 5
2026-03-26T18:28:37.247+04:00  INFO 14012 --- [http-nio-8080-exec-10] c.d.g.services.TagService                : Ответ: Page 1 of 40 containing com.diplome.game_recommendation.models.GameEntity instances
2026-03-26T18:28:37.248+04:00  INFO 14012 --- [http-nio-8080-exec-1] c.d.g.services.TagService                : Ответ: Page 1 of 40 containing com.diplome.game_recommendation.models.GameEntity instances
2026-03-26T18:28:37.254+04:00  INFO 14012 --- [http-nio-8080-exec-7] c.d.g.controllers.GameController         : Популярные игры
2026-03-26T18:28:37.255+04:00  INFO 14012 --- [http-nio-8080-exec-9] c.d.g.services.TagService                : Ответ: Page 1 of 40 containing com.diplome.game_recommendation.models.GameEntity instances
2026-03-26T18:28:37.262+04:00  INFO 14012 --- [http-nio-8080-exec-4] c.d.g.controllers.TagController          : Получение тегов
2026-03-26T18:28:37.263+04:00  INFO 14012 --- [http-nio-8080-exec-2] c.d.g.services.TagService                : Ответ: Page 1 of 40 containing com.diplome.game_recommendation.models.GameEntity instances
2026-03-26T18:28:37.263+04:00  INFO 14012 --- [http-nio-8080-exec-5] c.d.g.services.TagService                : Ответ: Page 1 of 40 containing com.diplome.game_recommendation.models.GameEntity instances
2026-03-26T18:28:37.264+04:00  INFO 14012 --- [http-nio-8080-exec-4] c.d.g.services.TagService                : Получение тегов: 0, 5
2026-03-26T18:28:37.273+04:00  INFO 14012 --- [http-nio-8080-exec-4] c.d.g.services.TagService                : Ответ: Page 1 of 68 containing com.diplome.game_recommendation.models.TagEntity instances
2026-03-26T18:28:37.591+04:00  INFO 14012 --- [http-nio-8080-exec-6] c.d.g.controllers.GameController         : Игры по тегу tagId=3
2026-03-26T18:28:37.592+04:00  INFO 14012 --- [http-nio-8080-exec-6] c.d.g.services.TagService                : Получение игр по тегу: 0, 5
2026-03-26T18:28:37.593+04:00  INFO 14012 --- [http-nio-8080-exec-8] c.d.g.controllers.GameController         : Игры по тегу tagId=44
2026-03-26T18:28:37.594+04:00  INFO 14012 --- [http-nio-8080-exec-8] c.d.g.services.TagService                : Получение игр по тегу: 0, 5
2026-03-26T18:28:37.596+04:00  INFO 14012 --- [http-nio-8080-exec-3] c.d.g.controllers.GameController         : Игры по тегу tagId=7
2026-03-26T18:28:37.596+04:00  INFO 14012 --- [http-nio-8080-exec-10] c.d.g.controllers.GameController         : Игры по тегу tagId=9
2026-03-26T18:28:37.597+04:00  INFO 14012 --- [http-nio-8080-exec-3] c.d.g.services.TagService                : Получение игр по тегу: 0, 5
2026-03-26T18:28:37.599+04:00  INFO 14012 --- [http-nio-8080-exec-10] c.d.g.services.TagService                : Получение игр по тегу: 0, 5
2026-03-26T18:28:37.599+04:00  INFO 14012 --- [http-nio-8080-exec-1] c.d.g.controllers.GameController         : Игры по тегу tagId=10
2026-03-26T18:28:37.606+04:00  INFO 14012 --- [http-nio-8080-exec-1] c.d.g.services.TagService                : Получение игр по тегу: 0, 5
2026-03-26T18:28:37.608+04:00  INFO 14012 --- [http-nio-8080-exec-6] c.d.g.services.TagService                : Ответ: Page 1 of 40 containing com.diplome.game_recommendation.models.GameEntity instances
2026-03-26T18:28:37.611+04:00  INFO 14012 --- [http-nio-8080-exec-8] c.d.g.services.TagService                : Ответ: Page 1 of 40 containing com.diplome.game_recommendation.models.GameEntity instances
2026-03-26T18:28:37.617+04:00  INFO 14012 --- [http-nio-8080-exec-3] c.d.g.services.TagService                : Ответ: Page 1 of 40 containing com.diplome.game_recommendation.models.GameEntity instances
2026-03-26T18:28:37.617+04:00  INFO 14012 --- [http-nio-8080-exec-10] c.d.g.services.TagService                : Ответ: Page 1 of 40 containing com.diplome.game_recommendation.models.GameEntity instances
2026-03-26T18:28:37.624+04:00  INFO 14012 --- [http-nio-8080-exec-1] c.d.g.services.TagService                : Ответ: Page 1 of 40 containing com.diplome.game_recommendation.models.GameEntity instances
2026-03-26T18:28:37.626+04:00  INFO 14012 --- [http-nio-8080-exec-9] c.d.g.controllers.GameController         : Популярные игры
2026-03-26T18:28:37.629+04:00  INFO 14012 --- [http-nio-8080-exec-2] c.d.g.controllers.TagController          : Получение тегов
2026-03-26T18:28:37.630+04:00  INFO 14012 --- [http-nio-8080-exec-2] c.d.g.services.TagService                : Получение тегов: 0, 5
2026-03-26T18:28:37.635+04:00  INFO 14012 --- [http-nio-8080-exec-2] c.d.g.services.TagService                : Ответ: Page 1 of 68 containing com.diplome.game_recommendation.models.TagEntity instances
2026-03-26T18:28:37.944+04:00  INFO 14012 --- [http-nio-8080-exec-5] c.d.g.controllers.GameController         : Игры по тегу tagId=3
2026-03-26T18:28:37.945+04:00  INFO 14012 --- [http-nio-8080-exec-5] c.d.g.services.TagService                : Получение игр по тегу: 0, 5
2026-03-26T18:28:37.946+04:00  INFO 14012 --- [http-nio-8080-exec-4] c.d.g.controllers.GameController         : Игры по тегу tagId=44
2026-03-26T18:28:37.947+04:00  INFO 14012 --- [http-nio-8080-exec-4] c.d.g.services.TagService                : Получение игр по тегу: 0, 5
2026-03-26T18:28:37.947+04:00  INFO 14012 --- [http-nio-8080-exec-7] c.d.g.controllers.GameController         : Игры по тегу tagId=7
2026-03-26T18:28:37.948+04:00  INFO 14012 --- [http-nio-8080-exec-7] c.d.g.services.TagService                : Получение игр по тегу: 0, 5
2026-03-26T18:28:37.961+04:00  INFO 14012 --- [http-nio-8080-exec-5] c.d.g.services.TagService                : Ответ: Page 1 of 40 containing com.diplome.game_recommendation.models.GameEntity instances
2026-03-26T18:28:37.964+04:00  INFO 14012 --- [http-nio-8080-exec-4] c.d.g.services.TagService                : Ответ: Page 1 of 40 containing com.diplome.game_recommendation.models.GameEntity instances
2026-03-26T18:28:37.965+04:00  INFO 14012 --- [http-nio-8080-exec-6] c.d.g.controllers.GameController         : Игры по тегу tagId=9
2026-03-26T18:28:37.966+04:00  INFO 14012 --- [http-nio-8080-exec-8] c.d.g.controllers.GameController         : Игры по тегу tagId=10
2026-03-26T18:28:37.967+04:00  INFO 14012 --- [http-nio-8080-exec-7] c.d.g.services.TagService                : Ответ: Page 1 of 40 containing com.diplome.game_recommendation.models.GameEntity instances
2026-03-26T18:28:37.968+04:00  INFO 14012 --- [http-nio-8080-exec-3] c.d.g.controllers.GameController         : Популярные игры
2026-03-26T18:28:37.971+04:00  INFO 14012 --- [http-nio-8080-exec-6] c.d.g.services.TagService                : Получение игр по тегу: 0, 5
2026-03-26T18:28:37.971+04:00  INFO 14012 --- [http-nio-8080-exec-10] c.d.g.controllers.TagController          : Получение тегов
2026-03-26T18:28:37.972+04:00  INFO 14012 --- [http-nio-8080-exec-8] c.d.g.services.TagService                : Получение игр по тегу: 0, 5
2026-03-26T18:28:37.976+04:00  INFO 14012 --- [http-nio-8080-exec-10] c.d.g.services.TagService                : Получение тегов: 0, 5
2026-03-26T18:28:37.987+04:00  INFO 14012 --- [http-nio-8080-exec-10] c.d.g.services.TagService                : Ответ: Page 1 of 68 containing com.diplome.game_recommendation.models.TagEntity instances
2026-03-26T18:28:37.992+04:00  INFO 14012 --- [http-nio-8080-exec-6] c.d.g.services.TagService                : Ответ: Page 1 of 40 containing com.diplome.game_recommendation.models.GameEntity instances
2026-03-26T18:28:37.999+04:00  INFO 14012 --- [http-nio-8080-exec-8] c.d.g.services.TagService                : Ответ: Page 1 of 40 containing com.diplome.game_recommendation.models.GameEntity instances
2026-03-26T18:28:38.433+04:00  INFO 14012 --- [http-nio-8080-exec-1] c.d.g.controllers.GameController         : Игры по тегу tagId=3
2026-03-26T18:28:38.435+04:00  INFO 14012 --- [http-nio-8080-exec-1] c.d.g.services.TagService                : Получение игр по тегу: 0, 5
2026-03-26T18:28:38.440+04:00  INFO 14012 --- [http-nio-8080-exec-2] c.d.g.controllers.GameController         : Игры по тегу tagId=44
2026-03-26T18:28:38.454+04:00  INFO 14012 --- [http-nio-8080-exec-2] c.d.g.services.TagService                : Получение игр по тегу: 0, 5
2026-03-26T18:28:38.441+04:00  INFO 14012 --- [http-nio-8080-exec-9] c.d.g.controllers.GameController         : Игры по тегу tagId=7
2026-03-26T18:28:38.446+04:00  INFO 14012 --- [http-nio-8080-exec-5] c.d.g.controllers.GameController         : Игры по тегу tagId=9
2026-03-26T18:28:38.453+04:00  INFO 14012 --- [http-nio-8080-exec-4] c.d.g.controllers.GameController         : Игры по тегу tagId=10
2026-03-26T18:28:38.455+04:00  INFO 14012 --- [http-nio-8080-exec-1] c.d.g.services.TagService                : Ответ: Page 1 of 40 containing com.diplome.game_recommendation.models.GameEntity instances
2026-03-26T18:28:38.458+04:00  INFO 14012 --- [http-nio-8080-exec-9] c.d.g.services.TagService                : Получение игр по тегу: 0, 5
2026-03-26T18:28:38.522+04:00  INFO 14012 --- [http-nio-8080-exec-7] c.d.g.controllers.GameController         : Популярные игры
2026-03-26T18:28:38.523+04:00  INFO 14012 --- [http-nio-8080-exec-2] c.d.g.services.TagService                : Ответ: Page 1 of 40 containing com.diplome.game_recommendation.models.GameEntity instances
2026-03-26T18:28:38.541+04:00  INFO 14012 --- [http-nio-8080-exec-5] c.d.g.services.TagService                : Получение игр по тегу: 0, 5
2026-03-26T18:28:38.570+04:00  INFO 14012 --- [http-nio-8080-exec-4] c.d.g.services.TagService                : Получение игр по тегу: 0, 5
2026-03-26T18:28:38.575+04:00  INFO 14012 --- [http-nio-8080-exec-1] c.d.g.controllers.TagController          : Получение тегов
2026-03-26T18:28:38.595+04:00  INFO 14012 --- [http-nio-8080-exec-1] c.d.g.services.TagService                : Получение тегов: 0, 5
2026-03-26T18:28:38.600+04:00  INFO 14012 --- [http-nio-8080-exec-9] c.d.g.services.TagService                : Ответ: Page 1 of 40 containing com.diplome.game_recommendation.models.GameEntity instances
2026-03-26T18:28:38.602+04:00  INFO 14012 --- [http-nio-8080-exec-5] c.d.g.services.TagService                : Ответ: Page 1 of 40 containing com.diplome.game_recommendation.models.GameEntity instances
2026-03-26T18:28:38.624+04:00  INFO 14012 --- [http-nio-8080-exec-4] c.d.g.services.TagService                : Ответ: Page 1 of 40 containing com.diplome.game_recommendation.models.GameEntity instances
2026-03-26T18:28:38.636+04:00  INFO 14012 --- [http-nio-8080-exec-1] c.d.g.services.TagService                : Ответ: Page 1 of 68 containing com.diplome.game_recommendation.models.TagEntity instances
2026-03-26T18:28:38.989+04:00  INFO 14012 --- [http-nio-8080-exec-10] c.d.g.controllers.GameController         : Игры по тегу tagId=3
2026-03-26T18:28:38.990+04:00  INFO 14012 --- [http-nio-8080-exec-10] c.d.g.services.TagService                : Получение игр по тегу: 0, 5
2026-03-26T18:28:38.991+04:00  INFO 14012 --- [http-nio-8080-exec-6] c.d.g.controllers.GameController         : Игры по тегу tagId=44
2026-03-26T18:28:38.993+04:00  INFO 14012 --- [http-nio-8080-exec-8] c.d.g.controllers.GameController         : Игры по тегу tagId=7
2026-03-26T18:28:38.994+04:00  INFO 14012 --- [http-nio-8080-exec-6] c.d.g.services.TagService                : Получение игр по тегу: 0, 5
2026-03-26T18:28:38.996+04:00  INFO 14012 --- [http-nio-8080-exec-2] c.d.g.controllers.GameController         : Игры по тегу tagId=10
2026-03-26T18:28:38.994+04:00  INFO 14012 --- [http-nio-8080-exec-3] c.d.g.controllers.GameController         : Игры по тегу tagId=9
2026-03-26T18:28:38.995+04:00  INFO 14012 --- [http-nio-8080-exec-8] c.d.g.services.TagService                : Получение игр по тегу: 0, 5
2026-03-26T18:28:38.998+04:00  INFO 14012 --- [http-nio-8080-exec-2] c.d.g.services.TagService                : Получение игр по тегу: 0, 5
2026-03-26T18:28:39.000+04:00  INFO 14012 --- [http-nio-8080-exec-3] c.d.g.services.TagService                : Получение игр по тегу: 0, 5
2026-03-26T18:28:39.010+04:00  INFO 14012 --- [http-nio-8080-exec-10] c.d.g.services.TagService                : Ответ: Page 1 of 40 containing com.diplome.game_recommendation.models.GameEntity instances
2026-03-26T18:28:39.014+04:00  INFO 14012 --- [http-nio-8080-exec-6] c.d.g.services.TagService                : Ответ: Page 1 of 40 containing com.diplome.game_recommendation.models.GameEntity instances
2026-03-26T18:28:39.022+04:00  INFO 14012 --- [http-nio-8080-exec-8] c.d.g.services.TagService                : Ответ: Page 1 of 40 containing com.diplome.game_recommendation.models.GameEntity instances
2026-03-26T18:28:39.025+04:00  INFO 14012 --- [http-nio-8080-exec-6] c.d.g.controllers.GameController         : Популярные игры
2026-03-26T18:28:39.026+04:00  INFO 14012 --- [http-nio-8080-exec-2] c.d.g.services.TagService                : Ответ: Page 1 of 40 containing com.diplome.game_recommendation.models.GameEntity instances
2026-03-26T18:28:39.027+04:00  INFO 14012 --- [http-nio-8080-exec-5] c.d.g.controllers.TagController          : Получение тегов
2026-03-26T18:28:39.031+04:00  INFO 14012 --- [http-nio-8080-exec-5] c.d.g.services.TagService                : Получение тегов: 0, 5
2026-03-26T18:28:39.034+04:00  INFO 14012 --- [http-nio-8080-exec-3] c.d.g.services.TagService                : Ответ: Page 1 of 40 containing com.diplome.game_recommendation.models.GameEntity instances
2026-03-26T18:28:39.039+04:00  INFO 14012 --- [http-nio-8080-exec-5] c.d.g.services.TagService                : Ответ: Page 1 of 68 containing com.diplome.game_recommendation.models.TagEntity instances
2026-03-26T18:28:39.410+04:00  INFO 14012 --- [http-nio-8080-exec-4] c.d.g.controllers.GameController         : Игры по тегу tagId=3
2026-03-26T18:28:39.411+04:00  INFO 14012 --- [http-nio-8080-exec-4] c.d.g.services.TagService                : Получение игр по тегу: 0, 5
2026-03-26T18:28:39.424+04:00  INFO 14012 --- [http-nio-8080-exec-1] c.d.g.controllers.GameController         : Игры по тегу tagId=44
2026-03-26T18:28:39.425+04:00  INFO 14012 --- [http-nio-8080-exec-1] c.d.g.services.TagService                : Получение игр по тегу: 0, 5
2026-03-26T18:28:39.425+04:00  INFO 14012 --- [http-nio-8080-exec-7] c.d.g.controllers.GameController         : Игры по тегу tagId=7
2026-03-26T18:28:39.426+04:00  INFO 14012 --- [http-nio-8080-exec-10] c.d.g.controllers.GameController         : Игры по тегу tagId=9
2026-03-26T18:28:39.426+04:00  INFO 14012 --- [http-nio-8080-exec-7] c.d.g.services.TagService                : Получение игр по тегу: 0, 5
2026-03-26T18:28:39.429+04:00  INFO 14012 --- [http-nio-8080-exec-4] c.d.g.services.TagService                : Ответ: Page 1 of 40 containing com.diplome.game_recommendation.models.GameEntity instances
2026-03-26T18:28:39.432+04:00  INFO 14012 --- [http-nio-8080-exec-9] c.d.g.controllers.GameController         : Игры по тегу tagId=10
2026-03-26T18:28:39.433+04:00  INFO 14012 --- [http-nio-8080-exec-10] c.d.g.services.TagService                : Получение игр по тегу: 0, 5
2026-03-26T18:28:39.433+04:00  INFO 14012 --- [http-nio-8080-exec-8] c.d.g.controllers.GameController         : Популярные игры
2026-03-26T18:28:39.442+04:00  INFO 14012 --- [http-nio-8080-exec-2] c.d.g.controllers.TagController          : Получение тегов
2026-03-26T18:28:39.439+04:00  INFO 14012 --- [http-nio-8080-exec-9] c.d.g.services.TagService                : Получение игр по тегу: 0, 5
2026-03-26T18:28:39.444+04:00  INFO 14012 --- [http-nio-8080-exec-1] c.d.g.services.TagService                : Ответ: Page 1 of 40 containing com.diplome.game_recommendation.models.GameEntity instances
2026-03-26T18:28:39.445+04:00  INFO 14012 --- [http-nio-8080-exec-2] c.d.g.services.TagService                : Получение тегов: 0, 5
2026-03-26T18:28:39.454+04:00  INFO 14012 --- [http-nio-8080-exec-7] c.d.g.services.TagService                : Ответ: Page 1 of 40 containing com.diplome.game_recommendation.models.GameEntity instances
2026-03-26T18:28:39.456+04:00  INFO 14012 --- [http-nio-8080-exec-10] c.d.g.services.TagService                : Ответ: Page 1 of 40 containing com.diplome.game_recommendation.models.GameEntity instances
2026-03-26T18:28:39.463+04:00  INFO 14012 --- [http-nio-8080-exec-2] c.d.g.services.TagService                : Ответ: Page 1 of 68 containing com.diplome.game_recommendation.models.TagEntity instances
2026-03-26T18:28:39.468+04:00  INFO 14012 --- [http-nio-8080-exec-9] c.d.g.services.TagService                : Ответ: Page 1 of 40 containing com.diplome.game_recommendation.models.GameEntity instances
2026-03-26T18:28:39.838+04:00  INFO 14012 --- [http-nio-8080-exec-3] c.d.g.controllers.GameController         : Игры по тегу tagId=3
2026-03-26T18:28:39.847+04:00  INFO 14012 --- [http-nio-8080-exec-5] c.d.g.controllers.GameController         : Игры по тегу tagId=44
2026-03-26T18:28:39.848+04:00  INFO 14012 --- [http-nio-8080-exec-6] c.d.g.controllers.GameController         : Игры по тегу tagId=7
2026-03-26T18:28:39.850+04:00  INFO 14012 --- [http-nio-8080-exec-4] c.d.g.controllers.GameController         : Игры по тегу tagId=9
2026-03-26T18:28:39.850+04:00  INFO 14012 --- [http-nio-8080-exec-1] c.d.g.controllers.GameController         : Игры по тегу tagId=10
2026-03-26T18:28:39.852+04:00  INFO 14012 --- [http-nio-8080-exec-3] c.d.g.services.TagService                : Получение игр по тегу: 0, 5
2026-03-26T18:28:39.855+04:00  INFO 14012 --- [http-nio-8080-exec-5] c.d.g.services.TagService                : Получение игр по тегу: 0, 5
2026-03-26T18:28:39.859+04:00  INFO 14012 --- [http-nio-8080-exec-6] c.d.g.services.TagService                : Получение игр по тегу: 0, 5
2026-03-26T18:28:39.866+04:00  INFO 14012 --- [http-nio-8080-exec-4] c.d.g.services.TagService                : Получение игр по тегу: 0, 5
2026-03-26T18:28:39.868+04:00  INFO 14012 --- [http-nio-8080-exec-1] c.d.g.services.TagService                : Получение игр по тегу: 0, 5
2026-03-26T18:28:39.893+04:00  INFO 14012 --- [http-nio-8080-exec-5] c.d.g.services.TagService                : Ответ: Page 1 of 40 containing com.diplome.game_recommendation.models.GameEntity instances
2026-03-26T18:28:39.899+04:00  INFO 14012 --- [http-nio-8080-exec-3] c.d.g.services.TagService                : Ответ: Page 1 of 40 containing com.diplome.game_recommendation.models.GameEntity instances
2026-03-26T18:28:39.925+04:00  INFO 14012 --- [http-nio-8080-exec-6] c.d.g.services.TagService                : Ответ: Page 1 of 40 containing com.diplome.game_recommendation.models.GameEntity instances
2026-03-26T18:28:39.928+04:00  INFO 14012 --- [http-nio-8080-exec-7] c.d.g.controllers.GameController         : Популярные игры
2026-03-26T18:28:39.947+04:00  INFO 14012 --- [http-nio-8080-exec-5] c.d.g.controllers.TagController          : Получение тегов
2026-03-26T18:28:39.951+04:00  INFO 14012 --- [http-nio-8080-exec-4] c.d.g.services.TagService                : Ответ: Page 1 of 40 containing com.diplome.game_recommendation.models.GameEntity instances
2026-03-26T18:28:39.970+04:00  INFO 14012 --- [http-nio-8080-exec-5] c.d.g.services.TagService                : Получение тегов: 0, 5
2026-03-26T18:28:39.976+04:00  INFO 14012 --- [http-nio-8080-exec-1] c.d.g.services.TagService                : Ответ: Page 1 of 40 containing com.diplome.game_recommendation.models.GameEntity instances
2026-03-26T18:28:40.004+04:00  INFO 14012 --- [http-nio-8080-exec-5] c.d.g.services.TagService                : Ответ: Page 1 of 68 containing com.diplome.game_recommendation.models.TagEntity instances
2026-03-26T18:28:40.482+04:00  INFO 14012 --- [http-nio-8080-exec-10] c.d.g.controllers.GameController         : Игры по тегу tagId=3
2026-03-26T18:28:40.484+04:00  INFO 14012 --- [http-nio-8080-exec-10] c.d.g.services.TagService                : Получение игр по тегу: 0, 5
2026-03-26T18:28:40.485+04:00  INFO 14012 --- [http-nio-8080-exec-2] c.d.g.controllers.GameController         : Игры по тегу tagId=44
2026-03-26T18:28:40.487+04:00  INFO 14012 --- [http-nio-8080-exec-2] c.d.g.services.TagService                : Получение игр по тегу: 0, 5
2026-03-26T18:28:40.486+04:00  INFO 14012 --- [http-nio-8080-exec-9] c.d.g.controllers.GameController         : Игры по тегу tagId=7
2026-03-26T18:28:40.491+04:00  INFO 14012 --- [http-nio-8080-exec-8] c.d.g.controllers.GameController         : Игры по тегу tagId=9
2026-03-26T18:28:40.491+04:00  INFO 14012 --- [http-nio-8080-exec-3] c.d.g.controllers.GameController         : Игры по тегу tagId=10
2026-03-26T18:28:40.493+04:00  INFO 14012 --- [http-nio-8080-exec-9] c.d.g.services.TagService                : Получение игр по тегу: 0, 5
2026-03-26T18:28:40.494+04:00  INFO 14012 --- [http-nio-8080-exec-8] c.d.g.services.TagService                : Получение игр по тегу: 0, 5
2026-03-26T18:28:40.496+04:00  INFO 14012 --- [http-nio-8080-exec-3] c.d.g.services.TagService                : Получение игр по тегу: 0, 5
2026-03-26T18:28:40.505+04:00  INFO 14012 --- [http-nio-8080-exec-10] c.d.g.services.TagService                : Ответ: Page 1 of 40 containing com.diplome.game_recommendation.models.GameEntity instances
2026-03-26T18:28:40.510+04:00  INFO 14012 --- [http-nio-8080-exec-2] c.d.g.services.TagService                : Ответ: Page 1 of 40 containing com.diplome.game_recommendation.models.GameEntity instances
2026-03-26T18:28:40.516+04:00  INFO 14012 --- [http-nio-8080-exec-9] c.d.g.services.TagService                : Ответ: Page 1 of 40 containing com.diplome.game_recommendation.models.GameEntity instances
2026-03-26T18:28:40.521+04:00  INFO 14012 --- [http-nio-8080-exec-8] c.d.g.services.TagService                : Ответ: Page 1 of 40 containing com.diplome.game_recommendation.models.GameEntity instances
2026-03-26T18:28:40.527+04:00  INFO 14012 --- [http-nio-8080-exec-3] c.d.g.services.TagService                : Ответ: Page 1 of 40 containing com.diplome.game_recommendation.models.GameEntity instances
2026-03-26T18:28:40.542+04:00  INFO 14012 --- [http-nio-8080-exec-4] c.d.g.controllers.TagController          : Получение тегов
2026-03-26T18:28:40.544+04:00  INFO 14012 --- [http-nio-8080-exec-6] c.d.g.controllers.GameController         : Популярные игры
2026-03-26T18:28:40.545+04:00  INFO 14012 --- [http-nio-8080-exec-4] c.d.g.services.TagService                : Получение тегов: 0, 5
2026-03-26T18:28:40.561+04:00  INFO 14012 --- [http-nio-8080-exec-4] c.d.g.services.TagService                : Ответ: Page 1 of 68 containing com.diplome.game_recommendation.models.TagEntity instances
2026-03-26T18:28:42.358+04:00  INFO 14012 --- [http-nio-8080-exec-1] c.d.g.controllers.GameController         : Игры по тегу tagId=3
2026-03-26T18:28:42.360+04:00  INFO 14012 --- [http-nio-8080-exec-5] c.d.g.controllers.GameController         : Игры по тегу tagId=44
2026-03-26T18:28:42.360+04:00  INFO 14012 --- [http-nio-8080-exec-1] c.d.g.services.TagService                : Получение игр по тегу: 0, 5
2026-03-26T18:28:42.360+04:00  INFO 14012 --- [http-nio-8080-exec-7] c.d.g.controllers.GameController         : Игры по тегу tagId=7
2026-03-26T18:28:42.362+04:00  INFO 14012 --- [http-nio-8080-exec-5] c.d.g.services.TagService                : Получение игр по тегу: 0, 5
2026-03-26T18:28:42.364+04:00  INFO 14012 --- [http-nio-8080-exec-10] c.d.g.controllers.GameController         : Игры по тегу tagId=9
2026-03-26T18:28:42.365+04:00  INFO 14012 --- [http-nio-8080-exec-7] c.d.g.services.TagService                : Получение игр по тегу: 0, 5
2026-03-26T18:28:42.368+04:00  INFO 14012 --- [http-nio-8080-exec-2] c.d.g.controllers.GameController         : Игры по тегу tagId=10
2026-03-26T18:28:42.369+04:00  INFO 14012 --- [http-nio-8080-exec-10] c.d.g.services.TagService                : Получение игр по тегу: 0, 5
2026-03-26T18:28:42.371+04:00  INFO 14012 --- [http-nio-8080-exec-2] c.d.g.services.TagService                : Получение игр по тегу: 0, 5
2026-03-26T18:28:42.382+04:00  INFO 14012 --- [http-nio-8080-exec-1] c.d.g.services.TagService                : Ответ: Page 1 of 40 containing com.diplome.game_recommendation.models.GameEntity instances
2026-03-26T18:28:42.387+04:00  INFO 14012 --- [http-nio-8080-exec-5] c.d.g.services.TagService                : Ответ: Page 1 of 40 containing com.diplome.game_recommendation.models.GameEntity instances
2026-03-26T18:28:42.388+04:00  INFO 14012 --- [http-nio-8080-exec-7] c.d.g.services.TagService                : Ответ: Page 1 of 40 containing com.diplome.game_recommendation.models.GameEntity instances
2026-03-26T18:28:42.390+04:00  INFO 14012 --- [http-nio-8080-exec-10] c.d.g.services.TagService                : Ответ: Page 1 of 40 containing com.diplome.game_recommendation.models.GameEntity instances
2026-03-26T18:28:42.399+04:00  INFO 14012 --- [http-nio-8080-exec-2] c.d.g.services.TagService                : Ответ: Page 1 of 40 containing com.diplome.game_recommendation.models.GameEntity instances
2026-03-26T18:28:42.416+04:00  INFO 14012 --- [http-nio-8080-exec-8] c.d.g.controllers.TagController          : Получение тегов
2026-03-26T18:28:42.416+04:00  INFO 14012 --- [http-nio-8080-exec-9] c.d.g.controllers.GameController         : Популярные игры
2026-03-26T18:28:42.418+04:00  INFO 14012 --- [http-nio-8080-exec-8] c.d.g.services.TagService                : Получение тегов: 0, 5
2026-03-26T18:28:42.433+04:00  INFO 14012 --- [http-nio-8080-exec-8] c.d.g.services.TagService                : Ответ: Page 1 of 68 containing com.diplome.game_recommendation.models.TagEntity instances
2026-03-26T18:28:43.569+04:00  INFO 14012 --- [http-nio-8080-exec-3] c.d.g.controllers.GameController         : Игры по тегу tagId=3
2026-03-26T18:28:43.569+04:00  INFO 14012 --- [http-nio-8080-exec-3] c.d.g.services.TagService                : Получение игр по тегу: 0, 5
2026-03-26T18:28:43.572+04:00  INFO 14012 --- [http-nio-8080-exec-4] c.d.g.controllers.GameController         : Игры по тегу tagId=44
2026-03-26T18:28:43.574+04:00  INFO 14012 --- [http-nio-8080-exec-4] c.d.g.services.TagService                : Получение игр по тегу: 0, 5
2026-03-26T18:28:43.574+04:00  INFO 14012 --- [http-nio-8080-exec-6] c.d.g.controllers.GameController         : Игры по тегу tagId=7
2026-03-26T18:28:43.581+04:00  INFO 14012 --- [http-nio-8080-exec-6] c.d.g.services.TagService                : Получение игр по тегу: 0, 5
2026-03-26T18:28:43.580+04:00  INFO 14012 --- [http-nio-8080-exec-1] c.d.g.controllers.GameController         : Игры по тегу tagId=9
2026-03-26T18:28:43.580+04:00  INFO 14012 --- [http-nio-8080-exec-5] c.d.g.controllers.GameController         : Игры по тегу tagId=10
2026-03-26T18:28:43.594+04:00  INFO 14012 --- [http-nio-8080-exec-4] c.d.g.services.TagService                : Ответ: Page 1 of 40 containing com.diplome.game_recommendation.models.GameEntity instances
2026-03-26T18:28:43.594+04:00  INFO 14012 --- [http-nio-8080-exec-3] c.d.g.services.TagService                : Ответ: Page 1 of 40 containing com.diplome.game_recommendation.models.GameEntity instances
2026-03-26T18:28:43.595+04:00  INFO 14012 --- [http-nio-8080-exec-1] c.d.g.services.TagService                : Получение игр по тегу: 0, 5
2026-03-26T18:28:43.596+04:00  INFO 14012 --- [http-nio-8080-exec-5] c.d.g.services.TagService                : Получение игр по тегу: 0, 5
2026-03-26T18:28:43.605+04:00  INFO 14012 --- [http-nio-8080-exec-6] c.d.g.services.TagService                : Ответ: Page 1 of 40 containing com.diplome.game_recommendation.models.GameEntity instances
2026-03-26T18:28:43.624+04:00  INFO 14012 --- [http-nio-8080-exec-1] c.d.g.services.TagService                : Ответ: Page 1 of 40 containing com.diplome.game_recommendation.models.GameEntity instances
2026-03-26T18:28:43.630+04:00  INFO 14012 --- [http-nio-8080-exec-5] c.d.g.services.TagService                : Ответ: Page 1 of 40 containing com.diplome.game_recommendation.models.GameEntity instances
2026-03-26T18:28:43.658+04:00  INFO 14012 --- [http-nio-8080-exec-7] c.d.g.controllers.GameController         : Популярные игры
2026-03-26T18:28:43.660+04:00  INFO 14012 --- [http-nio-8080-exec-10] c.d.g.controllers.TagController          : Получение тегов
2026-03-26T18:28:43.663+04:00  INFO 14012 --- [http-nio-8080-exec-10] c.d.g.services.TagService                : Получение тегов: 0, 5
2026-03-26T18:28:43.669+04:00  INFO 14012 --- [http-nio-8080-exec-10] c.d.g.services.TagService                : Ответ: Page 1 of 68 containing com.diplome.game_recommendation.models.TagEntity instances
2026-03-26T18:28:43.792+04:00  INFO 14012 --- [http-nio-8080-exec-2] c.d.g.controllers.GameController         : Игры по тегу tagId=3
2026-03-26T18:28:43.792+04:00  INFO 14012 --- [http-nio-8080-exec-2] c.d.g.services.TagService                : Получение игр по тегу: 0, 5
2026-03-26T18:28:43.807+04:00  INFO 14012 --- [http-nio-8080-exec-2] c.d.g.services.TagService                : Ответ: Page 1 of 40 containing com.diplome.game_recommendation.models.GameEntity instances
2026-03-26T18:28:43.821+04:00  INFO 14012 --- [http-nio-8080-exec-8] c.d.g.controllers.GameController         : Игры по тегу tagId=44
2026-03-26T18:28:43.822+04:00  INFO 14012 --- [http-nio-8080-exec-8] c.d.g.services.TagService                : Получение игр по тегу: 0, 5
2026-03-26T18:28:43.835+04:00  INFO 14012 --- [http-nio-8080-exec-8] c.d.g.services.TagService                : Ответ: Page 1 of 40 containing com.diplome.game_recommendation.models.GameEntity instances
2026-03-26T18:28:43.841+04:00  INFO 14012 --- [http-nio-8080-exec-9] c.d.g.controllers.GameController         : Игры по тегу tagId=7
2026-03-26T18:28:43.842+04:00  INFO 14012 --- [http-nio-8080-exec-9] c.d.g.services.TagService                : Получение игр по тегу: 0, 5
2026-03-26T18:28:43.846+04:00  INFO 14012 --- [http-nio-8080-exec-4] c.d.g.controllers.GameController         : Игры по тегу tagId=9
2026-03-26T18:28:43.847+04:00  INFO 14012 --- [http-nio-8080-exec-4] c.d.g.services.TagService                : Получение игр по тегу: 0, 5
2026-03-26T18:28:43.847+04:00  INFO 14012 --- [http-nio-8080-exec-3] c.d.g.controllers.GameController         : Игры по тегу tagId=10
2026-03-26T18:28:43.849+04:00  INFO 14012 --- [http-nio-8080-exec-3] c.d.g.services.TagService                : Получение игр по тегу: 0, 5
2026-03-26T18:28:43.859+04:00  INFO 14012 --- [http-nio-8080-exec-9] c.d.g.services.TagService                : Ответ: Page 1 of 40 containing com.diplome.game_recommendation.models.GameEntity instances
2026-03-26T18:28:43.864+04:00  INFO 14012 --- [http-nio-8080-exec-4] c.d.g.services.TagService                : Ответ: Page 1 of 40 containing com.diplome.game_recommendation.models.GameEntity instances
2026-03-26T18:28:43.865+04:00  INFO 14012 --- [http-nio-8080-exec-3] c.d.g.services.TagService                : Ответ: Page 1 of 40 containing com.diplome.game_recommendation.models.GameEntity instances
2026-03-26T18:28:44.712+04:00  INFO 14012 --- [http-nio-8080-exec-6] c.d.g.controllers.GameController         : Популярные игры
2026-03-26T18:28:44.715+04:00  INFO 14012 --- [http-nio-8080-exec-1] c.d.g.controllers.TagController          : Получение тегов
2026-03-26T18:28:44.716+04:00  INFO 14012 --- [http-nio-8080-exec-1] c.d.g.services.TagService                : Получение тегов: 0, 5
2026-03-26T18:28:44.720+04:00  INFO 14012 --- [http-nio-8080-exec-1] c.d.g.services.TagService                : Ответ: Page 1 of 68 containing com.diplome.game_recommendation.models.TagEntity instances
2026-03-26T18:28:45.552+04:00  INFO 14012 --- [http-nio-8080-exec-5] c.d.g.controllers.GameController         : Игры по тегу tagId=3
2026-03-26T18:28:45.554+04:00  INFO 14012 --- [http-nio-8080-exec-10] c.d.g.controllers.GameController         : Игры по тегу tagId=44
2026-03-26T18:28:45.556+04:00  INFO 14012 --- [http-nio-8080-exec-7] c.d.g.controllers.GameController         : Игры по тегу tagId=7
2026-03-26T18:28:45.567+04:00  INFO 14012 --- [http-nio-8080-exec-7] c.d.g.services.TagService                : Получение игр по тегу: 0, 5
2026-03-26T18:28:45.567+04:00  INFO 14012 --- [http-nio-8080-exec-5] c.d.g.services.TagService                : Получение игр по тегу: 0, 5
2026-03-26T18:28:45.567+04:00  INFO 14012 --- [http-nio-8080-exec-10] c.d.g.services.TagService                : Получение игр по тегу: 0, 5
2026-03-26T18:28:45.581+04:00  INFO 14012 --- [http-nio-8080-exec-7] c.d.g.services.TagService                : Ответ: Page 1 of 40 containing com.diplome.game_recommendation.models.GameEntity instances
2026-03-26T18:28:45.582+04:00  INFO 14012 --- [http-nio-8080-exec-5] c.d.g.services.TagService                : Ответ: Page 1 of 40 containing com.diplome.game_recommendation.models.GameEntity instances
2026-03-26T18:28:45.582+04:00  INFO 14012 --- [http-nio-8080-exec-10] c.d.g.services.TagService                : Ответ: Page 1 of 40 containing com.diplome.game_recommendation.models.GameEntity instances
2026-03-26T18:28:45.585+04:00  INFO 14012 --- [http-nio-8080-exec-2] c.d.g.controllers.GameController         : Игры по тегу tagId=9
2026-03-26T18:28:45.585+04:00  INFO 14012 --- [http-nio-8080-exec-2] c.d.g.services.TagService                : Получение игр по тегу: 0, 5
2026-03-26T18:28:45.596+04:00  INFO 14012 --- [http-nio-8080-exec-2] c.d.g.services.TagService                : Ответ: Page 1 of 40 containing com.diplome.game_recommendation.models.GameEntity instances
2026-03-26T18:28:45.615+04:00  INFO 14012 --- [http-nio-8080-exec-8] c.d.g.controllers.GameController         : Игры по тегу tagId=10
2026-03-26T18:28:45.616+04:00  INFO 14012 --- [http-nio-8080-exec-8] c.d.g.services.TagService                : Получение игр по тегу: 0, 5
2026-03-26T18:28:45.631+04:00  INFO 14012 --- [http-nio-8080-exec-8] c.d.g.services.TagService                : Ответ: Page 1 of 40 containing com.diplome.game_recommendation.models.GameEntity instances
2026-03-26T18:28:45.634+04:00  INFO 14012 --- [http-nio-8080-exec-9] c.d.g.controllers.GameController         : Популярные игры
2026-03-26T18:28:45.635+04:00  INFO 14012 --- [http-nio-8080-exec-4] c.d.g.controllers.TagController          : Получение тегов
2026-03-26T18:28:45.636+04:00  INFO 14012 --- [http-nio-8080-exec-4] c.d.g.services.TagService                : Получение тегов: 0, 5
2026-03-26T18:28:45.640+04:00  INFO 14012 --- [http-nio-8080-exec-4] c.d.g.services.TagService                : Ответ: Page 1 of 68 containing com.diplome.game_recommendation.models.TagEntity instances
2026-03-26T18:28:46.051+04:00  INFO 14012 --- [http-nio-8080-exec-3] c.d.g.controllers.GameController         : Игры по тегу tagId=3
2026-03-26T18:28:46.051+04:00  INFO 14012 --- [http-nio-8080-exec-3] c.d.g.services.TagService                : Получение игр по тегу: 0, 5
2026-03-26T18:28:46.063+04:00  INFO 14012 --- [http-nio-8080-exec-3] c.d.g.services.TagService                : Ответ: Page 1 of 40 containing com.diplome.game_recommendation.models.GameEntity instances
2026-03-26T18:28:46.069+04:00  INFO 14012 --- [http-nio-8080-exec-1] c.d.g.controllers.GameController         : Игры по тегу tagId=44
2026-03-26T18:28:46.070+04:00  INFO 14012 --- [http-nio-8080-exec-1] c.d.g.services.TagService                : Получение игр по тегу: 0, 5
2026-03-26T18:28:46.071+04:00  INFO 14012 --- [http-nio-8080-exec-6] c.d.g.controllers.GameController         : Игры по тегу tagId=7
2026-03-26T18:28:46.072+04:00  INFO 14012 --- [http-nio-8080-exec-6] c.d.g.services.TagService                : Получение игр по тегу: 0, 5
2026-03-26T18:28:46.084+04:00  INFO 14012 --- [http-nio-8080-exec-1] c.d.g.services.TagService                : Ответ: Page 1 of 40 containing com.diplome.game_recommendation.models.GameEntity instances
2026-03-26T18:28:46.084+04:00  INFO 14012 --- [http-nio-8080-exec-6] c.d.g.services.TagService                : Ответ: Page 1 of 40 containing com.diplome.game_recommendation.models.GameEntity instances
2026-03-26T18:28:46.108+04:00  INFO 14012 --- [http-nio-8080-exec-7] c.d.g.controllers.GameController         : Игры по тегу tagId=9
2026-03-26T18:28:46.110+04:00  INFO 14012 --- [http-nio-8080-exec-7] c.d.g.services.TagService                : Получение игр по тегу: 0, 5
2026-03-26T18:28:46.111+04:00  INFO 14012 --- [http-nio-8080-exec-10] c.d.g.controllers.GameController         : Популярные игры
2026-03-26T18:28:46.113+04:00  INFO 14012 --- [http-nio-8080-exec-2] c.d.g.controllers.TagController          : Получение тегов
2026-03-26T18:28:46.111+04:00  INFO 14012 --- [http-nio-8080-exec-5] c.d.g.controllers.GameController         : Игры по тегу tagId=10
2026-03-26T18:28:46.115+04:00  INFO 14012 --- [http-nio-8080-exec-2] c.d.g.services.TagService                : Получение тегов: 0, 5
2026-03-26T18:28:46.115+04:00  INFO 14012 --- [http-nio-8080-exec-5] c.d.g.services.TagService                : Получение игр по тегу: 0, 5
2026-03-26T18:28:46.120+04:00  INFO 14012 --- [http-nio-8080-exec-2] c.d.g.services.TagService                : Ответ: Page 1 of 68 containing com.diplome.game_recommendation.models.TagEntity instances
2026-03-26T18:28:46.129+04:00  INFO 14012 --- [http-nio-8080-exec-7] c.d.g.services.TagService                : Ответ: Page 1 of 40 containing com.diplome.game_recommendation.models.GameEntity instances
2026-03-26T18:28:46.131+04:00  INFO 14012 --- [http-nio-8080-exec-5] c.d.g.services.TagService                : Ответ: Page 1 of 40 containing com.diplome.game_recommendation.models.GameEntity instances
2026-03-26T18:28:46.493+04:00  INFO 14012 --- [http-nio-8080-exec-8] c.d.g.controllers.GameController         : Игры по тегу tagId=3
2026-03-26T18:28:46.493+04:00  INFO 14012 --- [http-nio-8080-exec-8] c.d.g.services.TagService                : Получение игр по тегу: 0, 5
2026-03-26T18:28:46.507+04:00  INFO 14012 --- [http-nio-8080-exec-8] c.d.g.services.TagService                : Ответ: Page 1 of 40 containing com.diplome.game_recommendation.models.GameEntity instances
2026-03-26T18:28:46.510+04:00  INFO 14012 --- [http-nio-8080-exec-4] c.d.g.controllers.GameController         : Игры по тегу tagId=44
2026-03-26T18:28:46.511+04:00  INFO 14012 --- [http-nio-8080-exec-4] c.d.g.services.TagService                : Получение игр по тегу: 0, 5
2026-03-26T18:28:46.512+04:00  INFO 14012 --- [http-nio-8080-exec-9] c.d.g.controllers.GameController         : Игры по тегу tagId=7
2026-03-26T18:28:46.513+04:00  INFO 14012 --- [http-nio-8080-exec-9] c.d.g.services.TagService                : Получение игр по тегу: 0, 5
2026-03-26T18:28:46.522+04:00  INFO 14012 --- [http-nio-8080-exec-4] c.d.g.services.TagService                : Ответ: Page 1 of 40 containing com.diplome.game_recommendation.models.GameEntity instances
2026-03-26T18:28:46.526+04:00  INFO 14012 --- [http-nio-8080-exec-9] c.d.g.services.TagService                : Ответ: Page 1 of 40 containing com.diplome.game_recommendation.models.GameEntity instances
2026-03-26T18:28:46.898+04:00  INFO 14012 --- [http-nio-8080-exec-3] c.d.g.controllers.GameController         : Игры по тегу tagId=9
2026-03-26T18:28:46.899+04:00  INFO 14012 --- [http-nio-8080-exec-3] c.d.g.services.TagService                : Получение игр по тегу: 0, 5
2026-03-26T18:28:46.902+04:00  INFO 14012 --- [http-nio-8080-exec-1] c.d.g.controllers.GameController         : Игры по тегу tagId=10
2026-03-26T18:28:46.903+04:00  INFO 14012 --- [http-nio-8080-exec-1] c.d.g.services.TagService                : Получение игр по тегу: 0, 5
2026-03-26T18:28:46.915+04:00  INFO 14012 --- [http-nio-8080-exec-6] c.d.g.controllers.GameController         : Популярные игры
2026-03-26T18:28:46.917+04:00  INFO 14012 --- [http-nio-8080-exec-2] c.d.g.controllers.TagController          : Получение тегов
2026-03-26T18:28:46.922+04:00  INFO 14012 --- [http-nio-8080-exec-3] c.d.g.services.TagService                : Ответ: Page 1 of 40 containing com.diplome.game_recommendation.models.GameEntity instances
2026-03-26T18:28:46.925+04:00  INFO 14012 --- [http-nio-8080-exec-1] c.d.g.services.TagService                : Ответ: Page 1 of 40 containing com.diplome.game_recommendation.models.GameEntity instances
2026-03-26T18:28:46.926+04:00  INFO 14012 --- [http-nio-8080-exec-2] c.d.g.services.TagService                : Получение тегов: 0, 5
2026-03-26T18:28:46.966+04:00  INFO 14012 --- [http-nio-8080-exec-2] c.d.g.services.TagService                : Ответ: Page 1 of 68 containing com.diplome.game_recommendation.models.TagEntity instances
2026-03-26T18:28:47.199+04:00  INFO 14012 --- [http-nio-8080-exec-7] c.d.g.controllers.GameController         : Игры по тегу tagId=3
2026-03-26T18:28:47.220+04:00  INFO 14012 --- [http-nio-8080-exec-7] c.d.g.services.TagService                : Получение игр по тегу: 0, 5
2026-03-26T18:28:47.206+04:00  INFO 14012 --- [http-nio-8080-exec-5] c.d.g.controllers.GameController         : Игры по тегу tagId=44
2026-03-26T18:28:47.210+04:00  INFO 14012 --- [http-nio-8080-exec-10] c.d.g.controllers.GameController         : Игры по тегу tagId=7
2026-03-26T18:28:47.219+04:00  INFO 14012 --- [http-nio-8080-exec-8] c.d.g.controllers.GameController         : Игры по тегу tagId=9
2026-03-26T18:28:47.221+04:00  INFO 14012 --- [http-nio-8080-exec-4] c.d.g.controllers.GameController         : Игры по тегу tagId=10
2026-03-26T18:28:47.243+04:00  INFO 14012 --- [http-nio-8080-exec-9] c.d.g.controllers.GameController         : Популярные игры
2026-03-26T18:28:47.251+04:00  INFO 14012 --- [http-nio-8080-exec-5] c.d.g.services.TagService                : Получение игр по тегу: 0, 5
2026-03-26T18:28:47.253+04:00  INFO 14012 --- [http-nio-8080-exec-10] c.d.g.services.TagService                : Получение игр по тегу: 0, 5
2026-03-26T18:28:47.255+04:00  INFO 14012 --- [http-nio-8080-exec-8] c.d.g.services.TagService                : Получение игр по тегу: 0, 5
2026-03-26T18:28:47.255+04:00  INFO 14012 --- [http-nio-8080-exec-7] c.d.g.services.TagService                : Ответ: Page 1 of 40 containing com.diplome.game_recommendation.models.GameEntity instances
2026-03-26T18:28:47.259+04:00  INFO 14012 --- [http-nio-8080-exec-4] c.d.g.services.TagService                : Получение игр по тегу: 0, 5
2026-03-26T18:28:47.330+04:00  INFO 14012 --- [http-nio-8080-exec-10] c.d.g.services.TagService                : Ответ: Page 1 of 40 containing com.diplome.game_recommendation.models.GameEntity instances
2026-03-26T18:28:47.348+04:00  INFO 14012 --- [http-nio-8080-exec-5] c.d.g.services.TagService                : Ответ: Page 1 of 40 containing com.diplome.game_recommendation.models.GameEntity instances
2026-03-26T18:28:47.364+04:00  INFO 14012 --- [http-nio-8080-exec-3] c.d.g.controllers.TagController          : Получение тегов
2026-03-26T18:28:47.396+04:00  INFO 14012 --- [http-nio-8080-exec-8] c.d.g.services.TagService                : Ответ: Page 1 of 40 containing com.diplome.game_recommendation.models.GameEntity instances
2026-03-26T18:28:47.412+04:00  INFO 14012 --- [http-nio-8080-exec-3] c.d.g.services.TagService                : Получение тегов: 0, 5
2026-03-26T18:28:47.421+04:00  INFO 14012 --- [http-nio-8080-exec-4] c.d.g.services.TagService                : Ответ: Page 1 of 40 containing com.diplome.game_recommendation.models.GameEntity instances
2026-03-26T18:28:47.435+04:00  INFO 14012 --- [http-nio-8080-exec-3] c.d.g.services.TagService                : Ответ: Page 1 of 68 containing com.diplome.game_recommendation.models.TagEntity instances
2026-03-26T18:28:47.875+04:00  INFO 14012 --- [http-nio-8080-exec-1] c.d.g.controllers.GameController         : Игры по тегу tagId=3
2026-03-26T18:28:47.876+04:00  INFO 14012 --- [http-nio-8080-exec-1] c.d.g.services.TagService                : Получение игр по тегу: 0, 5
2026-03-26T18:28:47.877+04:00  INFO 14012 --- [http-nio-8080-exec-2] c.d.g.controllers.GameController         : Игры по тегу tagId=44
2026-03-26T18:28:47.878+04:00  INFO 14012 --- [http-nio-8080-exec-2] c.d.g.services.TagService                : Получение игр по тегу: 0, 5
2026-03-26T18:28:47.879+04:00  INFO 14012 --- [http-nio-8080-exec-6] c.d.g.controllers.GameController         : Игры по тегу tagId=7
2026-03-26T18:28:47.881+04:00  INFO 14012 --- [http-nio-8080-exec-6] c.d.g.services.TagService                : Получение игр по тегу: 0, 5
2026-03-26T18:28:47.894+04:00  INFO 14012 --- [http-nio-8080-exec-7] c.d.g.controllers.GameController         : Игры по тегу tagId=10
2026-03-26T18:28:47.886+04:00  INFO 14012 --- [http-nio-8080-exec-9] c.d.g.controllers.GameController         : Игры по тегу tagId=9
2026-03-26T18:28:47.895+04:00  INFO 14012 --- [http-nio-8080-exec-1] c.d.g.services.TagService                : Ответ: Page 1 of 40 containing com.diplome.game_recommendation.models.GameEntity instances
2026-03-26T18:28:47.908+04:00  INFO 14012 --- [http-nio-8080-exec-2] c.d.g.services.TagService                : Ответ: Page 1 of 40 containing com.diplome.game_recommendation.models.GameEntity instances
2026-03-26T18:28:47.911+04:00  INFO 14012 --- [http-nio-8080-exec-7] c.d.g.services.TagService                : Получение игр по тегу: 0, 5
2026-03-26T18:28:47.912+04:00  INFO 14012 --- [http-nio-8080-exec-9] c.d.g.services.TagService                : Получение игр по тегу: 0, 5
2026-03-26T18:28:47.927+04:00  INFO 14012 --- [http-nio-8080-exec-6] c.d.g.services.TagService                : Ответ: Page 1 of 40 containing com.diplome.game_recommendation.models.GameEntity instances
2026-03-26T18:28:47.942+04:00  INFO 14012 --- [http-nio-8080-exec-6] c.d.g.controllers.GameController         : Популярные игры
2026-03-26T18:28:47.946+04:00  INFO 14012 --- [http-nio-8080-exec-7] c.d.g.services.TagService                : Ответ: Page 1 of 40 containing com.diplome.game_recommendation.models.GameEntity instances
2026-03-26T18:28:47.948+04:00  INFO 14012 --- [http-nio-8080-exec-5] c.d.g.controllers.TagController          : Получение тегов
2026-03-26T18:28:47.980+04:00  INFO 14012 --- [http-nio-8080-exec-5] c.d.g.services.TagService                : Получение тегов: 0, 5
2026-03-26T18:28:47.983+04:00  INFO 14012 --- [http-nio-8080-exec-9] c.d.g.services.TagService                : Ответ: Page 1 of 40 containing com.diplome.game_recommendation.models.GameEntity instances
2026-03-26T18:28:47.998+04:00  INFO 14012 --- [http-nio-8080-exec-5] c.d.g.services.TagService                : Ответ: Page 1 of 68 containing com.diplome.game_recommendation.models.TagEntity instances
2026-03-26T18:28:48.570+04:00  INFO 14012 --- [http-nio-8080-exec-8] c.d.g.controllers.GameController         : Игры по тегу tagId=3
2026-03-26T18:28:48.572+04:00  INFO 14012 --- [http-nio-8080-exec-8] c.d.g.services.TagService                : Получение игр по тегу: 0, 5
2026-03-26T18:28:48.573+04:00  INFO 14012 --- [http-nio-8080-exec-4] c.d.g.controllers.GameController         : Игры по тегу tagId=44
2026-03-26T18:28:48.576+04:00  INFO 14012 --- [http-nio-8080-exec-4] c.d.g.services.TagService                : Получение игр по тегу: 0, 5
2026-03-26T18:28:48.578+04:00  INFO 14012 --- [http-nio-8080-exec-3] c.d.g.controllers.GameController         : Игры по тегу tagId=7
2026-03-26T18:28:48.581+04:00  INFO 14012 --- [http-nio-8080-exec-1] c.d.g.controllers.GameController         : Игры по тегу tagId=9
2026-03-26T18:28:48.581+04:00  INFO 14012 --- [http-nio-8080-exec-2] c.d.g.controllers.GameController         : Игры по тегу tagId=10
2026-03-26T18:28:48.583+04:00  INFO 14012 --- [http-nio-8080-exec-3] c.d.g.services.TagService                : Получение игр по тегу: 0, 5
2026-03-26T18:28:48.589+04:00  INFO 14012 --- [http-nio-8080-exec-1] c.d.g.services.TagService                : Получение игр по тегу: 0, 5
2026-03-26T18:28:48.590+04:00  INFO 14012 --- [http-nio-8080-exec-2] c.d.g.services.TagService                : Получение игр по тегу: 0, 5
2026-03-26T18:28:48.599+04:00  INFO 14012 --- [http-nio-8080-exec-8] c.d.g.services.TagService                : Ответ: Page 1 of 40 containing com.diplome.game_recommendation.models.GameEntity instances
2026-03-26T18:28:48.604+04:00  INFO 14012 --- [http-nio-8080-exec-4] c.d.g.services.TagService                : Ответ: Page 1 of 40 containing com.diplome.game_recommendation.models.GameEntity instances
2026-03-26T18:28:48.614+04:00  INFO 14012 --- [http-nio-8080-exec-3] c.d.g.services.TagService                : Ответ: Page 1 of 40 containing com.diplome.game_recommendation.models.GameEntity instances
2026-03-26T18:28:48.618+04:00  INFO 14012 --- [http-nio-8080-exec-10] c.d.g.controllers.GameController         : Популярные игры
2026-03-26T18:28:48.621+04:00  INFO 14012 --- [http-nio-8080-exec-1] c.d.g.services.TagService                : Ответ: Page 1 of 40 containing com.diplome.game_recommendation.models.GameEntity instances
2026-03-26T18:28:48.622+04:00  INFO 14012 --- [http-nio-8080-exec-7] c.d.g.controllers.TagController          : Получение тегов
2026-03-26T18:28:48.625+04:00  INFO 14012 --- [http-nio-8080-exec-2] c.d.g.services.TagService                : Ответ: Page 1 of 40 containing com.diplome.game_recommendation.models.GameEntity instances
2026-03-26T18:28:48.632+04:00  INFO 14012 --- [http-nio-8080-exec-7] c.d.g.services.TagService                : Получение тегов: 0, 5
2026-03-26T18:28:48.651+04:00  INFO 14012 --- [http-nio-8080-exec-7] c.d.g.services.TagService                : Ответ: Page 1 of 68 containing com.diplome.game_recommendation.models.TagEntity instances
2026-03-26T18:28:50.139+04:00  INFO 14012 --- [http-nio-8080-exec-5] c.d.g.controllers.GameController         : Игры по тегу tagId=44
2026-03-26T18:28:50.139+04:00  INFO 14012 --- [http-nio-8080-exec-9] c.d.g.controllers.GameController         : Игры по тегу tagId=3
2026-03-26T18:28:50.141+04:00  INFO 14012 --- [http-nio-8080-exec-5] c.d.g.services.TagService                : Получение игр по тегу: 0, 5
2026-03-26T18:28:50.143+04:00  INFO 14012 --- [http-nio-8080-exec-8] c.d.g.controllers.GameController         : Игры по тегу tagId=7
2026-03-26T18:28:50.144+04:00  INFO 14012 --- [http-nio-8080-exec-6] c.d.g.controllers.GameController         : Игры по тегу tagId=9
2026-03-26T18:28:50.240+04:00  INFO 14012 --- [http-nio-8080-exec-6] c.d.g.services.TagService                : Получение игр по тегу: 0, 5
2026-03-26T18:28:50.145+04:00  INFO 14012 --- [http-nio-8080-exec-9] c.d.g.services.TagService                : Получение игр по тегу: 0, 5
2026-03-26T18:28:50.147+04:00  INFO 14012 --- [http-nio-8080-exec-4] c.d.g.controllers.GameController         : Игры по тегу tagId=10
2026-03-26T18:28:50.148+04:00  INFO 14012 --- [http-nio-8080-exec-8] c.d.g.services.TagService                : Получение игр по тегу: 0, 5
2026-03-26T18:28:50.248+04:00  INFO 14012 --- [http-nio-8080-exec-4] c.d.g.services.TagService                : Получение игр по тегу: 0, 5
2026-03-26T18:28:50.257+04:00  INFO 14012 --- [http-nio-8080-exec-3] c.d.g.controllers.GameController         : Популярные игры
2026-03-26T18:28:50.262+04:00  INFO 14012 --- [http-nio-8080-exec-5] c.d.g.services.TagService                : Ответ: Page 1 of 40 containing com.diplome.game_recommendation.models.GameEntity instances
2026-03-26T18:28:50.266+04:00  INFO 14012 --- [http-nio-8080-exec-6] c.d.g.services.TagService                : Ответ: Page 1 of 40 containing com.diplome.game_recommendation.models.GameEntity instances
2026-03-26T18:28:50.280+04:00  INFO 14012 --- [http-nio-8080-exec-9] c.d.g.services.TagService                : Ответ: Page 1 of 40 containing com.diplome.game_recommendation.models.GameEntity instances
2026-03-26T18:28:50.278+04:00  INFO 14012 --- [http-nio-8080-exec-1] c.d.g.controllers.TagController          : Получение тегов
2026-03-26T18:28:50.290+04:00  INFO 14012 --- [http-nio-8080-exec-1] c.d.g.services.TagService                : Получение тегов: 0, 5
2026-03-26T18:28:50.294+04:00  INFO 14012 --- [http-nio-8080-exec-8] c.d.g.services.TagService                : Ответ: Page 1 of 40 containing com.diplome.game_recommendation.models.GameEntity instances
2026-03-26T18:28:50.297+04:00  INFO 14012 --- [http-nio-8080-exec-4] c.d.g.services.TagService                : Ответ: Page 1 of 40 containing com.diplome.game_recommendation.models.GameEntity instances
2026-03-26T18:28:50.298+04:00  INFO 14012 --- [http-nio-8080-exec-1] c.d.g.services.TagService                : Ответ: Page 1 of 68 containing com.diplome.game_recommendation.models.TagEntity instances
2026-03-26T18:28:50.990+04:00  INFO 14012 --- [http-nio-8080-exec-2] c.d.g.controllers.GameController         : Игры по тегу tagId=3
2026-03-26T18:28:50.991+04:00  INFO 14012 --- [http-nio-8080-exec-2] c.d.g.services.TagService                : Получение игр по тегу: 0, 5
2026-03-26T18:28:50.993+04:00  INFO 14012 --- [http-nio-8080-exec-7] c.d.g.controllers.GameController         : Игры по тегу tagId=44
2026-03-26T18:28:50.994+04:00  INFO 14012 --- [http-nio-8080-exec-7] c.d.g.services.TagService                : Получение игр по тегу: 0, 5
2026-03-26T18:28:50.995+04:00  INFO 14012 --- [http-nio-8080-exec-10] c.d.g.controllers.GameController         : Игры по тегу tagId=7
2026-03-26T18:28:50.997+04:00  INFO 14012 --- [http-nio-8080-exec-5] c.d.g.controllers.GameController         : Игры по тегу tagId=9
2026-03-26T18:28:50.997+04:00  INFO 14012 --- [http-nio-8080-exec-10] c.d.g.services.TagService                : Получение игр по тегу: 0, 5
2026-03-26T18:28:51.000+04:00  INFO 14012 --- [http-nio-8080-exec-6] c.d.g.controllers.GameController         : Игры по тегу tagId=10
2026-03-26T18:28:50.998+04:00  INFO 14012 --- [http-nio-8080-exec-5] c.d.g.services.TagService                : Получение игр по тегу: 0, 5
2026-03-26T18:28:51.001+04:00  INFO 14012 --- [http-nio-8080-exec-6] c.d.g.services.TagService                : Получение игр по тегу: 0, 5
2026-03-26T18:28:51.016+04:00  INFO 14012 --- [http-nio-8080-exec-2] c.d.g.services.TagService                : Ответ: Page 1 of 40 containing com.diplome.game_recommendation.models.GameEntity instances
2026-03-26T18:28:51.018+04:00  INFO 14012 --- [http-nio-8080-exec-7] c.d.g.services.TagService                : Ответ: Page 1 of 40 containing com.diplome.game_recommendation.models.GameEntity instances
2026-03-26T18:28:51.028+04:00  INFO 14012 --- [http-nio-8080-exec-10] c.d.g.services.TagService                : Ответ: Page 1 of 40 containing com.diplome.game_recommendation.models.GameEntity instances
2026-03-26T18:28:51.066+04:00  INFO 14012 --- [http-nio-8080-exec-5] c.d.g.services.TagService                : Ответ: Page 1 of 40 containing com.diplome.game_recommendation.models.GameEntity instances
2026-03-26T18:28:51.068+04:00  INFO 14012 --- [http-nio-8080-exec-6] c.d.g.services.TagService                : Ответ: Page 1 of 40 containing com.diplome.game_recommendation.models.GameEntity instances
2026-03-26T18:28:51.180+04:00  INFO 14012 --- [http-nio-8080-exec-8] c.d.g.controllers.TagController          : Получение тегов
2026-03-26T18:28:51.181+04:00  INFO 14012 --- [http-nio-8080-exec-9] c.d.g.controllers.GameController         : Популярные игры
2026-03-26T18:28:51.191+04:00  INFO 14012 --- [http-nio-8080-exec-8] c.d.g.services.TagService                : Получение тегов: 0, 5
2026-03-26T18:28:51.262+04:00  INFO 14012 --- [http-nio-8080-exec-8] c.d.g.services.TagService                : Ответ: Page 1 of 68 containing com.diplome.game_recommendation.models.TagEntity instances
2026-03-26T18:28:52.197+04:00  INFO 14012 --- [http-nio-8080-exec-4] c.d.g.controllers.GameController         : Игры по тегу tagId=3
2026-03-26T18:28:52.197+04:00  INFO 14012 --- [http-nio-8080-exec-4] c.d.g.services.TagService                : Получение игр по тегу: 0, 5
2026-03-26T18:28:52.200+04:00  INFO 14012 --- [http-nio-8080-exec-1] c.d.g.controllers.GameController         : Игры по тегу tagId=44
2026-03-26T18:28:52.202+04:00  INFO 14012 --- [http-nio-8080-exec-1] c.d.g.services.TagService                : Получение игр по тегу: 0, 5
2026-03-26T18:28:52.205+04:00  INFO 14012 --- [http-nio-8080-exec-2] c.d.g.controllers.GameController         : Игры по тегу tagId=9
2026-03-26T18:28:52.202+04:00  INFO 14012 --- [http-nio-8080-exec-3] c.d.g.controllers.GameController         : Игры по тегу tagId=7
2026-03-26T18:28:52.205+04:00  INFO 14012 --- [http-nio-8080-exec-7] c.d.g.controllers.GameController         : Игры по тегу tagId=10
2026-03-26T18:28:52.213+04:00  INFO 14012 --- [http-nio-8080-exec-7] c.d.g.services.TagService                : Получение игр по тегу: 0, 5
2026-03-26T18:28:52.206+04:00  INFO 14012 --- [http-nio-8080-exec-2] c.d.g.services.TagService                : Получение игр по тегу: 0, 5
2026-03-26T18:28:52.212+04:00  INFO 14012 --- [http-nio-8080-exec-3] c.d.g.services.TagService                : Получение игр по тегу: 0, 5
2026-03-26T18:28:52.215+04:00  INFO 14012 --- [http-nio-8080-exec-4] c.d.g.services.TagService                : Ответ: Page 1 of 40 containing com.diplome.game_recommendation.models.GameEntity instances
2026-03-26T18:28:52.223+04:00  INFO 14012 --- [http-nio-8080-exec-1] c.d.g.services.TagService                : Ответ: Page 1 of 40 containing com.diplome.game_recommendation.models.GameEntity instances
2026-03-26T18:28:52.233+04:00  INFO 14012 --- [http-nio-8080-exec-7] c.d.g.services.TagService                : Ответ: Page 1 of 40 containing com.diplome.game_recommendation.models.GameEntity instances
2026-03-26T18:28:52.235+04:00  INFO 14012 --- [http-nio-8080-exec-2] c.d.g.services.TagService                : Ответ: Page 1 of 40 containing com.diplome.game_recommendation.models.GameEntity instances
2026-03-26T18:28:52.250+04:00  INFO 14012 --- [http-nio-8080-exec-3] c.d.g.services.TagService                : Ответ: Page 1 of 40 containing com.diplome.game_recommendation.models.GameEntity instances
2026-03-26T18:28:52.259+04:00  INFO 14012 --- [http-nio-8080-exec-10] c.d.g.controllers.GameController         : Популярные игры
2026-03-26T18:28:52.261+04:00  INFO 14012 --- [http-nio-8080-exec-5] c.d.g.controllers.TagController          : Получение тегов
2026-03-26T18:28:52.262+04:00  INFO 14012 --- [http-nio-8080-exec-5] c.d.g.services.TagService                : Получение тегов: 0, 5
2026-03-26T18:28:52.268+04:00  INFO 14012 --- [http-nio-8080-exec-5] c.d.g.services.TagService                : Ответ: Page 1 of 68 containing com.diplome.game_recommendation.models.TagEntity instances
2026-03-26T18:28:53.630+04:00  INFO 14012 --- [http-nio-8080-exec-6] c.d.g.controllers.GameController         : Игры по тегу tagId=3
2026-03-26T18:28:53.631+04:00  INFO 14012 --- [http-nio-8080-exec-6] c.d.g.services.TagService                : Получение игр по тегу: 0, 5
2026-03-26T18:28:53.640+04:00  INFO 14012 --- [http-nio-8080-exec-8] c.d.g.controllers.GameController         : Игры по тегу tagId=44
2026-03-26T18:28:53.644+04:00  INFO 14012 --- [http-nio-8080-exec-8] c.d.g.services.TagService                : Получение игр по тегу: 0, 5
2026-03-26T18:28:53.652+04:00  INFO 14012 --- [http-nio-8080-exec-6] c.d.g.services.TagService                : Ответ: Page 1 of 40 containing com.diplome.game_recommendation.models.GameEntity instances
2026-03-26T18:28:53.655+04:00  INFO 14012 --- [http-nio-8080-exec-9] c.d.g.controllers.GameController         : Игры по тегу tagId=7
2026-03-26T18:28:53.659+04:00  INFO 14012 --- [http-nio-8080-exec-9] c.d.g.services.TagService                : Получение игр по тегу: 0, 5
2026-03-26T18:28:53.672+04:00  INFO 14012 --- [http-nio-8080-exec-8] c.d.g.services.TagService                : Ответ: Page 1 of 40 containing com.diplome.game_recommendation.models.GameEntity instances
2026-03-26T18:28:53.687+04:00  INFO 14012 --- [http-nio-8080-exec-9] c.d.g.services.TagService                : Ответ: Page 1 of 40 containing com.diplome.game_recommendation.models.GameEntity instances
2026-03-26T18:28:53.689+04:00  INFO 14012 --- [http-nio-8080-exec-4] c.d.g.controllers.GameController         : Игры по тегу tagId=9
2026-03-26T18:28:53.692+04:00  INFO 14012 --- [http-nio-8080-exec-4] c.d.g.services.TagService                : Получение игр по тегу: 0, 5
2026-03-26T18:28:53.692+04:00  INFO 14012 --- [http-nio-8080-exec-1] c.d.g.controllers.GameController         : Игры по тегу tagId=10
2026-03-26T18:28:53.696+04:00  INFO 14012 --- [http-nio-8080-exec-1] c.d.g.services.TagService                : Получение игр по тегу: 0, 5
2026-03-26T18:28:53.720+04:00  INFO 14012 --- [http-nio-8080-exec-4] c.d.g.services.TagService                : Ответ: Page 1 of 40 containing com.diplome.game_recommendation.models.GameEntity instances
2026-03-26T18:28:53.770+04:00  INFO 14012 --- [http-nio-8080-exec-1] c.d.g.services.TagService                : Ответ: Page 1 of 40 containing com.diplome.game_recommendation.models.GameEntity instances
2026-03-26T18:28:53.890+04:00  INFO 14012 --- [http-nio-8080-exec-7] c.d.g.controllers.GameController         : Популярные игры
2026-03-26T18:28:53.894+04:00  INFO 14012 --- [http-nio-8080-exec-2] c.d.g.controllers.TagController          : Получение тегов
2026-03-26T18:28:53.895+04:00  INFO 14012 --- [http-nio-8080-exec-2] c.d.g.services.TagService                : Получение тегов: 0, 5
2026-03-26T18:28:53.909+04:00  INFO 14012 --- [http-nio-8080-exec-2] c.d.g.services.TagService                : Ответ: Page 1 of 68 containing com.diplome.game_recommendation.models.TagEntity instances
2026-03-26T18:28:54.687+04:00  INFO 14012 --- [http-nio-8080-exec-3] c.d.g.controllers.GameController         : Игры по тегу tagId=3
2026-03-26T18:28:54.687+04:00  INFO 14012 --- [http-nio-8080-exec-5] c.d.g.controllers.GameController         : Игры по тегу tagId=44
2026-03-26T18:28:54.688+04:00  INFO 14012 --- [http-nio-8080-exec-3] c.d.g.services.TagService                : Получение игр по тегу: 0, 5
2026-03-26T18:28:54.689+04:00  INFO 14012 --- [http-nio-8080-exec-5] c.d.g.services.TagService                : Получение игр по тегу: 0, 5
2026-03-26T18:28:54.689+04:00  INFO 14012 --- [http-nio-8080-exec-10] c.d.g.controllers.GameController         : Игры по тегу tagId=7
2026-03-26T18:28:54.691+04:00  INFO 14012 --- [http-nio-8080-exec-6] c.d.g.controllers.GameController         : Игры по тегу tagId=9
2026-03-26T18:28:54.694+04:00  INFO 14012 --- [http-nio-8080-exec-10] c.d.g.services.TagService                : Получение игр по тегу: 0, 5
2026-03-26T18:28:54.695+04:00  INFO 14012 --- [http-nio-8080-exec-8] c.d.g.controllers.GameController         : Игры по тегу tagId=10
2026-03-26T18:28:54.696+04:00  INFO 14012 --- [http-nio-8080-exec-6] c.d.g.services.TagService                : Получение игр по тегу: 0, 5
2026-03-26T18:28:54.698+04:00  INFO 14012 --- [http-nio-8080-exec-9] c.d.g.controllers.GameController         : Популярные игры
2026-03-26T18:28:54.699+04:00  INFO 14012 --- [http-nio-8080-exec-8] c.d.g.services.TagService                : Получение игр по тегу: 0, 5
2026-03-26T18:28:54.709+04:00  INFO 14012 --- [http-nio-8080-exec-3] c.d.g.services.TagService                : Ответ: Page 1 of 40 containing com.diplome.game_recommendation.models.GameEntity instances
2026-03-26T18:28:54.713+04:00  INFO 14012 --- [http-nio-8080-exec-5] c.d.g.services.TagService                : Ответ: Page 1 of 40 containing com.diplome.game_recommendation.models.GameEntity instances
2026-03-26T18:28:54.718+04:00  INFO 14012 --- [http-nio-8080-exec-10] c.d.g.services.TagService                : Ответ: Page 1 of 40 containing com.diplome.game_recommendation.models.GameEntity instances
2026-03-26T18:28:54.720+04:00  INFO 14012 --- [http-nio-8080-exec-5] c.d.g.controllers.TagController          : Получение тегов
2026-03-26T18:28:54.722+04:00  INFO 14012 --- [http-nio-8080-exec-6] c.d.g.services.TagService                : Ответ: Page 1 of 40 containing com.diplome.game_recommendation.models.GameEntity instances
2026-03-26T18:28:54.723+04:00  INFO 14012 --- [http-nio-8080-exec-5] c.d.g.services.TagService                : Получение тегов: 0, 5
2026-03-26T18:28:54.730+04:00  INFO 14012 --- [http-nio-8080-exec-5] c.d.g.services.TagService                : Ответ: Page 1 of 68 containing com.diplome.game_recommendation.models.TagEntity instances
2026-03-26T18:28:54.737+04:00  INFO 14012 --- [http-nio-8080-exec-8] c.d.g.services.TagService                : Ответ: Page 1 of 40 containing com.diplome.game_recommendation.models.GameEntity instances
2026-03-26T18:28:55.539+04:00  INFO 14012 --- [http-nio-8080-exec-1] c.d.g.controllers.GameController         : Популярные игры
2026-03-26T18:28:55.539+04:00  INFO 14012 --- [http-nio-8080-exec-2] c.d.g.controllers.TagController          : Получение тегов
2026-03-26T18:28:55.540+04:00  INFO 14012 --- [http-nio-8080-exec-2] c.d.g.services.TagService                : Получение тегов: 0, 5
2026-03-26T18:28:55.543+04:00  INFO 14012 --- [http-nio-8080-exec-2] c.d.g.services.TagService                : Ответ: Page 1 of 68 containing com.diplome.game_recommendation.models.TagEntity instances
2026-03-26T18:28:56.151+04:00  INFO 14012 --- [http-nio-8080-exec-7] c.d.g.controllers.GameController         : Популярные игры
2026-03-26T18:28:56.152+04:00  INFO 14012 --- [http-nio-8080-exec-3] c.d.g.controllers.TagController          : Получение тегов
2026-03-26T18:28:56.153+04:00  INFO 14012 --- [http-nio-8080-exec-3] c.d.g.services.TagService                : Получение тегов: 0, 5
2026-03-26T18:28:56.156+04:00  INFO 14012 --- [http-nio-8080-exec-3] c.d.g.services.TagService                : Ответ: Page 1 of 68 containing com.diplome.game_recommendation.models.TagEntity instances
2026-03-26T18:28:56.338+04:00  INFO 14012 --- [http-nio-8080-exec-4] c.d.g.controllers.GameController         : Игры по тегу tagId=3
2026-03-26T18:28:56.339+04:00  INFO 14012 --- [http-nio-8080-exec-4] c.d.g.services.TagService                : Получение игр по тегу: 0, 5
2026-03-26T18:28:56.340+04:00  INFO 14012 --- [http-nio-8080-exec-10] c.d.g.controllers.GameController         : Игры по тегу tagId=44
2026-03-26T18:28:56.341+04:00  INFO 14012 --- [http-nio-8080-exec-10] c.d.g.services.TagService                : Получение игр по тегу: 0, 5
2026-03-26T18:28:56.342+04:00  INFO 14012 --- [http-nio-8080-exec-6] c.d.g.controllers.GameController         : Игры по тегу tagId=7
2026-03-26T18:28:56.348+04:00  INFO 14012 --- [http-nio-8080-exec-6] c.d.g.services.TagService                : Получение игр по тегу: 0, 5
2026-03-26T18:28:56.345+04:00  INFO 14012 --- [http-nio-8080-exec-5] c.d.g.controllers.GameController         : Игры по тегу tagId=9
2026-03-26T18:28:56.346+04:00  INFO 14012 --- [http-nio-8080-exec-8] c.d.g.controllers.GameController         : Игры по тегу tagId=10
2026-03-26T18:28:56.357+04:00  INFO 14012 --- [http-nio-8080-exec-8] c.d.g.services.TagService                : Получение игр по тегу: 0, 5
2026-03-26T18:28:56.358+04:00  INFO 14012 --- [http-nio-8080-exec-4] c.d.g.services.TagService                : Ответ: Page 1 of 40 containing com.diplome.game_recommendation.models.GameEntity instances
2026-03-26T18:28:56.356+04:00  INFO 14012 --- [http-nio-8080-exec-5] c.d.g.services.TagService                : Получение игр по тегу: 0, 5
2026-03-26T18:28:56.365+04:00  INFO 14012 --- [http-nio-8080-exec-10] c.d.g.services.TagService                : Ответ: Page 1 of 40 containing com.diplome.game_recommendation.models.GameEntity instances
2026-03-26T18:28:56.369+04:00  INFO 14012 --- [http-nio-8080-exec-6] c.d.g.services.TagService                : Ответ: Page 1 of 40 containing com.diplome.game_recommendation.models.GameEntity instances
2026-03-26T18:28:56.375+04:00  INFO 14012 --- [http-nio-8080-exec-8] c.d.g.services.TagService                : Ответ: Page 1 of 40 containing com.diplome.game_recommendation.models.GameEntity instances
2026-03-26T18:28:56.382+04:00  INFO 14012 --- [http-nio-8080-exec-5] c.d.g.services.TagService                : Ответ: Page 1 of 40 containing com.diplome.game_recommendation.models.GameEntity instances
2026-03-26T18:28:56.406+04:00  INFO 14012 --- [http-nio-8080-exec-2] c.d.g.controllers.GameController         : Игры по тегу tagId=44
2026-03-26T18:28:56.408+04:00  INFO 14012 --- [http-nio-8080-exec-9] c.d.g.controllers.GameController         : Игры по тегу tagId=3
2026-03-26T18:28:56.409+04:00  INFO 14012 --- [http-nio-8080-exec-1] c.d.g.controllers.GameController         : Игры по тегу tagId=7
2026-03-26T18:28:56.410+04:00  INFO 14012 --- [http-nio-8080-exec-3] c.d.g.controllers.GameController         : Игры по тегу tagId=9
2026-03-26T18:28:56.411+04:00  INFO 14012 --- [http-nio-8080-exec-7] c.d.g.controllers.GameController         : Игры по тегу tagId=10
2026-03-26T18:28:56.411+04:00  INFO 14012 --- [http-nio-8080-exec-2] c.d.g.services.TagService                : Получение игр по тегу: 0, 5
2026-03-26T18:28:56.412+04:00  INFO 14012 --- [http-nio-8080-exec-9] c.d.g.services.TagService                : Получение игр по тегу: 0, 5
2026-03-26T18:28:56.412+04:00  INFO 14012 --- [http-nio-8080-exec-1] c.d.g.services.TagService                : Получение игр по тегу: 0, 5
2026-03-26T18:28:56.413+04:00  INFO 14012 --- [http-nio-8080-exec-3] c.d.g.services.TagService                : Получение игр по тегу: 0, 5
2026-03-26T18:28:56.413+04:00  INFO 14012 --- [http-nio-8080-exec-7] c.d.g.services.TagService                : Получение игр по тегу: 0, 5
2026-03-26T18:28:56.435+04:00  INFO 14012 --- [http-nio-8080-exec-2] c.d.g.services.TagService                : Ответ: Page 1 of 40 containing com.diplome.game_recommendation.models.GameEntity instances
2026-03-26T18:28:56.439+04:00  INFO 14012 --- [http-nio-8080-exec-1] c.d.g.services.TagService                : Ответ: Page 1 of 40 containing com.diplome.game_recommendation.models.GameEntity instances
2026-03-26T18:28:56.441+04:00  INFO 14012 --- [http-nio-8080-exec-9] c.d.g.services.TagService                : Ответ: Page 1 of 40 containing com.diplome.game_recommendation.models.GameEntity instances
2026-03-26T18:28:56.455+04:00  INFO 14012 --- [http-nio-8080-exec-3] c.d.g.services.TagService                : Ответ: Page 1 of 40 containing com.diplome.game_recommendation.models.GameEntity instances
2026-03-26T18:28:56.467+04:00  INFO 14012 --- [http-nio-8080-exec-7] c.d.g.services.TagService                : Ответ: Page 1 of 40 containing com.diplome.game_recommendation.models.GameEntity instances
2026-03-26T18:28:57.722+04:00  INFO 14012 --- [http-nio-8080-exec-10] c.d.g.controllers.TagController          : Получение тегов
2026-03-26T18:28:57.722+04:00  INFO 14012 --- [http-nio-8080-exec-4] c.d.g.controllers.GameController         : Популярные игры
2026-03-26T18:28:57.723+04:00  INFO 14012 --- [http-nio-8080-exec-10] c.d.g.services.TagService                : Получение тегов: 0, 5
2026-03-26T18:28:57.727+04:00  INFO 14012 --- [http-nio-8080-exec-10] c.d.g.services.TagService                : Ответ: Page 1 of 68 containing com.diplome.game_recommendation.models.TagEntity instances
2026-03-26T18:28:57.787+04:00  INFO 14012 --- [http-nio-8080-exec-6] c.d.g.controllers.GameController         : Игры по тегу tagId=3
2026-03-26T18:28:57.788+04:00  INFO 14012 --- [http-nio-8080-exec-6] c.d.g.services.TagService                : Получение игр по тегу: 0, 5
2026-03-26T18:28:57.790+04:00  INFO 14012 --- [http-nio-8080-exec-8] c.d.g.controllers.GameController         : Игры по тегу tagId=44
2026-03-26T18:28:57.791+04:00  INFO 14012 --- [http-nio-8080-exec-8] c.d.g.services.TagService                : Получение игр по тегу: 0, 5
2026-03-26T18:28:57.791+04:00  INFO 14012 --- [http-nio-8080-exec-5] c.d.g.controllers.GameController         : Игры по тегу tagId=7
2026-03-26T18:28:57.792+04:00  INFO 14012 --- [http-nio-8080-exec-2] c.d.g.controllers.GameController         : Игры по тегу tagId=9
2026-03-26T18:28:57.793+04:00  INFO 14012 --- [http-nio-8080-exec-5] c.d.g.services.TagService                : Получение игр по тегу: 0, 5
2026-03-26T18:28:57.794+04:00  INFO 14012 --- [http-nio-8080-exec-1] c.d.g.controllers.GameController         : Игры по тегу tagId=10
2026-03-26T18:28:57.796+04:00  INFO 14012 --- [http-nio-8080-exec-2] c.d.g.services.TagService                : Получение игр по тегу: 0, 5
2026-03-26T18:28:57.797+04:00  INFO 14012 --- [http-nio-8080-exec-1] c.d.g.services.TagService                : Получение игр по тегу: 0, 5
2026-03-26T18:28:57.805+04:00  INFO 14012 --- [http-nio-8080-exec-6] c.d.g.services.TagService                : Ответ: Page 1 of 40 containing com.diplome.game_recommendation.models.GameEntity instances
2026-03-26T18:28:57.811+04:00  INFO 14012 --- [http-nio-8080-exec-8] c.d.g.services.TagService                : Ответ: Page 1 of 40 containing com.diplome.game_recommendation.models.GameEntity instances
2026-03-26T18:28:57.815+04:00  INFO 14012 --- [http-nio-8080-exec-5] c.d.g.services.TagService                : Ответ: Page 1 of 40 containing com.diplome.game_recommendation.models.GameEntity instances
2026-03-26T18:28:57.817+04:00  INFO 14012 --- [http-nio-8080-exec-1] c.d.g.services.TagService                : Ответ: Page 1 of 40 containing com.diplome.game_recommendation.models.GameEntity instances
2026-03-26T18:28:57.821+04:00  INFO 14012 --- [http-nio-8080-exec-2] c.d.g.services.TagService                : Ответ: Page 1 of 40 containing com.diplome.game_recommendation.models.GameEntity instances
2026-03-26T18:29:27.644+04:00  INFO 14012 --- [http-nio-8080-exec-9] c.d.g.controllers.GameController         : Популярные игры
2026-03-26T18:29:27.646+04:00  INFO 14012 --- [http-nio-8080-exec-3] c.d.g.controllers.TagController          : Получение тегов
2026-03-26T18:29:27.648+04:00  INFO 14012 --- [http-nio-8080-exec-3] c.d.g.services.TagService                : Получение тегов: 0, 5
2026-03-26T18:29:27.654+04:00  INFO 14012 --- [http-nio-8080-exec-3] c.d.g.services.TagService                : Ответ: Page 1 of 68 containing com.diplome.game_recommendation.models.TagEntity instances
2026-03-26T18:29:27.712+04:00  INFO 14012 --- [http-nio-8080-exec-7] c.d.g.controllers.GameController         : Игры по тегу tagId=3
2026-03-26T18:29:27.713+04:00  INFO 14012 --- [http-nio-8080-exec-10] c.d.g.controllers.GameController         : Игры по тегу tagId=44
2026-03-26T18:29:27.778+04:00  INFO 14012 --- [http-nio-8080-exec-10] c.d.g.services.TagService                : Получение игр по тегу: 0, 5
2026-03-26T18:29:27.730+04:00  INFO 14012 --- [http-nio-8080-exec-6] c.d.g.controllers.GameController         : Игры по тегу tagId=9
2026-03-26T18:29:27.733+04:00  INFO 14012 --- [http-nio-8080-exec-4] c.d.g.controllers.GameController         : Игры по тегу tagId=7
2026-03-26T18:29:27.735+04:00  INFO 14012 --- [http-nio-8080-exec-8] c.d.g.controllers.GameController         : Игры по тегу tagId=10
2026-03-26T18:29:27.776+04:00  INFO 14012 --- [http-nio-8080-exec-7] c.d.g.services.TagService                : Получение игр по тегу: 0, 5
2026-03-26T18:29:27.780+04:00  INFO 14012 --- [http-nio-8080-exec-6] c.d.g.services.TagService                : Получение игр по тегу: 0, 5
2026-03-26T18:29:27.784+04:00  INFO 14012 --- [http-nio-8080-exec-4] c.d.g.services.TagService                : Получение игр по тегу: 0, 5
2026-03-26T18:29:27.791+04:00  INFO 14012 --- [http-nio-8080-exec-8] c.d.g.services.TagService                : Получение игр по тегу: 0, 5
2026-03-26T18:29:27.798+04:00  INFO 14012 --- [http-nio-8080-exec-10] c.d.g.services.TagService                : Ответ: Page 1 of 40 containing com.diplome.game_recommendation.models.GameEntity instances
2026-03-26T18:29:27.812+04:00  INFO 14012 --- [http-nio-8080-exec-7] c.d.g.services.TagService                : Ответ: Page 1 of 40 containing com.diplome.game_recommendation.models.GameEntity instances
2026-03-26T18:29:27.826+04:00  INFO 14012 --- [http-nio-8080-exec-6] c.d.g.services.TagService                : Ответ: Page 1 of 40 containing com.diplome.game_recommendation.models.GameEntity instances
2026-03-26T18:29:27.843+04:00  INFO 14012 --- [http-nio-8080-exec-8] c.d.g.services.TagService                : Ответ: Page 1 of 40 containing com.diplome.game_recommendation.models.GameEntity instances
2026-03-26T18:29:27.844+04:00  INFO 14012 --- [http-nio-8080-exec-4] c.d.g.services.TagService                : Ответ: Page 1 of 40 containing com.diplome.game_recommendation.models.GameEntity instances
2026-03-26T18:30:08.790+04:00  INFO 14012 --- [http-nio-8080-exec-5] c.d.g.controllers.GameController         : Популярные игры
2026-03-26T18:30:08.793+04:00  INFO 14012 --- [http-nio-8080-exec-1] c.d.g.controllers.TagController          : Получение тегов
2026-03-26T18:30:08.794+04:00  INFO 14012 --- [http-nio-8080-exec-1] c.d.g.services.TagService                : Получение тегов: 0, 5
2026-03-26T18:30:08.842+04:00  INFO 14012 --- [http-nio-8080-exec-1] c.d.g.services.TagService                : Ответ: Page 1 of 68 containing com.diplome.game_recommendation.models.TagEntity instances
2026-03-26T18:30:08.873+04:00  INFO 14012 --- [http-nio-8080-exec-2] c.d.g.controllers.GameController         : Игры по тегу tagId=3
2026-03-26T18:30:08.874+04:00  INFO 14012 --- [http-nio-8080-exec-2] c.d.g.services.TagService                : Получение игр по тегу: 0, 5
2026-03-26T18:30:08.878+04:00  INFO 14012 --- [http-nio-8080-exec-3] c.d.g.controllers.GameController         : Игры по тегу tagId=44
2026-03-26T18:30:08.879+04:00  INFO 14012 --- [http-nio-8080-exec-3] c.d.g.services.TagService                : Получение игр по тегу: 0, 5
2026-03-26T18:30:08.880+04:00  INFO 14012 --- [http-nio-8080-exec-9] c.d.g.controllers.GameController         : Игры по тегу tagId=7
2026-03-26T18:30:08.880+04:00  INFO 14012 --- [http-nio-8080-exec-10] c.d.g.controllers.GameController         : Игры по тегу tagId=9
2026-03-26T18:30:08.880+04:00  INFO 14012 --- [http-nio-8080-exec-7] c.d.g.controllers.GameController         : Игры по тегу tagId=10
2026-03-26T18:30:08.887+04:00  INFO 14012 --- [http-nio-8080-exec-9] c.d.g.services.TagService                : Получение игр по тегу: 0, 5
2026-03-26T18:30:08.887+04:00  INFO 14012 --- [http-nio-8080-exec-10] c.d.g.services.TagService                : Получение игр по тегу: 0, 5
2026-03-26T18:30:08.889+04:00  INFO 14012 --- [http-nio-8080-exec-7] c.d.g.services.TagService                : Получение игр по тегу: 0, 5
2026-03-26T18:30:08.903+04:00  INFO 14012 --- [http-nio-8080-exec-2] c.d.g.services.TagService                : Ответ: Page 1 of 40 containing com.diplome.game_recommendation.models.GameEntity instances
2026-03-26T18:30:08.905+04:00  INFO 14012 --- [http-nio-8080-exec-3] c.d.g.services.TagService                : Ответ: Page 1 of 40 containing com.diplome.game_recommendation.models.GameEntity instances
2026-03-26T18:30:08.917+04:00  INFO 14012 --- [http-nio-8080-exec-9] c.d.g.services.TagService                : Ответ: Page 1 of 40 containing com.diplome.game_recommendation.models.GameEntity instances
2026-03-26T18:30:08.918+04:00  INFO 14012 --- [http-nio-8080-exec-10] c.d.g.services.TagService                : Ответ: Page 1 of 40 containing com.diplome.game_recommendation.models.GameEntity instances
2026-03-26T18:30:08.923+04:00  INFO 14012 --- [http-nio-8080-exec-7] c.d.g.services.TagService                : Ответ: Page 1 of 40 containing com.diplome.game_recommendation.models.GameEntity instances
2026-03-26T18:30:11.804+04:00  INFO 14012 --- [http-nio-8080-exec-8] c.d.g.controllers.TagController          : Получение тегов
2026-03-26T18:30:11.804+04:00  INFO 14012 --- [http-nio-8080-exec-6] c.d.g.controllers.GameController         : Популярные игры
2026-03-26T18:30:11.806+04:00  INFO 14012 --- [http-nio-8080-exec-8] c.d.g.services.TagService                : Получение тегов: 0, 5
2026-03-26T18:30:11.811+04:00  INFO 14012 --- [http-nio-8080-exec-8] c.d.g.services.TagService                : Ответ: Page 1 of 68 containing com.diplome.game_recommendation.models.TagEntity instances
2026-03-26T18:30:11.822+04:00  INFO 14012 --- [http-nio-8080-exec-4] c.d.g.controllers.GameController         : Игры по тегу tagId=3
2026-03-26T18:30:11.834+04:00  INFO 14012 --- [http-nio-8080-exec-4] c.d.g.services.TagService                : Получение игр по тегу: 0, 5
2026-03-26T18:30:11.825+04:00  INFO 14012 --- [http-nio-8080-exec-1] c.d.g.controllers.GameController         : Игры по тегу tagId=44
2026-03-26T18:30:11.836+04:00  INFO 14012 --- [http-nio-8080-exec-1] c.d.g.services.TagService                : Получение игр по тегу: 0, 5
2026-03-26T18:30:11.831+04:00  INFO 14012 --- [http-nio-8080-exec-5] c.d.g.controllers.GameController         : Игры по тегу tagId=7
2026-03-26T18:30:11.833+04:00  INFO 14012 --- [http-nio-8080-exec-2] c.d.g.controllers.GameController         : Игры по тегу tagId=9
2026-03-26T18:30:11.834+04:00  INFO 14012 --- [http-nio-8080-exec-3] c.d.g.controllers.GameController         : Игры по тегу tagId=10
2026-03-26T18:30:11.841+04:00  INFO 14012 --- [http-nio-8080-exec-5] c.d.g.services.TagService                : Получение игр по тегу: 0, 5
2026-03-26T18:30:11.850+04:00  INFO 14012 --- [http-nio-8080-exec-2] c.d.g.services.TagService                : Получение игр по тегу: 0, 5
2026-03-26T18:30:11.852+04:00  INFO 14012 --- [http-nio-8080-exec-3] c.d.g.services.TagService                : Получение игр по тегу: 0, 5
2026-03-26T18:30:11.865+04:00  INFO 14012 --- [http-nio-8080-exec-1] c.d.g.services.TagService                : Ответ: Page 1 of 40 containing com.diplome.game_recommendation.models.GameEntity instances
2026-03-26T18:30:11.869+04:00  INFO 14012 --- [http-nio-8080-exec-4] c.d.g.services.TagService                : Ответ: Page 1 of 40 containing com.diplome.game_recommendation.models.GameEntity instances
2026-03-26T18:30:11.888+04:00  INFO 14012 --- [http-nio-8080-exec-2] c.d.g.services.TagService                : Ответ: Page 1 of 40 containing com.diplome.game_recommendation.models.GameEntity instances
2026-03-26T18:30:11.889+04:00  INFO 14012 --- [http-nio-8080-exec-5] c.d.g.services.TagService                : Ответ: Page 1 of 40 containing com.diplome.game_recommendation.models.GameEntity instances
2026-03-26T18:30:11.891+04:00  INFO 14012 --- [http-nio-8080-exec-3] c.d.g.services.TagService                : Ответ: Page 1 of 40 containing com.diplome.game_recommendation.models.GameEntity instances
2026-03-26T18:30:49.246+04:00  INFO 14012 --- [http-nio-8080-exec-9] c.d.g.controllers.GameController         : Популярные игры
2026-03-26T18:30:49.246+04:00  INFO 14012 --- [http-nio-8080-exec-10] c.d.g.controllers.TagController          : Получение тегов
2026-03-26T18:30:49.252+04:00  INFO 14012 --- [http-nio-8080-exec-10] c.d.g.services.TagService                : Получение тегов: 0, 5
2026-03-26T18:30:49.271+04:00  INFO 14012 --- [http-nio-8080-exec-10] c.d.g.services.TagService                : Ответ: Page 1 of 68 containing com.diplome.game_recommendation.models.TagEntity instances
2026-03-26T18:30:49.289+04:00  INFO 14012 --- [http-nio-8080-exec-7] c.d.g.controllers.GameController         : Игры по тегу tagId=3
2026-03-26T18:30:49.291+04:00  INFO 14012 --- [http-nio-8080-exec-8] c.d.g.controllers.GameController         : Игры по тегу tagId=44
2026-03-26T18:30:49.295+04:00  INFO 14012 --- [http-nio-8080-exec-6] c.d.g.controllers.GameController         : Игры по тегу tagId=7
2026-03-26T18:30:49.298+04:00  INFO 14012 --- [http-nio-8080-exec-1] c.d.g.controllers.GameController         : Игры по тегу tagId=9
2026-03-26T18:30:49.299+04:00  INFO 14012 --- [http-nio-8080-exec-7] c.d.g.services.TagService                : Получение игр по тегу: 0, 5
2026-03-26T18:30:49.300+04:00  INFO 14012 --- [http-nio-8080-exec-4] c.d.g.controllers.GameController         : Игры по тегу tagId=10
2026-03-26T18:30:49.302+04:00  INFO 14012 --- [http-nio-8080-exec-8] c.d.g.services.TagService                : Получение игр по тегу: 0, 5
2026-03-26T18:30:49.303+04:00  INFO 14012 --- [http-nio-8080-exec-6] c.d.g.services.TagService                : Получение игр по тегу: 0, 5
2026-03-26T18:30:49.303+04:00  INFO 14012 --- [http-nio-8080-exec-1] c.d.g.services.TagService                : Получение игр по тегу: 0, 5
2026-03-26T18:30:49.305+04:00  INFO 14012 --- [http-nio-8080-exec-4] c.d.g.services.TagService                : Получение игр по тегу: 0, 5
2026-03-26T18:30:49.327+04:00  INFO 14012 --- [http-nio-8080-exec-7] c.d.g.services.TagService                : Ответ: Page 1 of 40 containing com.diplome.game_recommendation.models.GameEntity instances
2026-03-26T18:30:49.331+04:00  INFO 14012 --- [http-nio-8080-exec-8] c.d.g.services.TagService                : Ответ: Page 1 of 40 containing com.diplome.game_recommendation.models.GameEntity instances
2026-03-26T18:30:49.335+04:00  INFO 14012 --- [http-nio-8080-exec-6] c.d.g.services.TagService                : Ответ: Page 1 of 40 containing com.diplome.game_recommendation.models.GameEntity instances
2026-03-26T18:30:49.338+04:00  INFO 14012 --- [http-nio-8080-exec-4] c.d.g.services.TagService                : Ответ: Page 1 of 40 containing com.diplome.game_recommendation.models.GameEntity instances
2026-03-26T18:30:49.340+04:00  INFO 14012 --- [http-nio-8080-exec-1] c.d.g.services.TagService                : Ответ: Page 1 of 40 containing com.diplome.game_recommendation.models.GameEntity instances
2026-03-26T18:32:28.485+04:00  INFO 14012 --- [http-nio-8080-exec-8] c.d.g.controllers.GameController         : Популярные игры
2026-03-26T18:32:28.492+04:00  INFO 14012 --- [http-nio-8080-exec-6] c.d.g.controllers.TagController          : Получение тегов
2026-03-26T18:32:28.494+04:00  INFO 14012 --- [http-nio-8080-exec-6] c.d.g.services.TagService                : Получение тегов: 0, 5
2026-03-26T18:32:28.500+04:00  INFO 14012 --- [http-nio-8080-exec-6] c.d.g.services.TagService                : Ответ: Page 1 of 68 containing com.diplome.game_recommendation.models.TagEntity instances
2026-03-26T18:32:28.520+04:00  INFO 14012 --- [http-nio-8080-exec-4] c.d.g.controllers.GameController         : Игры по тегу tagId=3
2026-03-26T18:32:28.521+04:00  INFO 14012 --- [http-nio-8080-exec-4] c.d.g.services.TagService                : Получение игр по тегу: 0, 5
2026-03-26T18:32:28.527+04:00  INFO 14012 --- [http-nio-8080-exec-1] c.d.g.controllers.GameController         : Игры по тегу tagId=44
2026-03-26T18:32:28.530+04:00  INFO 14012 --- [http-nio-8080-exec-2] c.d.g.controllers.GameController         : Игры по тегу tagId=7
2026-03-26T18:32:28.531+04:00  INFO 14012 --- [http-nio-8080-exec-3] c.d.g.controllers.GameController         : Игры по тегу tagId=9
2026-03-26T18:32:28.535+04:00  INFO 14012 --- [http-nio-8080-exec-1] c.d.g.services.TagService                : Получение игр по тегу: 0, 5
2026-03-26T18:32:28.536+04:00  INFO 14012 --- [http-nio-8080-exec-2] c.d.g.services.TagService                : Получение игр по тегу: 0, 5
2026-03-26T18:32:28.536+04:00  INFO 14012 --- [http-nio-8080-exec-5] c.d.g.controllers.GameController         : Игры по тегу tagId=10
2026-03-26T18:32:28.537+04:00  INFO 14012 --- [http-nio-8080-exec-3] c.d.g.services.TagService                : Получение игр по тегу: 0, 5
2026-03-26T18:32:28.541+04:00  INFO 14012 --- [http-nio-8080-exec-5] c.d.g.services.TagService                : Получение игр по тегу: 0, 5
2026-03-26T18:32:28.541+04:00  INFO 14012 --- [http-nio-8080-exec-4] c.d.g.services.TagService                : Ответ: Page 1 of 40 containing com.diplome.game_recommendation.models.GameEntity instances
2026-03-26T18:32:28.556+04:00  INFO 14012 --- [http-nio-8080-exec-1] c.d.g.services.TagService                : Ответ: Page 1 of 40 containing com.diplome.game_recommendation.models.GameEntity instances
2026-03-26T18:32:28.560+04:00  INFO 14012 --- [http-nio-8080-exec-2] c.d.g.services.TagService                : Ответ: Page 1 of 40 containing com.diplome.game_recommendation.models.GameEntity instances
2026-03-26T18:32:28.563+04:00  INFO 14012 --- [http-nio-8080-exec-5] c.d.g.services.TagService                : Ответ: Page 1 of 40 containing com.diplome.game_recommendation.models.GameEntity instances
2026-03-26T18:32:28.569+04:00  INFO 14012 --- [http-nio-8080-exec-3] c.d.g.services.TagService                : Ответ: Page 1 of 40 containing com.diplome.game_recommendation.models.GameEntity instances
2026-03-26T18:33:47.027+04:00  INFO 14012 --- [http-nio-8080-exec-1] c.d.g.controllers.TagController          : Получение тегов
2026-03-26T18:33:47.030+04:00  INFO 14012 --- [http-nio-8080-exec-1] c.d.g.services.TagService                : Получение тегов: 0, 5
2026-03-26T18:33:47.037+04:00  INFO 14012 --- [http-nio-8080-exec-1] c.d.g.services.TagService                : Ответ: Page 1 of 68 containing com.diplome.game_recommendation.models.TagEntity instances
2026-03-26T18:33:47.054+04:00  INFO 14012 --- [http-nio-8080-exec-2] c.d.g.controllers.GameController         : Игры по тегу tagId=3
2026-03-26T18:33:47.064+04:00  INFO 14012 --- [http-nio-8080-exec-3] c.d.g.controllers.GameController         : Игры по тегу tagId=7
2026-03-26T18:33:47.064+04:00  INFO 14012 --- [http-nio-8080-exec-5] c.d.g.controllers.GameController         : Игры по тегу tagId=44
2026-03-26T18:33:47.067+04:00  INFO 14012 --- [http-nio-8080-exec-6] c.d.g.controllers.GameController         : Игры по тегу tagId=10
2026-03-26T18:33:47.067+04:00  INFO 14012 --- [http-nio-8080-exec-7] c.d.g.controllers.GameController         : Игры по тегу tagId=9
2026-03-26T18:33:47.067+04:00  INFO 14012 --- [http-nio-8080-exec-2] c.d.g.services.TagService                : Получение игр по тегу: 0, 5
2026-03-26T18:33:47.068+04:00  INFO 14012 --- [http-nio-8080-exec-5] c.d.g.services.TagService                : Получение игр по тегу: 0, 5
2026-03-26T18:33:47.069+04:00  INFO 14012 --- [http-nio-8080-exec-6] c.d.g.services.TagService                : Получение игр по тегу: 0, 5
2026-03-26T18:33:47.068+04:00  INFO 14012 --- [http-nio-8080-exec-3] c.d.g.services.TagService                : Получение игр по тегу: 0, 5
2026-03-26T18:33:47.070+04:00  INFO 14012 --- [http-nio-8080-exec-7] c.d.g.services.TagService                : Получение игр по тегу: 0, 5
2026-03-26T18:33:47.092+04:00  INFO 14012 --- [http-nio-8080-exec-5] c.d.g.services.TagService                : Ответ: Page 1 of 40 containing com.diplome.game_recommendation.models.GameEntity instances
2026-03-26T18:33:47.095+04:00  INFO 14012 --- [http-nio-8080-exec-2] c.d.g.services.TagService                : Ответ: Page 1 of 40 containing com.diplome.game_recommendation.models.GameEntity instances
2026-03-26T18:33:47.100+04:00  INFO 14012 --- [http-nio-8080-exec-3] c.d.g.services.TagService                : Ответ: Page 1 of 40 containing com.diplome.game_recommendation.models.GameEntity instances
2026-03-26T18:33:47.100+04:00  INFO 14012 --- [http-nio-8080-exec-6] c.d.g.services.TagService                : Ответ: Page 1 of 40 containing com.diplome.game_recommendation.models.GameEntity instances
2026-03-26T18:33:47.190+04:00  INFO 14012 --- [http-nio-8080-exec-7] c.d.g.services.TagService                : Ответ: Page 1 of 40 containing com.diplome.game_recommendation.models.GameEntity instances
2026-03-26T18:33:51.725+04:00  INFO 14012 --- [http-nio-8080-exec-4] c.d.g.controllers.GameController         : Популярные игры
2026-03-26T18:34:00.758+04:00  INFO 14012 --- [http-nio-8080-exec-9] c.d.g.controllers.TagController          : Получение тегов
2026-03-26T18:34:00.760+04:00  INFO 14012 --- [http-nio-8080-exec-9] c.d.g.services.TagService                : Получение тегов: 0, 5
2026-03-26T18:34:00.768+04:00  INFO 14012 --- [http-nio-8080-exec-9] c.d.g.services.TagService                : Ответ: Page 1 of 68 containing com.diplome.game_recommendation.models.TagEntity instances
2026-03-26T18:34:00.780+04:00  INFO 14012 --- [http-nio-8080-exec-10] c.d.g.controllers.GameController         : Игры по тегу tagId=3
2026-03-26T18:34:00.785+04:00  INFO 14012 --- [http-nio-8080-exec-10] c.d.g.services.TagService                : Получение игр по тегу: 0, 5
2026-03-26T18:34:00.788+04:00  INFO 14012 --- [http-nio-8080-exec-5] c.d.g.controllers.GameController         : Игры по тегу tagId=7
2026-03-26T18:34:00.787+04:00  INFO 14012 --- [http-nio-8080-exec-1] c.d.g.controllers.GameController         : Игры по тегу tagId=44
2026-03-26T18:34:00.788+04:00  INFO 14012 --- [http-nio-8080-exec-5] c.d.g.services.TagService                : Получение игр по тегу: 0, 5
2026-03-26T18:34:00.789+04:00  INFO 14012 --- [http-nio-8080-exec-1] c.d.g.services.TagService                : Получение игр по тегу: 0, 5
2026-03-26T18:34:00.792+04:00  INFO 14012 --- [http-nio-8080-exec-2] c.d.g.controllers.GameController         : Игры по тегу tagId=9
2026-03-26T18:34:00.793+04:00  INFO 14012 --- [http-nio-8080-exec-3] c.d.g.controllers.GameController         : Игры по тегу tagId=10
2026-03-26T18:34:00.794+04:00  INFO 14012 --- [http-nio-8080-exec-2] c.d.g.services.TagService                : Получение игр по тегу: 0, 5
2026-03-26T18:34:00.802+04:00  INFO 14012 --- [http-nio-8080-exec-10] c.d.g.services.TagService                : Ответ: Page 1 of 40 containing com.diplome.game_recommendation.models.GameEntity instances
2026-03-26T18:34:00.803+04:00  INFO 14012 --- [http-nio-8080-exec-3] c.d.g.services.TagService                : Получение игр по тегу: 0, 5
2026-03-26T18:34:00.809+04:00  INFO 14012 --- [http-nio-8080-exec-5] c.d.g.services.TagService                : Ответ: Page 1 of 40 containing com.diplome.game_recommendation.models.GameEntity instances
2026-03-26T18:34:00.813+04:00  INFO 14012 --- [http-nio-8080-exec-1] c.d.g.services.TagService                : Ответ: Page 1 of 40 containing com.diplome.game_recommendation.models.GameEntity instances
2026-03-26T18:34:00.822+04:00  INFO 14012 --- [http-nio-8080-exec-2] c.d.g.services.TagService                : Ответ: Page 1 of 40 containing com.diplome.game_recommendation.models.GameEntity instances
2026-03-26T18:34:00.835+04:00  INFO 14012 --- [http-nio-8080-exec-3] c.d.g.services.TagService                : Ответ: Page 1 of 40 containing com.diplome.game_recommendation.models.GameEntity instances
2026-03-26T18:34:05.508+04:00  INFO 14012 --- [http-nio-8080-exec-8] c.d.g.controllers.GameController         : Популярные игры
2026-03-26T18:34:12.743+04:00  INFO 14012 --- [http-nio-8080-exec-7] c.d.g.controllers.TagController          : Получение тегов
2026-03-26T18:34:12.744+04:00  INFO 14012 --- [http-nio-8080-exec-7] c.d.g.services.TagService                : Получение тегов: 0, 5
2026-03-26T18:34:12.756+04:00  INFO 14012 --- [http-nio-8080-exec-7] c.d.g.services.TagService                : Ответ: Page 1 of 68 containing com.diplome.game_recommendation.models.TagEntity instances
2026-03-26T18:34:12.776+04:00  INFO 14012 --- [http-nio-8080-exec-4] c.d.g.controllers.GameController         : Игры по тегу tagId=3
2026-03-26T18:34:12.776+04:00  INFO 14012 --- [http-nio-8080-exec-9] c.d.g.controllers.GameController         : Игры по тегу tagId=44
2026-03-26T18:34:12.777+04:00  INFO 14012 --- [http-nio-8080-exec-4] c.d.g.services.TagService                : Получение игр по тегу: 0, 5
2026-03-26T18:34:12.780+04:00  INFO 14012 --- [http-nio-8080-exec-9] c.d.g.services.TagService                : Получение игр по тегу: 0, 5
2026-03-26T18:34:12.781+04:00  INFO 14012 --- [http-nio-8080-exec-10] c.d.g.controllers.GameController         : Игры по тегу tagId=7
2026-03-26T18:34:12.783+04:00  INFO 14012 --- [http-nio-8080-exec-10] c.d.g.services.TagService                : Получение игр по тегу: 0, 5
2026-03-26T18:34:12.781+04:00  INFO 14012 --- [http-nio-8080-exec-1] c.d.g.controllers.GameController         : Игры по тегу tagId=9
2026-03-26T18:34:12.787+04:00  INFO 14012 --- [http-nio-8080-exec-2] c.d.g.controllers.GameController         : Игры по тегу tagId=10
2026-03-26T18:34:12.790+04:00  INFO 14012 --- [http-nio-8080-exec-1] c.d.g.services.TagService                : Получение игр по тегу: 0, 5
2026-03-26T18:34:12.790+04:00  INFO 14012 --- [http-nio-8080-exec-2] c.d.g.services.TagService                : Получение игр по тегу: 0, 5
2026-03-26T18:34:12.802+04:00  INFO 14012 --- [http-nio-8080-exec-4] c.d.g.services.TagService                : Ответ: Page 1 of 40 containing com.diplome.game_recommendation.models.GameEntity instances
2026-03-26T18:34:12.802+04:00  INFO 14012 --- [http-nio-8080-exec-9] c.d.g.services.TagService                : Ответ: Page 1 of 40 containing com.diplome.game_recommendation.models.GameEntity instances
2026-03-26T18:34:12.808+04:00  INFO 14012 --- [http-nio-8080-exec-10] c.d.g.services.TagService                : Ответ: Page 1 of 40 containing com.diplome.game_recommendation.models.GameEntity instances
2026-03-26T18:34:12.836+04:00  INFO 14012 --- [http-nio-8080-exec-1] c.d.g.services.TagService                : Ответ: Page 1 of 40 containing com.diplome.game_recommendation.models.GameEntity instances
2026-03-26T18:34:12.840+04:00  INFO 14012 --- [http-nio-8080-exec-2] c.d.g.services.TagService                : Ответ: Page 1 of 40 containing com.diplome.game_recommendation.models.GameEntity instances
2026-03-26T18:34:34.868+04:00  INFO 14012 --- [http-nio-8080-exec-6] c.d.g.controllers.GameController         : Популярные игры
2026-03-26T18:35:07.368+04:00  INFO 14012 --- [http-nio-8080-exec-3] c.d.g.controllers.TagController          : Получение тегов
2026-03-26T18:35:07.367+04:00  INFO 14012 --- [http-nio-8080-exec-5] c.d.g.controllers.GameController         : Популярные игры
2026-03-26T18:35:07.369+04:00  INFO 14012 --- [http-nio-8080-exec-3] c.d.g.services.TagService                : Получение тегов: 0, 5
2026-03-26T18:35:07.377+04:00  INFO 14012 --- [http-nio-8080-exec-3] c.d.g.services.TagService                : Ответ: Page 1 of 68 containing com.diplome.game_recommendation.models.TagEntity instances
2026-03-26T18:35:07.393+04:00  INFO 14012 --- [http-nio-8080-exec-8] c.d.g.controllers.GameController         : Игры по тегу tagId=3
2026-03-26T18:35:07.393+04:00  INFO 14012 --- [http-nio-8080-exec-7] c.d.g.controllers.GameController         : Игры по тегу tagId=44
2026-03-26T18:35:07.396+04:00  INFO 14012 --- [http-nio-8080-exec-7] c.d.g.services.TagService                : Получение игр по тегу: 0, 5
2026-03-26T18:35:07.394+04:00  INFO 14012 --- [http-nio-8080-exec-8] c.d.g.services.TagService                : Получение игр по тегу: 0, 5
2026-03-26T18:35:07.401+04:00  INFO 14012 --- [http-nio-8080-exec-4] c.d.g.controllers.GameController         : Игры по тегу tagId=7
2026-03-26T18:35:07.409+04:00  INFO 14012 --- [http-nio-8080-exec-4] c.d.g.services.TagService                : Получение игр по тегу: 0, 5
2026-03-26T18:35:07.405+04:00  INFO 14012 --- [http-nio-8080-exec-10] c.d.g.controllers.GameController         : Игры по тегу tagId=10
2026-03-26T18:35:07.406+04:00  INFO 14012 --- [http-nio-8080-exec-9] c.d.g.controllers.GameController         : Игры по тегу tagId=9
2026-03-26T18:35:07.423+04:00  INFO 14012 --- [http-nio-8080-exec-10] c.d.g.services.TagService                : Получение игр по тегу: 0, 5
2026-03-26T18:35:07.424+04:00  INFO 14012 --- [http-nio-8080-exec-9] c.d.g.services.TagService                : Получение игр по тегу: 0, 5
2026-03-26T18:35:07.426+04:00  INFO 14012 --- [http-nio-8080-exec-8] c.d.g.services.TagService                : Ответ: Page 1 of 40 containing com.diplome.game_recommendation.models.GameEntity instances
2026-03-26T18:35:07.428+04:00  INFO 14012 --- [http-nio-8080-exec-7] c.d.g.services.TagService                : Ответ: Page 1 of 40 containing com.diplome.game_recommendation.models.GameEntity instances
2026-03-26T18:35:07.444+04:00  INFO 14012 --- [http-nio-8080-exec-4] c.d.g.services.TagService                : Ответ: Page 1 of 40 containing com.diplome.game_recommendation.models.GameEntity instances
2026-03-26T18:35:07.449+04:00  INFO 14012 --- [http-nio-8080-exec-10] c.d.g.services.TagService                : Ответ: Page 1 of 40 containing com.diplome.game_recommendation.models.GameEntity instances
2026-03-26T18:35:07.464+04:00  INFO 14012 --- [http-nio-8080-exec-9] c.d.g.services.TagService                : Ответ: Page 1 of 40 containing com.diplome.game_recommendation.models.GameEntity instances
2026-03-26T18:36:56.389+04:00  INFO 2240 --- [main] .d.g.GameRecommendationSystemApplication : Starting GameRecommendationSystemApplication using Java 17.0.12 with PID 2240 (D:\diplome\code\game-recommendation\target\classes started by User in D:\diplome\code\game-recommendation)
2026-03-26T18:36:56.389+04:00 DEBUG 2240 --- [main] .d.g.GameRecommendationSystemApplication : Running with Spring Boot v4.0.2, Spring v7.0.3
2026-03-26T18:36:56.389+04:00  INFO 2240 --- [main] .d.g.GameRecommendationSystemApplication : No active profile set, falling back to 1 default profile: "default"
2026-03-26T18:37:00.044+04:00  INFO 2240 --- [main] .s.d.r.c.RepositoryConfigurationDelegate : Bootstrapping Spring Data JPA repositories in DEFAULT mode.
2026-03-26T18:37:00.308+04:00  INFO 2240 --- [main] .s.d.r.c.RepositoryConfigurationDelegate : Finished Spring Data repository scanning in 263 ms. Found 8 JPA repository interfaces.
2026-03-26T18:37:01.682+04:00  INFO 2240 --- [main] o.s.boot.tomcat.TomcatWebServer          : Tomcat initialized with port 8080 (http)
2026-03-26T18:37:01.709+04:00  INFO 2240 --- [main] o.apache.catalina.core.StandardService   : Starting service [Tomcat]
2026-03-26T18:37:01.709+04:00  INFO 2240 --- [main] o.apache.catalina.core.StandardEngine    : Starting Servlet engine: [Apache Tomcat/11.0.15]
2026-03-26T18:37:01.879+04:00  INFO 2240 --- [main] b.w.c.s.WebApplicationContextInitializer : Root WebApplicationContext: initialization completed in 5157 ms
2026-03-26T18:37:02.363+04:00  INFO 2240 --- [main] org.hibernate.orm.jpa                    : HHH008540: Processing PersistenceUnitInfo [name: default]
2026-03-26T18:37:02.538+04:00  INFO 2240 --- [main] org.hibernate.orm.core                   : HHH000001: Hibernate ORM core version 7.2.1.Final
2026-03-26T18:37:03.734+04:00  INFO 2240 --- [main] o.s.o.j.p.SpringPersistenceUnitInfo      : No LoadTimeWeaver setup: ignoring JPA class transformer
2026-03-26T18:37:03.806+04:00  INFO 2240 --- [main] com.zaxxer.hikari.HikariDataSource       : HikariPool-1 - Starting...
2026-03-26T18:37:04.281+04:00  INFO 2240 --- [main] com.zaxxer.hikari.pool.HikariPool        : HikariPool-1 - Added connection org.postgresql.jdbc.PgConnection@1c79d093
2026-03-26T18:37:04.297+04:00  INFO 2240 --- [main] com.zaxxer.hikari.HikariDataSource       : HikariPool-1 - Start completed.
2026-03-26T18:37:04.472+04:00  INFO 2240 --- [main] org.hibernate.orm.connections.pooling    : HHH10001005: Database info:
	Database JDBC URL [jdbc:postgresql://127.0.0.1:5432/game_recommendation]
	Database driver: PostgreSQL JDBC Driver
	Database dialect: PostgreSQLDialect
	Database version: 16.4
	Default catalog/schema: game_recommendation/public
	Autocommit mode: undefined/unknown
	Isolation level: READ_COMMITTED [default READ_COMMITTED]
	JDBC fetch size: none
	Pool: DataSourceConnectionProvider
	Minimum pool size: undefined/unknown
	Maximum pool size: undefined/unknown
2026-03-26T18:37:05.769+04:00  WARN 2240 --- [main] org.hibernate.orm.core                   : HHH000038: Composite id class does not override equals(): com.diplome.game_recommendation.models.GameTagId
2026-03-26T18:37:06.611+04:00  INFO 2240 --- [main] org.hibernate.orm.core                   : HHH000182: No default (no-argument) constructor for class [com.diplome.game_recommendation.models.RecommendationSession] (class must be instantiated by Interceptor)
2026-03-26T18:37:06.639+04:00  INFO 2240 --- [main] org.hibernate.orm.core                   : HHH000182: No default (no-argument) constructor for class [com.diplome.game_recommendation.models.RecommendationItems] (class must be instantiated by Interceptor)
2026-03-26T18:37:07.141+04:00  INFO 2240 --- [main] org.hibernate.orm.core                   : HHH000489: No JTA platform available (set 'hibernate.transaction.jta.platform' to enable JTA platform integration)
2026-03-26T18:37:07.319+04:00  INFO 2240 --- [main] j.LocalContainerEntityManagerFactoryBean : Initialized JPA EntityManagerFactory for persistence unit 'default'
2026-03-26T18:37:07.489+04:00  INFO 2240 --- [main] o.s.d.j.r.query.QueryEnhancerFactories   : Hibernate is in classpath; If applicable, HQL parser will be used.
2026-03-26T18:37:13.625+04:00  WARN 2240 --- [main] JpaBaseConfiguration$JpaWebConfiguration : spring.jpa.open-in-view is enabled by default. Therefore, database queries may be performed during view rendering. Explicitly configure spring.jpa.open-in-view to disable this warning
2026-03-26T18:37:13.669+04:00  WARN 2240 --- [main] .s.a.UserDetailsServiceAutoConfiguration : 

Using generated security password: c02ec9ab-bc3a-4d72-8bd7-8c6d2f073098

This generated password is for development use only. Your security configuration must be updated before running your application in production.

2026-03-26T18:37:13.721+04:00  INFO 2240 --- [main] r$InitializeUserDetailsManagerConfigurer : Global AuthenticationManager configured with UserDetailsService bean with name inMemoryUserDetailsManager
2026-03-26T18:37:14.785+04:00  INFO 2240 --- [main] hedulerFactoryBean$LocalSchedulerFactory : Using default implementation for ThreadExecutor
2026-03-26T18:37:14.815+04:00  INFO 2240 --- [main] org.quartz.core.SchedulerSignalerImpl    : Initialized Scheduler Signaller of type: class org.quartz.core.SchedulerSignalerImpl
2026-03-26T18:37:14.815+04:00  INFO 2240 --- [main] org.quartz.core.QuartzScheduler          : Quartz Scheduler v2.5.2 created.
2026-03-26T18:37:14.815+04:00  INFO 2240 --- [main] org.quartz.simpl.RAMJobStore             : RAMJobStore initialized.
2026-03-26T18:37:14.815+04:00  INFO 2240 --- [main] org.quartz.core.QuartzScheduler          : Scheduler meta-data: Quartz Scheduler (v2.5.2) 'quartzScheduler' with instanceId 'NON_CLUSTERED'
  Scheduler class: 'org.quartz.core.QuartzScheduler' - running locally.
  NOT STARTED.
  Currently in standby mode.
  Number of jobs executed: 0
  Using thread pool 'org.quartz.simpl.SimpleThreadPool' - with 10 threads.
  Using job-store 'org.quartz.simpl.RAMJobStore' - which does not support persistence. and is not clustered.

2026-03-26T18:37:14.815+04:00  INFO 2240 --- [main] hedulerFactoryBean$LocalSchedulerFactory : Quartz scheduler 'quartzScheduler' initialized from an externally provided properties instance.
2026-03-26T18:37:14.827+04:00  INFO 2240 --- [main] hedulerFactoryBean$LocalSchedulerFactory : Quartz scheduler version: 2.5.2
2026-03-26T18:37:14.829+04:00  INFO 2240 --- [main] org.quartz.core.QuartzScheduler          : JobFactory set to: org.springframework.scheduling.quartz.SpringBeanJobFactory@7d0f755c
2026-03-26T18:37:14.955+04:00  INFO 2240 --- [main] o.s.boot.tomcat.TomcatWebServer          : Tomcat started on port 8080 (http) with context path '/'
2026-03-26T18:37:14.958+04:00  INFO 2240 --- [main] o.s.s.quartz.SchedulerFactoryBean        : Starting Quartz Scheduler now
2026-03-26T18:37:14.960+04:00  INFO 2240 --- [main] org.quartz.core.QuartzScheduler          : Scheduler quartzScheduler_$_NON_CLUSTERED started.
2026-03-26T18:37:14.980+04:00  INFO 2240 --- [main] .d.g.GameRecommendationSystemApplication : Started GameRecommendationSystemApplication in 19.592 seconds (process running for 20.538)
2026-03-26T18:37:36.181+04:00  INFO 2240 --- [http-nio-8080-exec-1] o.a.c.c.C.[Tomcat].[localhost].[/]       : Initializing Spring DispatcherServlet 'dispatcherServlet'
2026-03-26T18:37:36.182+04:00  INFO 2240 --- [http-nio-8080-exec-1] o.s.web.servlet.DispatcherServlet        : Initializing Servlet 'dispatcherServlet'
2026-03-26T18:37:36.186+04:00  INFO 2240 --- [http-nio-8080-exec-1] o.s.web.servlet.DispatcherServlet        : Completed initialization in 3 ms
2026-03-26T18:37:36.318+04:00  INFO 2240 --- [http-nio-8080-exec-2] c.d.g.controllers.TagController          : Получение тегов
2026-03-26T18:37:36.318+04:00  INFO 2240 --- [http-nio-8080-exec-1] c.d.g.controllers.GameController         : Популярные игры
2026-03-26T18:37:36.321+04:00  INFO 2240 --- [http-nio-8080-exec-2] c.d.g.services.TagService                : Получение тегов: 0, 5
2026-03-26T18:37:36.630+04:00  INFO 2240 --- [http-nio-8080-exec-2] c.d.g.services.TagService                : Ответ: Page 1 of 68 containing com.diplome.game_recommendation.models.TagEntity instances
2026-03-26T18:37:36.992+04:00  INFO 2240 --- [http-nio-8080-exec-5] c.d.g.controllers.GameController         : Игры по тегу tagId=7
2026-03-26T18:37:37.001+04:00  INFO 2240 --- [http-nio-8080-exec-5] c.d.g.services.TagService                : Получение игр по тегу: 0, 5
2026-03-26T18:37:36.992+04:00  INFO 2240 --- [http-nio-8080-exec-4] c.d.g.controllers.GameController         : Игры по тегу tagId=44
2026-03-26T18:37:37.074+04:00  INFO 2240 --- [http-nio-8080-exec-4] c.d.g.services.TagService                : Получение игр по тегу: 0, 5
2026-03-26T18:37:36.984+04:00  INFO 2240 --- [http-nio-8080-exec-3] c.d.g.controllers.GameController         : Игры по тегу tagId=3
2026-03-26T18:37:37.009+04:00  INFO 2240 --- [http-nio-8080-exec-7] c.d.g.controllers.GameController         : Игры по тегу tagId=9
2026-03-26T18:37:37.019+04:00  INFO 2240 --- [http-nio-8080-exec-8] c.d.g.controllers.GameController         : Игры по тегу tagId=10
2026-03-26T18:37:37.087+04:00  INFO 2240 --- [http-nio-8080-exec-3] c.d.g.services.TagService                : Получение игр по тегу: 0, 5
2026-03-26T18:37:37.089+04:00  INFO 2240 --- [http-nio-8080-exec-7] c.d.g.services.TagService                : Получение игр по тегу: 0, 5
2026-03-26T18:37:37.129+04:00  INFO 2240 --- [http-nio-8080-exec-8] c.d.g.services.TagService                : Получение игр по тегу: 0, 5
2026-03-26T18:37:37.203+04:00  INFO 2240 --- [http-nio-8080-exec-5] c.d.g.services.TagService                : Ответ: Page 1 of 40 containing com.diplome.game_recommendation.models.GameEntity instances
2026-03-26T18:37:37.219+04:00  INFO 2240 --- [http-nio-8080-exec-4] c.d.g.services.TagService                : Ответ: Page 1 of 40 containing com.diplome.game_recommendation.models.GameEntity instances
2026-03-26T18:37:37.263+04:00  INFO 2240 --- [http-nio-8080-exec-7] c.d.g.services.TagService                : Ответ: Page 1 of 40 containing com.diplome.game_recommendation.models.GameEntity instances
2026-03-26T18:37:37.266+04:00  INFO 2240 --- [http-nio-8080-exec-3] c.d.g.services.TagService                : Ответ: Page 1 of 40 containing com.diplome.game_recommendation.models.GameEntity instances
2026-03-26T18:37:37.280+04:00  INFO 2240 --- [http-nio-8080-exec-8] c.d.g.services.TagService                : Ответ: Page 1 of 40 containing com.diplome.game_recommendation.models.GameEntity instances
2026-03-26T18:37:47.373+04:00  INFO 2240 --- [http-nio-8080-exec-6] c.d.g.controllers.GameController         : Популярные игры
2026-03-26T18:37:50.739+04:00  INFO 2240 --- [http-nio-8080-exec-9] c.d.g.controllers.GameController         : Популярные игры
2026-03-26T18:37:51.849+04:00  INFO 2240 --- [http-nio-8080-exec-10] c.d.g.controllers.GameController         : Популярные игры
2026-03-26T18:37:51.969+04:00  INFO 2240 --- [http-nio-8080-exec-2] c.d.g.controllers.GameController         : Популярные игры
2026-03-26T18:41:16.835+04:00  INFO 2240 --- [http-nio-8080-exec-9] c.d.g.controllers.GameController         : Популярные игры
2026-03-26T18:41:16.837+04:00  INFO 2240 --- [http-nio-8080-exec-6] c.d.g.controllers.TagController          : Получение тегов
2026-03-26T18:41:16.850+04:00  INFO 2240 --- [http-nio-8080-exec-6] c.d.g.services.TagService                : Получение тегов: 0, 5
2026-03-26T18:41:16.874+04:00  INFO 2240 --- [http-nio-8080-exec-6] c.d.g.services.TagService                : Ответ: Page 1 of 68 containing com.diplome.game_recommendation.models.TagEntity instances
2026-03-26T18:41:16.919+04:00  INFO 2240 --- [http-nio-8080-exec-7] c.d.g.controllers.GameController         : Игры по тегу tagId=7
2026-03-26T18:41:16.919+04:00  INFO 2240 --- [http-nio-8080-exec-10] c.d.g.controllers.GameController         : Игры по тегу tagId=3
2026-03-26T18:41:16.919+04:00  INFO 2240 --- [http-nio-8080-exec-2] c.d.g.controllers.GameController         : Игры по тегу tagId=44
2026-03-26T18:41:16.919+04:00  INFO 2240 --- [http-nio-8080-exec-5] c.d.g.controllers.GameController         : Игры по тегу tagId=10
2026-03-26T18:41:16.919+04:00  INFO 2240 --- [http-nio-8080-exec-4] c.d.g.controllers.GameController         : Игры по тегу tagId=9
2026-03-26T18:41:16.919+04:00  INFO 2240 --- [http-nio-8080-exec-7] c.d.g.services.TagService                : Получение игр по тегу: 0, 5
2026-03-26T18:41:16.919+04:00  INFO 2240 --- [http-nio-8080-exec-10] c.d.g.services.TagService                : Получение игр по тегу: 0, 5
2026-03-26T18:41:16.919+04:00  INFO 2240 --- [http-nio-8080-exec-2] c.d.g.services.TagService                : Получение игр по тегу: 0, 5
2026-03-26T18:41:16.919+04:00  INFO 2240 --- [http-nio-8080-exec-5] c.d.g.services.TagService                : Получение игр по тегу: 0, 5
2026-03-26T18:41:16.919+04:00  INFO 2240 --- [http-nio-8080-exec-4] c.d.g.services.TagService                : Получение игр по тегу: 0, 5
2026-03-26T18:41:16.962+04:00  INFO 2240 --- [http-nio-8080-exec-2] c.d.g.services.TagService                : Ответ: Page 1 of 40 containing com.diplome.game_recommendation.models.GameEntity instances
2026-03-26T18:41:16.965+04:00  INFO 2240 --- [http-nio-8080-exec-7] c.d.g.services.TagService                : Ответ: Page 1 of 40 containing com.diplome.game_recommendation.models.GameEntity instances
2026-03-26T18:41:16.969+04:00  INFO 2240 --- [http-nio-8080-exec-5] c.d.g.services.TagService                : Ответ: Page 1 of 40 containing com.diplome.game_recommendation.models.GameEntity instances
2026-03-26T18:41:16.966+04:00  INFO 2240 --- [http-nio-8080-exec-10] c.d.g.services.TagService                : Ответ: Page 1 of 40 containing com.diplome.game_recommendation.models.GameEntity instances
2026-03-26T18:41:16.977+04:00  INFO 2240 --- [http-nio-8080-exec-4] c.d.g.services.TagService                : Ответ: Page 1 of 40 containing com.diplome.game_recommendation.models.GameEntity instances
2026-03-26T18:41:21.417+04:00  INFO 2240 --- [http-nio-8080-exec-8] c.d.g.controllers.GameController         : Популярные игры
2026-03-26T18:41:23.839+04:00  INFO 2240 --- [http-nio-8080-exec-3] c.d.g.controllers.TagController          : Получение тегов
2026-03-26T18:41:23.839+04:00  INFO 2240 --- [http-nio-8080-exec-3] c.d.g.services.TagService                : Получение тегов: 1, 5
2026-03-26T18:41:23.871+04:00  INFO 2240 --- [http-nio-8080-exec-3] c.d.g.services.TagService                : Ответ: Page 2 of 68 containing com.diplome.game_recommendation.models.TagEntity instances
2026-03-26T18:41:23.885+04:00  INFO 2240 --- [http-nio-8080-exec-1] c.d.g.controllers.GameController         : Игры по тегу tagId=12
2026-03-26T18:41:23.885+04:00  INFO 2240 --- [http-nio-8080-exec-9] c.d.g.controllers.GameController         : Игры по тегу tagId=13
2026-03-26T18:41:23.885+04:00  INFO 2240 --- [http-nio-8080-exec-6] c.d.g.controllers.GameController         : Игры по тегу tagId=14
2026-03-26T18:41:23.885+04:00  INFO 2240 --- [http-nio-8080-exec-1] c.d.g.services.TagService                : Получение игр по тегу: 0, 5
2026-03-26T18:41:23.885+04:00  INFO 2240 --- [http-nio-8080-exec-9] c.d.g.services.TagService                : Получение игр по тегу: 0, 5
2026-03-26T18:41:23.885+04:00  INFO 2240 --- [http-nio-8080-exec-2] c.d.g.controllers.GameController         : Игры по тегу tagId=15
2026-03-26T18:41:23.885+04:00  INFO 2240 --- [http-nio-8080-exec-6] c.d.g.services.TagService                : Получение игр по тегу: 0, 5
2026-03-26T18:41:23.885+04:00  INFO 2240 --- [http-nio-8080-exec-7] c.d.g.controllers.GameController         : Игры по тегу tagId=16
2026-03-26T18:41:23.893+04:00  INFO 2240 --- [http-nio-8080-exec-2] c.d.g.services.TagService                : Получение игр по тегу: 0, 5
2026-03-26T18:41:23.898+04:00  INFO 2240 --- [http-nio-8080-exec-7] c.d.g.services.TagService                : Получение игр по тегу: 0, 5
2026-03-26T18:41:23.920+04:00  INFO 2240 --- [http-nio-8080-exec-9] c.d.g.services.TagService                : Ответ: Page 1 of 40 containing com.diplome.game_recommendation.models.GameEntity instances
2026-03-26T18:41:23.920+04:00  INFO 2240 --- [http-nio-8080-exec-1] c.d.g.services.TagService                : Ответ: Page 1 of 40 containing com.diplome.game_recommendation.models.GameEntity instances
2026-03-26T18:41:23.922+04:00  INFO 2240 --- [http-nio-8080-exec-6] c.d.g.services.TagService                : Ответ: Page 1 of 40 containing com.diplome.game_recommendation.models.GameEntity instances
2026-03-26T18:41:23.932+04:00  INFO 2240 --- [http-nio-8080-exec-2] c.d.g.services.TagService                : Ответ: Page 1 of 40 containing com.diplome.game_recommendation.models.GameEntity instances
2026-03-26T18:41:23.943+04:00  INFO 2240 --- [http-nio-8080-exec-7] c.d.g.services.TagService                : Ответ: Page 1 of 40 containing com.diplome.game_recommendation.models.GameEntity instances
2026-03-26T18:41:26.528+04:00  INFO 2240 --- [http-nio-8080-exec-5] c.d.g.controllers.TagController          : Получение тегов
2026-03-26T18:41:26.530+04:00  INFO 2240 --- [http-nio-8080-exec-5] c.d.g.services.TagService                : Получение тегов: 2, 5
2026-03-26T18:41:26.539+04:00  INFO 2240 --- [http-nio-8080-exec-5] c.d.g.services.TagService                : Ответ: Page 3 of 68 containing com.diplome.game_recommendation.models.TagEntity instances
2026-03-26T18:41:26.566+04:00  INFO 2240 --- [http-nio-8080-exec-10] c.d.g.controllers.GameController         : Игры по тегу tagId=17
2026-03-26T18:41:26.566+04:00  INFO 2240 --- [http-nio-8080-exec-4] c.d.g.controllers.GameController         : Игры по тегу tagId=19
2026-03-26T18:41:26.566+04:00  INFO 2240 --- [http-nio-8080-exec-8] c.d.g.controllers.GameController         : Игры по тегу tagId=20
2026-03-26T18:41:26.566+04:00  INFO 2240 --- [http-nio-8080-exec-4] c.d.g.services.TagService                : Получение игр по тегу: 0, 5
2026-03-26T18:41:26.566+04:00  INFO 2240 --- [http-nio-8080-exec-8] c.d.g.services.TagService                : Получение игр по тегу: 0, 5
2026-03-26T18:41:26.566+04:00  INFO 2240 --- [http-nio-8080-exec-10] c.d.g.services.TagService                : Получение игр по тегу: 0, 5
2026-03-26T18:41:26.566+04:00  INFO 2240 --- [http-nio-8080-exec-9] c.d.g.controllers.GameController         : Игры по тегу tagId=22
2026-03-26T18:41:26.566+04:00  INFO 2240 --- [http-nio-8080-exec-3] c.d.g.controllers.GameController         : Игры по тегу tagId=21
2026-03-26T18:41:26.574+04:00  INFO 2240 --- [http-nio-8080-exec-9] c.d.g.services.TagService                : Получение игр по тегу: 0, 5
2026-03-26T18:41:26.579+04:00  INFO 2240 --- [http-nio-8080-exec-3] c.d.g.services.TagService                : Получение игр по тегу: 0, 5
2026-03-26T18:41:26.593+04:00  INFO 2240 --- [http-nio-8080-exec-4] c.d.g.services.TagService                : Ответ: Page 1 of 40 containing com.diplome.game_recommendation.models.GameEntity instances
2026-03-26T18:41:26.597+04:00  INFO 2240 --- [http-nio-8080-exec-10] c.d.g.services.TagService                : Ответ: Page 1 of 40 containing com.diplome.game_recommendation.models.GameEntity instances
2026-03-26T18:41:26.597+04:00  INFO 2240 --- [http-nio-8080-exec-8] c.d.g.services.TagService                : Ответ: Page 1 of 40 containing com.diplome.game_recommendation.models.GameEntity instances
2026-03-26T18:41:26.601+04:00  INFO 2240 --- [http-nio-8080-exec-9] c.d.g.services.TagService                : Ответ: Page 1 of 40 containing com.diplome.game_recommendation.models.GameEntity instances
2026-03-26T18:41:26.609+04:00  INFO 2240 --- [http-nio-8080-exec-3] c.d.g.services.TagService                : Ответ: Page 1 of 40 containing com.diplome.game_recommendation.models.GameEntity instances
2026-03-26T18:42:13.321+04:00  INFO 2240 --- [http-nio-8080-exec-1] c.d.g.controllers.TagController          : Получение тегов
2026-03-26T18:42:13.323+04:00  INFO 2240 --- [http-nio-8080-exec-1] c.d.g.services.TagService                : Получение тегов: 3, 5
2026-03-26T18:42:13.329+04:00  INFO 2240 --- [http-nio-8080-exec-1] c.d.g.services.TagService                : Ответ: Page 4 of 68 containing com.diplome.game_recommendation.models.TagEntity instances
2026-03-26T18:42:13.357+04:00  INFO 2240 --- [http-nio-8080-exec-6] c.d.g.controllers.GameController         : Игры по тегу tagId=25
2026-03-26T18:42:13.357+04:00  INFO 2240 --- [http-nio-8080-exec-2] c.d.g.controllers.GameController         : Игры по тегу tagId=26
2026-03-26T18:42:13.359+04:00  INFO 2240 --- [http-nio-8080-exec-6] c.d.g.services.TagService                : Получение игр по тегу: 0, 5
2026-03-26T18:42:13.361+04:00  INFO 2240 --- [http-nio-8080-exec-2] c.d.g.services.TagService                : Получение игр по тегу: 0, 5
2026-03-26T18:42:13.361+04:00  INFO 2240 --- [http-nio-8080-exec-7] c.d.g.controllers.GameController         : Игры по тегу tagId=28
2026-03-26T18:42:13.363+04:00  INFO 2240 --- [http-nio-8080-exec-5] c.d.g.controllers.GameController         : Игры по тегу tagId=29
2026-03-26T18:42:13.363+04:00  INFO 2240 --- [http-nio-8080-exec-4] c.d.g.controllers.GameController         : Игры по тегу tagId=30
2026-03-26T18:42:13.364+04:00  INFO 2240 --- [http-nio-8080-exec-7] c.d.g.services.TagService                : Получение игр по тегу: 0, 5
2026-03-26T18:42:13.366+04:00  INFO 2240 --- [http-nio-8080-exec-5] c.d.g.services.TagService                : Получение игр по тегу: 0, 5
2026-03-26T18:42:13.367+04:00  INFO 2240 --- [http-nio-8080-exec-4] c.d.g.services.TagService                : Получение игр по тегу: 0, 5
2026-03-26T18:42:13.385+04:00  INFO 2240 --- [http-nio-8080-exec-2] c.d.g.services.TagService                : Ответ: Page 1 of 40 containing com.diplome.game_recommendation.models.GameEntity instances
2026-03-26T18:42:13.392+04:00  INFO 2240 --- [http-nio-8080-exec-7] c.d.g.services.TagService                : Ответ: Page 1 of 40 containing com.diplome.game_recommendation.models.GameEntity instances
2026-03-26T18:42:13.392+04:00  INFO 2240 --- [http-nio-8080-exec-4] c.d.g.services.TagService                : Ответ: Page 1 of 40 containing com.diplome.game_recommendation.models.GameEntity instances
2026-03-26T18:42:13.399+04:00  INFO 2240 --- [http-nio-8080-exec-6] c.d.g.services.TagService                : Ответ: Page 1 of 40 containing com.diplome.game_recommendation.models.GameEntity instances
2026-03-26T18:42:13.405+04:00  INFO 2240 --- [http-nio-8080-exec-5] c.d.g.services.TagService                : Ответ: Page 1 of 40 containing com.diplome.game_recommendation.models.GameEntity instances
2026-03-26T18:42:47.502+04:00  INFO 2240 --- [http-nio-8080-exec-8] c.d.g.controllers.GameController         : Фильтрация игр search=p
2026-03-26T18:42:47.505+04:00  INFO 2240 --- [http-nio-8080-exec-8] c.d.g.services.TagService                : Фильтрация игр выполнена, page=0, pageSize=10
2026-03-26T18:42:47.654+04:00  INFO 2240 --- [http-nio-8080-exec-10] c.d.g.controllers.GameController         : Фильтрация игр search=po
2026-03-26T18:42:47.656+04:00  INFO 2240 --- [http-nio-8080-exec-10] c.d.g.services.TagService                : Фильтрация игр выполнена, page=0, pageSize=10
2026-03-26T18:42:47.811+04:00  INFO 2240 --- [http-nio-8080-exec-8] c.d.g.services.TagService                : Ответ: Page 1 of 1047 containing com.diplome.game_recommendation.models.GameEntity instances
2026-03-26T18:42:47.854+04:00  INFO 2240 --- [http-nio-8080-exec-10] c.d.g.services.TagService                : Ответ: Page 1 of 117 containing com.diplome.game_recommendation.models.GameEntity instances
2026-03-26T18:42:49.115+04:00  INFO 2240 --- [http-nio-8080-exec-9] c.d.g.controllers.GameController         : Фильтрация игр search=por
2026-03-26T18:42:49.126+04:00  INFO 2240 --- [http-nio-8080-exec-9] c.d.g.services.TagService                : Фильтрация игр выполнена, page=0, pageSize=10
2026-03-26T18:42:49.316+04:00  INFO 2240 --- [http-nio-8080-exec-9] c.d.g.services.TagService                : Ответ: Page 1 of 23 containing com.diplome.game_recommendation.models.GameEntity instances
2026-03-26T18:42:49.553+04:00  INFO 2240 --- [http-nio-8080-exec-3] c.d.g.controllers.GameController         : Фильтрация игр search=port
2026-03-26T18:42:49.558+04:00  INFO 2240 --- [http-nio-8080-exec-3] c.d.g.services.TagService                : Фильтрация игр выполнена, page=0, pageSize=10
2026-03-26T18:42:49.918+04:00  INFO 2240 --- [http-nio-8080-exec-3] c.d.g.services.TagService                : Ответ: Page 1 of 20 containing com.diplome.game_recommendation.models.GameEntity instances
2026-03-26T18:42:50.470+04:00  INFO 2240 --- [http-nio-8080-exec-1] c.d.g.controllers.GameController         : Фильтрация игр search=porta
2026-03-26T18:42:50.487+04:00  INFO 2240 --- [http-nio-8080-exec-1] c.d.g.services.TagService                : Фильтрация игр выполнена, page=0, pageSize=10
2026-03-26T18:42:50.722+04:00  INFO 2240 --- [http-nio-8080-exec-1] c.d.g.services.TagService                : Ответ: Page 1 of 3 containing com.diplome.game_recommendation.models.GameEntity instances
2026-03-26T18:42:50.740+04:00  INFO 2240 --- [http-nio-8080-exec-1] c.d.g.controllers.GameController         : Фильтрация игр search=portak
2026-03-26T18:42:50.772+04:00  INFO 2240 --- [http-nio-8080-exec-1] c.d.g.services.TagService                : Фильтрация игр выполнена, page=0, pageSize=10
2026-03-26T18:42:50.942+04:00  INFO 2240 --- [http-nio-8080-exec-1] c.d.g.services.TagService                : Ответ: Page 1 of 0 containing UNKNOWN instances
2026-03-26T18:42:52.354+04:00  INFO 2240 --- [http-nio-8080-exec-4] c.d.g.controllers.GameController         : Фильтрация игр search=porta
2026-03-26T18:42:52.356+04:00  INFO 2240 --- [http-nio-8080-exec-4] c.d.g.services.TagService                : Фильтрация игр выполнена, page=0, pageSize=10
2026-03-26T18:42:52.446+04:00  INFO 2240 --- [http-nio-8080-exec-4] c.d.g.services.TagService                : Ответ: Page 1 of 3 containing com.diplome.game_recommendation.models.GameEntity instances
2026-03-26T18:42:53.019+04:00  INFO 2240 --- [http-nio-8080-exec-7] c.d.g.controllers.GameController         : Фильтрация игр search=portal
2026-03-26T18:42:53.020+04:00  INFO 2240 --- [http-nio-8080-exec-7] c.d.g.services.TagService                : Фильтрация игр выполнена, page=0, pageSize=10
2026-03-26T18:42:53.124+04:00  INFO 2240 --- [http-nio-8080-exec-7] c.d.g.services.TagService                : Ответ: Page 1 of 2 containing com.diplome.game_recommendation.models.GameEntity instances
2026-03-26T18:42:53.688+04:00  INFO 2240 --- [http-nio-8080-exec-6] c.d.g.controllers.GameController         : Фильтрация игр search=porta
2026-03-26T18:42:53.690+04:00  INFO 2240 --- [http-nio-8080-exec-6] c.d.g.services.TagService                : Фильтрация игр выполнена, page=0, pageSize=10
2026-03-26T18:42:53.781+04:00  INFO 2240 --- [http-nio-8080-exec-6] c.d.g.services.TagService                : Ответ: Page 1 of 3 containing com.diplome.game_recommendation.models.GameEntity instances
2026-03-26T18:42:54.123+04:00  INFO 2240 --- [http-nio-8080-exec-5] c.d.g.controllers.GameController         : Фильтрация игр search=portal
2026-03-26T18:42:54.126+04:00  INFO 2240 --- [http-nio-8080-exec-5] c.d.g.services.TagService                : Фильтрация игр выполнена, page=0, pageSize=10
2026-03-26T18:42:54.248+04:00  INFO 2240 --- [http-nio-8080-exec-5] c.d.g.services.TagService                : Ответ: Page 1 of 2 containing com.diplome.game_recommendation.models.GameEntity instances
2026-03-26T18:42:54.656+04:00  INFO 2240 --- [http-nio-8080-exec-8] c.d.g.controllers.GameController         : Фильтрация игр search=porta
2026-03-26T18:42:54.659+04:00  INFO 2240 --- [http-nio-8080-exec-8] c.d.g.services.TagService                : Фильтрация игр выполнена, page=0, pageSize=10
2026-03-26T18:42:54.740+04:00  INFO 2240 --- [http-nio-8080-exec-8] c.d.g.services.TagService                : Ответ: Page 1 of 3 containing com.diplome.game_recommendation.models.GameEntity instances
2026-03-26T18:42:54.811+04:00  INFO 2240 --- [http-nio-8080-exec-10] c.d.g.controllers.GameController         : Фильтрация игр search=portak
2026-03-26T18:42:54.812+04:00  INFO 2240 --- [http-nio-8080-exec-10] c.d.g.services.TagService                : Фильтрация игр выполнена, page=0, pageSize=10
2026-03-26T18:42:54.883+04:00  INFO 2240 --- [http-nio-8080-exec-10] c.d.g.services.TagService                : Ответ: Page 1 of 0 containing UNKNOWN instances
2026-03-26T18:43:23.522+04:00  INFO 2240 --- [http-nio-8080-exec-1] c.d.g.controllers.GameController         : Фильтрация игр search=з
2026-03-26T18:43:23.524+04:00  INFO 2240 --- [http-nio-8080-exec-1] c.d.g.services.TagService                : Фильтрация игр выполнена, page=0, pageSize=10
2026-03-26T18:43:23.652+04:00  INFO 2240 --- [http-nio-8080-exec-1] c.d.g.services.TagService                : Ответ: Page 1 of 1 containing com.diplome.game_recommendation.models.GameEntity instances
2026-03-26T18:43:23.754+04:00  INFO 2240 --- [http-nio-8080-exec-4] c.d.g.controllers.GameController         : Фильтрация игр search=зщ
2026-03-26T18:43:23.755+04:00  INFO 2240 --- [http-nio-8080-exec-4] c.d.g.services.TagService                : Фильтрация игр выполнена, page=0, pageSize=10
2026-03-26T18:43:23.824+04:00  INFO 2240 --- [http-nio-8080-exec-4] c.d.g.services.TagService                : Ответ: Page 1 of 0 containing UNKNOWN instances
2026-03-26T18:43:24.121+04:00  INFO 2240 --- [http-nio-8080-exec-7] c.d.g.controllers.GameController         : Фильтрация игр search=зщк
2026-03-26T18:43:24.122+04:00  INFO 2240 --- [http-nio-8080-exec-7] c.d.g.services.TagService                : Фильтрация игр выполнена, page=0, pageSize=10
2026-03-26T18:43:24.209+04:00  INFO 2240 --- [http-nio-8080-exec-7] c.d.g.services.TagService                : Ответ: Page 1 of 0 containing UNKNOWN instances
2026-03-26T18:43:24.520+04:00  INFO 2240 --- [http-nio-8080-exec-6] c.d.g.controllers.GameController         : Фильтрация игр search=зщке
2026-03-26T18:43:24.524+04:00  INFO 2240 --- [http-nio-8080-exec-6] c.d.g.services.TagService                : Фильтрация игр выполнена, page=0, pageSize=10
2026-03-26T18:43:24.590+04:00  INFO 2240 --- [http-nio-8080-exec-6] c.d.g.services.TagService                : Ответ: Page 1 of 0 containing UNKNOWN instances
2026-03-26T18:43:24.677+04:00  INFO 2240 --- [http-nio-8080-exec-5] c.d.g.controllers.GameController         : Фильтрация игр search=зщк
2026-03-26T18:43:24.679+04:00  INFO 2240 --- [http-nio-8080-exec-5] c.d.g.services.TagService                : Фильтрация игр выполнена, page=0, pageSize=10
2026-03-26T18:43:24.757+04:00  INFO 2240 --- [http-nio-8080-exec-5] c.d.g.services.TagService                : Ответ: Page 1 of 0 containing UNKNOWN instances
2026-03-26T18:43:24.859+04:00  INFO 2240 --- [http-nio-8080-exec-8] c.d.g.controllers.GameController         : Фильтрация игр search=зщ
2026-03-26T18:43:24.861+04:00  INFO 2240 --- [http-nio-8080-exec-8] c.d.g.services.TagService                : Фильтрация игр выполнена, page=0, pageSize=10
2026-03-26T18:43:24.939+04:00  INFO 2240 --- [http-nio-8080-exec-8] c.d.g.services.TagService                : Ответ: Page 1 of 0 containing UNKNOWN instances
2026-03-26T18:43:25.007+04:00  INFO 2240 --- [http-nio-8080-exec-10] c.d.g.controllers.GameController         : Фильтрация игр search=з
2026-03-26T18:43:25.008+04:00  INFO 2240 --- [http-nio-8080-exec-10] c.d.g.services.TagService                : Фильтрация игр выполнена, page=0, pageSize=10
2026-03-26T18:43:25.074+04:00  INFO 2240 --- [http-nio-8080-exec-10] c.d.g.services.TagService                : Ответ: Page 1 of 1 containing com.diplome.game_recommendation.models.GameEntity instances
2026-03-26T18:43:25.821+04:00  INFO 2240 --- [http-nio-8080-exec-2] c.d.g.controllers.GameController         : Фильтрация игр search=o
2026-03-26T18:43:25.823+04:00  INFO 2240 --- [http-nio-8080-exec-2] c.d.g.services.TagService                : Фильтрация игр выполнена, page=0, pageSize=10
2026-03-26T18:43:25.918+04:00  INFO 2240 --- [http-nio-8080-exec-2] c.d.g.services.TagService                : Ответ: Page 1 of 2187 containing com.diplome.game_recommendation.models.GameEntity instances
2026-03-26T18:43:26.531+04:00  INFO 2240 --- [http-nio-8080-exec-9] c.d.g.controllers.GameController         : Фильтрация игр search=p
2026-03-26T18:43:26.533+04:00  INFO 2240 --- [http-nio-8080-exec-9] c.d.g.services.TagService                : Фильтрация игр выполнена, page=0, pageSize=10
2026-03-26T18:43:26.630+04:00  INFO 2240 --- [http-nio-8080-exec-9] c.d.g.services.TagService                : Ответ: Page 1 of 1047 containing com.diplome.game_recommendation.models.GameEntity instances
2026-03-26T18:43:26.847+04:00  INFO 2240 --- [http-nio-8080-exec-3] c.d.g.controllers.GameController         : Фильтрация игр search=po
2026-03-26T18:43:26.849+04:00  INFO 2240 --- [http-nio-8080-exec-3] c.d.g.services.TagService                : Фильтрация игр выполнена, page=0, pageSize=10
2026-03-26T18:43:26.919+04:00  INFO 2240 --- [http-nio-8080-exec-3] c.d.g.services.TagService                : Ответ: Page 1 of 117 containing com.diplome.game_recommendation.models.GameEntity instances
2026-03-26T18:43:27.450+04:00  INFO 2240 --- [http-nio-8080-exec-1] c.d.g.controllers.GameController         : Фильтрация игр search=por
2026-03-26T18:43:27.452+04:00  INFO 2240 --- [http-nio-8080-exec-1] c.d.g.services.TagService                : Фильтрация игр выполнена, page=0, pageSize=10
2026-03-26T18:43:27.565+04:00  INFO 2240 --- [http-nio-8080-exec-1] c.d.g.services.TagService                : Ответ: Page 1 of 23 containing com.diplome.game_recommendation.models.GameEntity instances
2026-03-26T18:43:27.721+04:00  INFO 2240 --- [http-nio-8080-exec-4] c.d.g.controllers.GameController         : Фильтрация игр search=port
2026-03-26T18:43:27.723+04:00  INFO 2240 --- [http-nio-8080-exec-4] c.d.g.services.TagService                : Фильтрация игр выполнена, page=0, pageSize=10
2026-03-26T18:43:27.840+04:00  INFO 2240 --- [http-nio-8080-exec-4] c.d.g.services.TagService                : Ответ: Page 1 of 20 containing com.diplome.game_recommendation.models.GameEntity instances
2026-03-26T18:44:14.333+04:00  INFO 2240 --- [http-nio-8080-exec-6] c.d.g.controllers.GameController         : Фильтрация игр search=portf
2026-03-26T18:44:14.333+04:00  INFO 2240 --- [http-nio-8080-exec-6] c.d.g.services.TagService                : Фильтрация игр выполнена, page=0, pageSize=10
2026-03-26T18:44:14.400+04:00  INFO 2240 --- [http-nio-8080-exec-6] c.d.g.services.TagService                : Ответ: Page 1 of 1 containing com.diplome.game_recommendation.models.GameEntity instances
2026-03-26T18:44:14.533+04:00  INFO 2240 --- [http-nio-8080-exec-5] c.d.g.controllers.GameController         : Фильтрация игр search=portfa
2026-03-26T18:44:14.533+04:00  INFO 2240 --- [http-nio-8080-exec-5] c.d.g.services.TagService                : Фильтрация игр выполнена, page=0, pageSize=10
2026-03-26T18:44:14.619+04:00  INFO 2240 --- [http-nio-8080-exec-5] c.d.g.services.TagService                : Ответ: Page 1 of 0 containing UNKNOWN instances
2026-03-26T18:44:16.293+04:00  INFO 2240 --- [http-nio-8080-exec-8] c.d.g.controllers.GameController         : Фильтрация игр search=portf
2026-03-26T18:44:16.293+04:00  INFO 2240 --- [http-nio-8080-exec-8] c.d.g.services.TagService                : Фильтрация игр выполнена, page=0, pageSize=10
2026-03-26T18:44:16.398+04:00  INFO 2240 --- [http-nio-8080-exec-8] c.d.g.services.TagService                : Ответ: Page 1 of 1 containing com.diplome.game_recommendation.models.GameEntity instances
2026-03-26T18:44:17.981+04:00  INFO 2240 --- [http-nio-8080-exec-10] c.d.g.controllers.GameController         : Фильтрация игр search=port
2026-03-26T18:44:17.981+04:00  INFO 2240 --- [http-nio-8080-exec-10] c.d.g.services.TagService                : Фильтрация игр выполнена, page=0, pageSize=10
2026-03-26T18:44:18.114+04:00  INFO 2240 --- [http-nio-8080-exec-10] c.d.g.services.TagService                : Ответ: Page 1 of 20 containing com.diplome.game_recommendation.models.GameEntity instances
2026-03-26T18:44:18.259+04:00  INFO 2240 --- [http-nio-8080-exec-2] c.d.g.controllers.GameController         : Фильтрация игр search=porta
2026-03-26T18:44:18.259+04:00  INFO 2240 --- [http-nio-8080-exec-2] c.d.g.services.TagService                : Фильтрация игр выполнена, page=0, pageSize=10
2026-03-26T18:44:18.347+04:00  INFO 2240 --- [http-nio-8080-exec-2] c.d.g.services.TagService                : Ответ: Page 1 of 3 containing com.diplome.game_recommendation.models.GameEntity instances
2026-03-26T18:44:19.079+04:00  INFO 2240 --- [http-nio-8080-exec-9] c.d.g.controllers.GameController         : Фильтрация игр search=portaf
2026-03-26T18:44:19.079+04:00  INFO 2240 --- [http-nio-8080-exec-9] c.d.g.services.TagService                : Фильтрация игр выполнена, page=0, pageSize=10
2026-03-26T18:44:19.160+04:00  INFO 2240 --- [http-nio-8080-exec-9] c.d.g.services.TagService                : Ответ: Page 1 of 0 containing UNKNOWN instances
2026-03-26T18:45:36.509+04:00  INFO 2240 --- [http-nio-8080-exec-1] c.d.g.controllers.GameController         : Популярные игры
2026-03-26T18:45:36.513+04:00  INFO 2240 --- [http-nio-8080-exec-4] c.d.g.controllers.TagController          : Получение тегов
2026-03-26T18:45:36.519+04:00  INFO 2240 --- [http-nio-8080-exec-4] c.d.g.services.TagService                : Получение тегов: 0, 5
2026-03-26T18:45:36.546+04:00  INFO 2240 --- [http-nio-8080-exec-4] c.d.g.services.TagService                : Ответ: Page 1 of 68 containing com.diplome.game_recommendation.models.TagEntity instances
2026-03-26T18:45:36.578+04:00  INFO 2240 --- [http-nio-8080-exec-7] c.d.g.controllers.GameController         : Игры по тегу tagId=3
2026-03-26T18:45:36.583+04:00  INFO 2240 --- [http-nio-8080-exec-5] c.d.g.controllers.GameController         : Игры по тегу tagId=7
2026-03-26T18:45:36.587+04:00  INFO 2240 --- [http-nio-8080-exec-1] c.d.g.controllers.GameController         : Игры по тегу tagId=10
2026-03-26T18:45:36.593+04:00  INFO 2240 --- [http-nio-8080-exec-1] c.d.g.services.TagService                : Получение игр по тегу: 0, 5
2026-03-26T18:45:36.584+04:00  INFO 2240 --- [http-nio-8080-exec-8] c.d.g.controllers.GameController         : Игры по тегу tagId=9
2026-03-26T18:45:36.584+04:00  INFO 2240 --- [http-nio-8080-exec-6] c.d.g.controllers.GameController         : Игры по тегу tagId=44
2026-03-26T18:45:36.589+04:00  INFO 2240 --- [http-nio-8080-exec-7] c.d.g.services.TagService                : Получение игр по тегу: 0, 5
2026-03-26T18:45:36.589+04:00  INFO 2240 --- [http-nio-8080-exec-5] c.d.g.services.TagService                : Получение игр по тегу: 0, 5
2026-03-26T18:45:36.598+04:00  INFO 2240 --- [http-nio-8080-exec-8] c.d.g.services.TagService                : Получение игр по тегу: 0, 5
2026-03-26T18:45:36.603+04:00  INFO 2240 --- [http-nio-8080-exec-6] c.d.g.services.TagService                : Получение игр по тегу: 0, 5
2026-03-26T18:45:36.627+04:00  INFO 2240 --- [http-nio-8080-exec-1] c.d.g.services.TagService                : Ответ: Page 1 of 40 containing com.diplome.game_recommendation.models.GameEntity instances
2026-03-26T18:45:36.685+04:00  INFO 2240 --- [http-nio-8080-exec-5] c.d.g.services.TagService                : Ответ: Page 1 of 40 containing com.diplome.game_recommendation.models.GameEntity instances
2026-03-26T18:45:36.715+04:00  INFO 2240 --- [http-nio-8080-exec-7] c.d.g.services.TagService                : Ответ: Page 1 of 40 containing com.diplome.game_recommendation.models.GameEntity instances
2026-03-26T18:45:36.733+04:00  INFO 2240 --- [http-nio-8080-exec-8] c.d.g.services.TagService                : Ответ: Page 1 of 40 containing com.diplome.game_recommendation.models.GameEntity instances
2026-03-26T18:45:36.737+04:00  INFO 2240 --- [http-nio-8080-exec-6] c.d.g.services.TagService                : Ответ: Page 1 of 40 containing com.diplome.game_recommendation.models.GameEntity instances
2026-03-26T18:50:52.715+04:00  INFO 2240 --- [http-nio-8080-exec-5] c.d.g.controllers.GameController         : Популярные игры
2026-03-26T18:50:52.703+04:00  INFO 2240 --- [http-nio-8080-exec-8] c.d.g.controllers.TagController          : Получение тегов
2026-03-26T18:50:52.704+04:00  INFO 2240 --- [http-nio-8080-exec-7] c.d.g.controllers.TagController          : Получение тегов
2026-03-26T18:50:52.745+04:00  INFO 2240 --- [http-nio-8080-exec-7] c.d.g.services.TagService                : Получение тегов: 0, 5
2026-03-26T18:50:52.746+04:00  INFO 2240 --- [http-nio-8080-exec-8] c.d.g.services.TagService                : Получение тегов: 0, 40
2026-03-26T18:50:52.805+04:00  INFO 2240 --- [http-nio-8080-exec-7] c.d.g.services.TagService                : Ответ: Page 1 of 68 containing com.diplome.game_recommendation.models.TagEntity instances
2026-03-26T18:50:52.804+04:00  INFO 2240 --- [http-nio-8080-exec-8] c.d.g.services.TagService                : Ответ: Page 1 of 9 containing com.diplome.game_recommendation.models.TagEntity instances
2026-03-26T18:50:52.884+04:00  INFO 2240 --- [http-nio-8080-exec-9] c.d.g.controllers.GameController         : Игры по тегу tagId=7
2026-03-26T18:50:52.880+04:00  INFO 2240 --- [http-nio-8080-exec-6] c.d.g.controllers.GameController         : Игры по тегу tagId=3
2026-03-26T18:50:52.911+04:00  INFO 2240 --- [http-nio-8080-exec-6] c.d.g.services.TagService                : Получение игр по тегу: 0, 5
2026-03-26T18:50:52.886+04:00  INFO 2240 --- [http-nio-8080-exec-2] c.d.g.controllers.GameController         : Игры по тегу tagId=44
2026-03-26T18:50:52.897+04:00  INFO 2240 --- [http-nio-8080-exec-3] c.d.g.controllers.GameController         : Игры по тегу tagId=10
2026-03-26T18:50:52.897+04:00  INFO 2240 --- [http-nio-8080-exec-1] c.d.g.controllers.GameController         : Игры по тегу tagId=9
2026-03-26T18:50:52.905+04:00  INFO 2240 --- [http-nio-8080-exec-9] c.d.g.services.TagService                : Получение игр по тегу: 0, 5
2026-03-26T18:50:52.917+04:00  INFO 2240 --- [http-nio-8080-exec-2] c.d.g.services.TagService                : Получение игр по тегу: 0, 5
2026-03-26T18:50:52.922+04:00  INFO 2240 --- [http-nio-8080-exec-3] c.d.g.services.TagService                : Получение игр по тегу: 0, 5
2026-03-26T18:50:52.972+04:00  INFO 2240 --- [http-nio-8080-exec-6] c.d.g.services.TagService                : Ответ: Page 1 of 40 containing com.diplome.game_recommendation.models.GameEntity instances
2026-03-26T18:50:52.966+04:00  INFO 2240 --- [http-nio-8080-exec-1] c.d.g.services.TagService                : Получение игр по тегу: 0, 5
2026-03-26T18:50:53.071+04:00  INFO 2240 --- [http-nio-8080-exec-9] c.d.g.services.TagService                : Ответ: Page 1 of 40 containing com.diplome.game_recommendation.models.GameEntity instances
2026-03-26T18:50:53.092+04:00  INFO 2240 --- [http-nio-8080-exec-3] c.d.g.services.TagService                : Ответ: Page 1 of 40 containing com.diplome.game_recommendation.models.GameEntity instances
2026-03-26T18:50:53.100+04:00  INFO 2240 --- [http-nio-8080-exec-1] c.d.g.services.TagService                : Ответ: Page 1 of 40 containing com.diplome.game_recommendation.models.GameEntity instances
2026-03-26T18:50:53.130+04:00  INFO 2240 --- [http-nio-8080-exec-2] c.d.g.services.TagService                : Ответ: Page 1 of 40 containing com.diplome.game_recommendation.models.GameEntity instances
2026-03-26T18:51:03.218+04:00  INFO 2240 --- [http-nio-8080-exec-4] c.d.g.controllers.TagController          : Получение тегов
2026-03-26T18:51:03.218+04:00  INFO 2240 --- [http-nio-8080-exec-4] c.d.g.services.TagService                : Получение тегов: 0, 5
2026-03-26T18:51:03.234+04:00  INFO 2240 --- [http-nio-8080-exec-8] c.d.g.controllers.TagController          : Получение тегов
2026-03-26T18:51:03.241+04:00  INFO 2240 --- [http-nio-8080-exec-8] c.d.g.services.TagService                : Получение тегов: 0, 40
2026-03-26T18:51:03.246+04:00  INFO 2240 --- [http-nio-8080-exec-4] c.d.g.services.TagService                : Ответ: Page 1 of 68 containing com.diplome.game_recommendation.models.TagEntity instances
2026-03-26T18:51:03.256+04:00  INFO 2240 --- [http-nio-8080-exec-10] c.d.g.controllers.GameController         : Популярные игры
2026-03-26T18:51:03.258+04:00  INFO 2240 --- [http-nio-8080-exec-8] c.d.g.services.TagService                : Ответ: Page 1 of 9 containing com.diplome.game_recommendation.models.TagEntity instances
2026-03-26T18:51:03.275+04:00  INFO 2240 --- [http-nio-8080-exec-5] c.d.g.controllers.GameController         : Игры по тегу tagId=3
2026-03-26T18:51:03.318+04:00  INFO 2240 --- [http-nio-8080-exec-5] c.d.g.services.TagService                : Получение игр по тегу: 0, 5
2026-03-26T18:51:03.281+04:00  INFO 2240 --- [http-nio-8080-exec-7] c.d.g.controllers.GameController         : Игры по тегу tagId=44
2026-03-26T18:51:03.297+04:00  INFO 2240 --- [http-nio-8080-exec-6] c.d.g.controllers.GameController         : Игры по тегу tagId=7
2026-03-26T18:51:03.297+04:00  INFO 2240 --- [http-nio-8080-exec-9] c.d.g.controllers.GameController         : Игры по тегу tagId=9
2026-03-26T18:51:03.335+04:00  INFO 2240 --- [http-nio-8080-exec-3] c.d.g.controllers.GameController         : Игры по тегу tagId=10
2026-03-26T18:51:03.355+04:00  INFO 2240 --- [http-nio-8080-exec-7] c.d.g.services.TagService                : Получение игр по тегу: 0, 5
2026-03-26T18:51:03.360+04:00  INFO 2240 --- [http-nio-8080-exec-6] c.d.g.services.TagService                : Получение игр по тегу: 0, 5
2026-03-26T18:51:03.360+04:00  INFO 2240 --- [http-nio-8080-exec-5] c.d.g.services.TagService                : Ответ: Page 1 of 40 containing com.diplome.game_recommendation.models.GameEntity instances
2026-03-26T18:51:03.360+04:00  INFO 2240 --- [http-nio-8080-exec-9] c.d.g.services.TagService                : Получение игр по тегу: 0, 5
2026-03-26T18:51:03.439+04:00  INFO 2240 --- [http-nio-8080-exec-7] c.d.g.services.TagService                : Ответ: Page 1 of 40 containing com.diplome.game_recommendation.models.GameEntity instances
2026-03-26T18:51:03.360+04:00  INFO 2240 --- [http-nio-8080-exec-3] c.d.g.services.TagService                : Получение игр по тегу: 0, 5
2026-03-26T18:51:03.454+04:00  INFO 2240 --- [http-nio-8080-exec-6] c.d.g.services.TagService                : Ответ: Page 1 of 40 containing com.diplome.game_recommendation.models.GameEntity instances
2026-03-26T18:51:03.464+04:00  INFO 2240 --- [http-nio-8080-exec-9] c.d.g.services.TagService                : Ответ: Page 1 of 40 containing com.diplome.game_recommendation.models.GameEntity instances
2026-03-26T18:51:03.482+04:00  INFO 2240 --- [http-nio-8080-exec-3] c.d.g.services.TagService                : Ответ: Page 1 of 40 containing com.diplome.game_recommendation.models.GameEntity instances
